source,year,file,column,dtype,rows,blank_or_null,blank_or_null_percent,distinct_values
CNES/ST,2015,STRS1512.dbc,CNES,object,22566,0,0.0,22566
CNES/ST,2015,STRS1512.dbc,CODUFMUN,object,22566,0,0.0,497
CNES/ST,2015,STRS1512.dbc,COD_CEP,object,22566,0,0.0,2940
CNES/ST,2015,STRS1512.dbc,CPF_CNPJ,object,22566,0,0.0,17751
CNES/ST,2015,STRS1512.dbc,PF_PJ,object,22566,0,0.0,2
CNES/ST,2015,STRS1512.dbc,NIV_DEP,object,22566,0,0.0,2
CNES/ST,2015,STRS1512.dbc,CNPJ_MAN,object,22566,0,0.0,628
CNES/ST,2015,STRS1512.dbc,COD_IR,object,22566,22566,100.0,0
CNES/ST,2015,STRS1512.dbc,REGSAUDE,object,22566,7082,31.38,176
CNES/ST,2015,STRS1512.dbc,MICR_REG,object,22566,22119,98.02,89
CNES/ST,2015,STRS1512.dbc,DISTRSAN,object,22566,21948,97.26,72
CNES/ST,2015,STRS1512.dbc,DISTRADM,object,22566,22505,99.73,15
CNES/ST,2015,STRS1512.dbc,VINC_SUS,object,22566,0,0.0,2
CNES/ST,2015,STRS1512.dbc,TPGESTAO,object,22566,0,0.0,3
CNES/ST,2015,STRS1512.dbc,ESFERA_A,object,22566,22566,100.0,0
CNES/ST,2015,STRS1512.dbc,RETENCAO,object,22566,22566,100.0,0
CNES/ST,2015,STRS1512.dbc,ATIVIDAD,object,22566,0,0.0,5
CNES/ST,2015,STRS1512.dbc,NATUREZA,object,22566,22566,100.0,0
CNES/ST,2015,STRS1512.dbc,CLIENTEL,object,22566,547,2.42,3
CNES/ST,2015,STRS1512.dbc,TP_UNID,object,22566,0,0.0,34
CNES/ST,2015,STRS1512.dbc,TURNO_AT,object,22566,13,0.06,7
CNES/ST,2015,STRS1512.dbc,NIV_HIER,object,22566,22566,100.0,0
CNES/ST,2015,STRS1512.dbc,TP_PREST,object,22566,0,0.0,1
CNES/ST,2015,STRS1512.dbc,CO_BANCO,object,22566,19820,87.83,55
CNES/ST,2015,STRS1512.dbc,CO_AGENC,object,22566,19820,87.83,542
CNES/ST,2015,STRS1512.dbc,C_CORREN,object,22566,19820,87.83,2538
CNES/ST,2015,STRS1512.dbc,CONTRATM,object,22566,22566,100.0,0
CNES/ST,2015,STRS1512.dbc,DT_PUBLM,object,22566,22566,100.0,0
CNES/ST,2015,STRS1512.dbc,CONTRATE,object,22566,22566,100.0,0
CNES/ST,2015,STRS1512.dbc,DT_PUBLE,object,22566,22566,100.0,0
CNES/ST,2015,STRS1512.dbc,ALVARA,object,22566,5901,26.15,14314
CNES/ST,2015,STRS1512.dbc,DT_EXPED,object,22566,6008,26.62,4440
CNES/ST,2015,STRS1512.dbc,ORGEXPED,object,22566,5715,25.33,2
CNES/ST,2015,STRS1512.dbc,AV_ACRED,object,22566,22566,100.0,0
CNES/ST,2015,STRS1512.dbc,CLASAVAL,object,22566,22566,100.0,0
CNES/ST,2015,STRS1512.dbc,DT_ACRED,object,22566,22566,100.0,0
CNES/ST,2015,STRS1512.dbc,AV_PNASS,object,22566,22566,100.0,0
CNES/ST,2015,STRS1512.dbc,DT_PNASS,object,22566,22566,100.0,0
CNES/ST,2015,STRS1512.dbc,GESPRG1E,object,22566,0,0.0,2
CNES/ST,2015,STRS1512.dbc,GESPRG1M,object,22566,0,0.0,2
CNES/ST,2015,STRS1512.dbc,GESPRG2E,object,22566,0,0.0,2
CNES/ST,2015,STRS1512.dbc,GESPRG2M,object,22566,0,0.0,2
CNES/ST,2015,STRS1512.dbc,GESPRG4E,object,22566,0,0.0,2
CNES/ST,2015,STRS1512.dbc,GESPRG4M,object,22566,0,0.0,2
CNES/ST,2015,STRS1512.dbc,NIVATE_A,object,22566,0,0.0,2
CNES/ST,2015,STRS1512.dbc,GESPRG3E,object,22566,0,0.0,2
CNES/ST,2015,STRS1512.dbc,GESPRG3M,object,22566,0,0.0,2
CNES/ST,2015,STRS1512.dbc,GESPRG5E,object,22566,0,0.0,2
CNES/ST,2015,STRS1512.dbc,GESPRG5M,object,22566,0,0.0,2
CNES/ST,2015,STRS1512.dbc,GESPRG6E,object,22566,0,0.0,2
CNES/ST,2015,STRS1512.dbc,GESPRG6M,object,22566,0,0.0,2
CNES/ST,2015,STRS1512.dbc,NIVATE_H,object,22566,0,0.0,2
CNES/ST,2015,STRS1512.dbc,QTLEITP1,int64,22566,0,0.0,76
CNES/ST,2015,STRS1512.dbc,QTLEITP2,int64,22566,0,0.0,92
CNES/ST,2015,STRS1512.dbc,QTLEITP3,int64,22566,0,0.0,55
CNES/ST,2015,STRS1512.dbc,LEITHOSP,object,22566,0,0.0,2
CNES/ST,2015,STRS1512.dbc,QTINST01,int64,22566,0,0.0,8
CNES/ST,2015,STRS1512.dbc,QTINST02,int64,22566,0,0.0,3
CNES/ST,2015,STRS1512.dbc,QTINST03,int64,22566,0,0.0,3
CNES/ST,2015,STRS1512.dbc,QTINST04,int64,22566,0,0.0,12
CNES/ST,2015,STRS1512.dbc,QTINST05,int64,22566,0,0.0,5
CNES/ST,2015,STRS1512.dbc,QTINST06,int64,22566,0,0.0,4
CNES/ST,2015,STRS1512.dbc,QTINST07,int64,22566,0,0.0,4
CNES/ST,2015,STRS1512.dbc,QTINST08,int64,22566,0,0.0,9
CNES/ST,2015,STRS1512.dbc,QTINST09,int64,22566,0,0.0,8
CNES/ST,2015,STRS1512.dbc,QTINST10,int64,22566,0,0.0,5
CNES/ST,2015,STRS1512.dbc,QTINST11,int64,22566,0,0.0,7
CNES/ST,2015,STRS1512.dbc,QTINST12,int64,22566,0,0.0,5
CNES/ST,2015,STRS1512.dbc,QTINST13,int64,22566,0,0.0,4
CNES/ST,2015,STRS1512.dbc,QTINST14,int64,22566,0,0.0,14
CNES/ST,2015,STRS1512.dbc,URGEMERG,object,22566,0,0.0,2
CNES/ST,2015,STRS1512.dbc,QTINST15,int64,22566,0,0.0,26
CNES/ST,2015,STRS1512.dbc,QTINST16,int64,22566,0,0.0,34
CNES/ST,2015,STRS1512.dbc,QTINST17,int64,22566,0,0.0,25
CNES/ST,2015,STRS1512.dbc,QTINST18,int64,22566,0,0.0,23
CNES/ST,2015,STRS1512.dbc,QTINST19,int64,22566,0,0.0,7
CNES/ST,2015,STRS1512.dbc,QTINST20,int64,22566,0,0.0,7
CNES/ST,2015,STRS1512.dbc,QTINST21,int64,22566,0,0.0,5
CNES/ST,2015,STRS1512.dbc,QTINST22,int64,22566,0,0.0,13
CNES/ST,2015,STRS1512.dbc,QTINST23,int64,22566,0,0.0,17
CNES/ST,2015,STRS1512.dbc,QTINST24,int64,22566,0,0.0,7
CNES/ST,2015,STRS1512.dbc,QTINST25,int64,22566,0,0.0,10
CNES/ST,2015,STRS1512.dbc,QTINST26,int64,22566,0,0.0,6
CNES/ST,2015,STRS1512.dbc,QTINST27,int64,22566,0,0.0,7
CNES/ST,2015,STRS1512.dbc,QTINST28,int64,22566,0,0.0,8
CNES/ST,2015,STRS1512.dbc,QTINST29,int64,22566,0,0.0,6
CNES/ST,2015,STRS1512.dbc,QTINST30,int64,22566,0,0.0,9
CNES/ST,2015,STRS1512.dbc,ATENDAMB,object,22566,0,0.0,2
CNES/ST,2015,STRS1512.dbc,QTINST31,int64,22566,0,0.0,17
CNES/ST,2015,STRS1512.dbc,QTINST32,int64,22566,0,0.0,8
CNES/ST,2015,STRS1512.dbc,QTINST33,int64,22566,0,0.0,8
CNES/ST,2015,STRS1512.dbc,CENTRCIR,object,22566,0,0.0,2
CNES/ST,2015,STRS1512.dbc,QTINST34,int64,22566,0,0.0,8
CNES/ST,2015,STRS1512.dbc,QTINST35,int64,22566,0,0.0,4
CNES/ST,2015,STRS1512.dbc,QTINST36,int64,22566,0,0.0,3
CNES/ST,2015,STRS1512.dbc,QTINST37,int64,22566,0,0.0,5
CNES/ST,2015,STRS1512.dbc,CENTROBS,object,22566,0,0.0,2
CNES/ST,2015,STRS1512.dbc,QTLEIT05,int64,22566,0,0.0,16
CNES/ST,2015,STRS1512.dbc,QTLEIT06,int64,22566,0,0.0,10
CNES/ST,2015,STRS1512.dbc,QTLEIT07,int64,22566,0,0.0,11
CNES/ST,2015,STRS1512.dbc,QTLEIT08,int64,22566,0,0.0,27
CNES/ST,2015,STRS1512.dbc,QTLEIT09,int64,22566,0,0.0,7
CNES/ST,2015,STRS1512.dbc,QTLEIT19,int64,22566,0,0.0,11
CNES/ST,2015,STRS1512.dbc,QTLEIT20,int64,22566,0,0.0,12
CNES/ST,2015,STRS1512.dbc,QTLEIT21,int64,22566,0,0.0,9
CNES/ST,2015,STRS1512.dbc,QTLEIT22,int64,22566,0,0.0,17
CNES/ST,2015,STRS1512.dbc,QTLEIT23,int64,22566,0,0.0,6
CNES/ST,2015,STRS1512.dbc,QTLEIT32,int64,22566,0,0.0,29
CNES/ST,2015,STRS1512.dbc,QTLEIT34,int64,22566,0,0.0,14
CNES/ST,2015,STRS1512.dbc,QTLEIT38,int64,22566,0,0.0,16
CNES/ST,2015,STRS1512.dbc,QTLEIT39,int64,22566,0,0.0,16
CNES/ST,2015,STRS1512.dbc,QTLEIT40,int64,22566,0,0.0,37
CNES/ST,2015,STRS1512.dbc,CENTRNEO,object,22566,0,0.0,2
CNES/ST,2015,STRS1512.dbc,ATENDHOS,object,22566,0,0.0,2
CNES/ST,2015,STRS1512.dbc,SERAP01P,object,22566,0,0.0,2
CNES/ST,2015,STRS1512.dbc,SERAP01T,object,22566,0,0.0,2
CNES/ST,2015,STRS1512.dbc,SERAP02P,object,22566,0,0.0,2
CNES/ST,2015,STRS1512.dbc,SERAP02T,object,22566,0,0.0,2
CNES/ST,2015,STRS1512.dbc,SERAP03P,object,22566,0,0.0,2
CNES/ST,2015,STRS1512.dbc,SERAP03T,object,22566,0,0.0,2
CNES/ST,2015,STRS1512.dbc,SERAP04P,object,22566,0,0.0,2
CNES/ST,2015,STRS1512.dbc,SERAP04T,object,22566,0,0.0,2
CNES/ST,2015,STRS1512.dbc,SERAP05P,object,22566,0,0.0,2
CNES/ST,2015,STRS1512.dbc,SERAP05T,object,22566,0,0.0,2
CNES/ST,2015,STRS1512.dbc,SERAP06P,object,22566,0,0.0,2
CNES/ST,2015,STRS1512.dbc,SERAP06T,object,22566,0,0.0,2
CNES/ST,2015,STRS1512.dbc,SERAP07P,object,22566,0,0.0,2
CNES/ST,2015,STRS1512.dbc,SERAP07T,object,22566,0,0.0,2
CNES/ST,2015,STRS1512.dbc,SERAP08P,object,22566,0,0.0,2
CNES/ST,2015,STRS1512.dbc,SERAP08T,object,22566,0,0.0,2
CNES/ST,2015,STRS1512.dbc,SERAP09P,object,22566,0,0.0,2
CNES/ST,2015,STRS1512.dbc,SERAP09T,object,22566,0,0.0,2
CNES/ST,2015,STRS1512.dbc,SERAP10P,object,22566,0,0.0,2
CNES/ST,2015,STRS1512.dbc,SERAP10T,object,22566,0,0.0,2
CNES/ST,2015,STRS1512.dbc,SERAP11P,object,22566,0,0.0,2
CNES/ST,2015,STRS1512.dbc,SERAP11T,object,22566,0,0.0,2
CNES/ST,2015,STRS1512.dbc,SERAPOIO,object,22566,0,0.0,2
CNES/ST,2015,STRS1512.dbc,RES_BIOL,object,22566,0,0.0,2
CNES/ST,2015,STRS1512.dbc,RES_QUIM,object,22566,0,0.0,2
CNES/ST,2015,STRS1512.dbc,RES_RADI,object,22566,0,0.0,2
CNES/ST,2015,STRS1512.dbc,RES_COMU,object,22566,0,0.0,2
CNES/ST,2015,STRS1512.dbc,COLETRES,object,22566,0,0.0,2
CNES/ST,2015,STRS1512.dbc,COMISS01,object,22566,0,0.0,2
CNES/ST,2015,STRS1512.dbc,COMISS02,object,22566,0,0.0,2
CNES/ST,2015,STRS1512.dbc,COMISS03,object,22566,0,0.0,2
CNES/ST,2015,STRS1512.dbc,COMISS04,object,22566,0,0.0,2
CNES/ST,2015,STRS1512.dbc,COMISS05,object,22566,0,0.0,2
CNES/ST,2015,STRS1512.dbc,COMISS06,object,22566,0,0.0,2
CNES/ST,2015,STRS1512.dbc,COMISS07,object,22566,0,0.0,2
CNES/ST,2015,STRS1512.dbc,COMISS08,object,22566,0,0.0,2
CNES/ST,2015,STRS1512.dbc,COMISS09,object,22566,0,0.0,2
CNES/ST,2015,STRS1512.dbc,COMISS10,object,22566,0,0.0,2
CNES/ST,2015,STRS1512.dbc,COMISS11,object,22566,0,0.0,2
CNES/ST,2015,STRS1512.dbc,COMISS12,object,22566,0,0.0,2
CNES/ST,2015,STRS1512.dbc,COMISSAO,object,22566,0,0.0,2
CNES/ST,2015,STRS1512.dbc,AP01CV01,object,22566,0,0.0,2
CNES/ST,2015,STRS1512.dbc,AP01CV02,object,22566,0,0.0,2
CNES/ST,2015,STRS1512.dbc,AP01CV05,object,22566,0,0.0,2
CNES/ST,2015,STRS1512.dbc,AP01CV06,object,22566,0,0.0,2
CNES/ST,2015,STRS1512.dbc,AP01CV03,object,22566,0,0.0,1
CNES/ST,2015,STRS1512.dbc,AP01CV04,object,22566,0,0.0,1
CNES/ST,2015,STRS1512.dbc,AP02CV01,object,22566,0,0.0,2
CNES/ST,2015,STRS1512.dbc,AP02CV02,object,22566,0,0.0,2
CNES/ST,2015,STRS1512.dbc,AP02CV05,object,22566,0,0.0,2
CNES/ST,2015,STRS1512.dbc,AP02CV06,object,22566,0,0.0,2
CNES/ST,2015,STRS1512.dbc,AP02CV03,object,22566,0,0.0,1
CNES/ST,2015,STRS1512.dbc,AP02CV04,object,22566,0,0.0,1
CNES/ST,2015,STRS1512.dbc,AP03CV01,object,22566,0,0.0,2
CNES/ST,2015,STRS1512.dbc,AP03CV02,object,22566,0,0.0,2
CNES/ST,2015,STRS1512.dbc,AP03CV05,object,22566,0,0.0,2
CNES/ST,2015,STRS1512.dbc,AP03CV06,object,22566,0,0.0,2
CNES/ST,2015,STRS1512.dbc,AP03CV03,object,22566,0,0.0,1
CNES/ST,2015,STRS1512.dbc,AP03CV04,object,22566,0,0.0,1
CNES/ST,2015,STRS1512.dbc,AP04CV01,object,22566,0,0.0,2
CNES/ST,2015,STRS1512.dbc,AP04CV02,object,22566,0,0.0,2
CNES/ST,2015,STRS1512.dbc,AP04CV05,object,22566,0,0.0,2
CNES/ST,2015,STRS1512.dbc,AP04CV06,object,22566,0,0.0,2
CNES/ST,2015,STRS1512.dbc,AP04CV03,object,22566,0,0.0,1
CNES/ST,2015,STRS1512.dbc,AP04CV04,object,22566,0,0.0,1
CNES/ST,2015,STRS1512.dbc,AP05CV01,object,22566,0,0.0,2
CNES/ST,2015,STRS1512.dbc,AP05CV02,object,22566,0,0.0,2
CNES/ST,2015,STRS1512.dbc,AP05CV05,object,22566,0,0.0,2
CNES/ST,2015,STRS1512.dbc,AP05CV06,object,22566,0,0.0,2
CNES/ST,2015,STRS1512.dbc,AP05CV03,object,22566,0,0.0,1
CNES/ST,2015,STRS1512.dbc,AP05CV04,object,22566,0,0.0,1
CNES/ST,2015,STRS1512.dbc,AP06CV01,object,22566,0,0.0,2
CNES/ST,2015,STRS1512.dbc,AP06CV02,object,22566,0,0.0,2
CNES/ST,2015,STRS1512.dbc,AP06CV05,object,22566,0,0.0,2
CNES/ST,2015,STRS1512.dbc,AP06CV06,object,22566,0,0.0,2
CNES/ST,2015,STRS1512.dbc,AP06CV03,object,22566,0,0.0,1
CNES/ST,2015,STRS1512.dbc,AP06CV04,object,22566,0,0.0,1
CNES/ST,2015,STRS1512.dbc,AP07CV01,object,22566,0,0.0,2
CNES/ST,2015,STRS1512.dbc,AP07CV02,object,22566,0,0.0,2
CNES/ST,2015,STRS1512.dbc,AP07CV05,object,22566,0,0.0,2
CNES/ST,2015,STRS1512.dbc,AP07CV06,object,22566,0,0.0,2
CNES/ST,2015,STRS1512.dbc,AP07CV03,object,22566,0,0.0,1
CNES/ST,2015,STRS1512.dbc,AP07CV04,object,22566,0,0.0,1
CNES/ST,2015,STRS1512.dbc,ATEND_PR,object,22566,0,0.0,1
CNES/ST,2015,STRS1512.dbc,DT_ATUAL,object,22566,0,0.0,131
CNES/ST,2015,STRS1512.dbc,COMPETEN,object,22566,0,0.0,1
CNES/ST,2015,STRS1512.dbc,NAT_JUR,object,22566,0,0.0,36
CNES/ST,2016,STRS1612.dbc,CNES,object,23354,0,0.0,23354
CNES/ST,2016,STRS1612.dbc,CODUFMUN,object,23354,0,0.0,497
CNES/ST,2016,STRS1612.dbc,COD_CEP,object,23354,0,0.0,3195
CNES/ST,2016,STRS1612.dbc,CPF_CNPJ,object,23354,0,0.0,18405
CNES/ST,2016,STRS1612.dbc,PF_PJ,object,23354,0,0.0,2
CNES/ST,2016,STRS1612.dbc,NIV_DEP,object,23354,0,0.0,2
CNES/ST,2016,STRS1612.dbc,CNPJ_MAN,object,23354,0,0.0,549
CNES/ST,2016,STRS1612.dbc,COD_IR,object,23354,23354,100.0,0
CNES/ST,2016,STRS1612.dbc,REGSAUDE,object,23354,7723,33.07,178
CNES/ST,2016,STRS1612.dbc,MICR_REG,object,23354,22603,96.78,93
CNES/ST,2016,STRS1612.dbc,DISTRSAN,object,23354,22962,98.32,49
CNES/ST,2016,STRS1612.dbc,DISTRADM,object,23354,23293,99.74,15
CNES/ST,2016,STRS1612.dbc,VINC_SUS,object,23354,0,0.0,2
CNES/ST,2016,STRS1612.dbc,TPGESTAO,object,23354,0,0.0,3
CNES/ST,2016,STRS1612.dbc,ESFERA_A,object,23354,23354,100.0,0
CNES/ST,2016,STRS1612.dbc,RETENCAO,object,23354,23354,100.0,0
CNES/ST,2016,STRS1612.dbc,ATIVIDAD,object,23354,0,0.0,5
CNES/ST,2016,STRS1612.dbc,NATUREZA,object,23354,23354,100.0,0
CNES/ST,2016,STRS1612.dbc,CLIENTEL,object,23354,544,2.33,3
CNES/ST,2016,STRS1612.dbc,TP_UNID,object,23354,0,0.0,36
CNES/ST,2016,STRS1612.dbc,TURNO_AT,object,23354,15,0.06,7
CNES/ST,2016,STRS1612.dbc,NIV_HIER,object,23354,23354,100.0,0
CNES/ST,2016,STRS1612.dbc,TP_PREST,object,23354,0,0.0,1
CNES/ST,2016,STRS1612.dbc,CO_BANCO,object,23354,20492,87.75,63
CNES/ST,2016,STRS1612.dbc,CO_AGENC,object,23354,20492,87.75,598
CNES/ST,2016,STRS1612.dbc,C_CORREN,object,23354,20492,87.75,2640
CNES/ST,2016,STRS1612.dbc,CONTRATM,object,23354,23354,100.0,0
CNES/ST,2016,STRS1612.dbc,DT_PUBLM,object,23354,23354,100.0,0
CNES/ST,2016,STRS1612.dbc,CONTRATE,object,23354,23354,100.0,0
CNES/ST,2016,STRS1612.dbc,DT_PUBLE,object,23354,23354,100.0,0
CNES/ST,2016,STRS1612.dbc,ALVARA,object,23354,6143,26.3,14748
CNES/ST,2016,STRS1612.dbc,DT_EXPED,object,23354,6223,26.65,4676
CNES/ST,2016,STRS1612.dbc,ORGEXPED,object,23354,5910,25.31,2
CNES/ST,2016,STRS1612.dbc,AV_ACRED,object,23354,23354,100.0,0
CNES/ST,2016,STRS1612.dbc,CLASAVAL,object,23354,23354,100.0,0
CNES/ST,2016,STRS1612.dbc,DT_ACRED,object,23354,23354,100.0,0
CNES/ST,2016,STRS1612.dbc,AV_PNASS,object,23354,23354,100.0,0
CNES/ST,2016,STRS1612.dbc,DT_PNASS,object,23354,23354,100.0,0
CNES/ST,2016,STRS1612.dbc,GESPRG1E,object,23354,0,0.0,2
CNES/ST,2016,STRS1612.dbc,GESPRG1M,object,23354,0,0.0,2
CNES/ST,2016,STRS1612.dbc,GESPRG2E,object,23354,0,0.0,2
CNES/ST,2016,STRS1612.dbc,GESPRG2M,object,23354,0,0.0,2
CNES/ST,2016,STRS1612.dbc,GESPRG4E,object,23354,0,0.0,2
CNES/ST,2016,STRS1612.dbc,GESPRG4M,object,23354,0,0.0,2
CNES/ST,2016,STRS1612.dbc,NIVATE_A,object,23354,0,0.0,2
CNES/ST,2016,STRS1612.dbc,GESPRG3E,object,23354,0,0.0,2
CNES/ST,2016,STRS1612.dbc,GESPRG3M,object,23354,0,0.0,2
CNES/ST,2016,STRS1612.dbc,GESPRG5E,object,23354,0,0.0,2
CNES/ST,2016,STRS1612.dbc,GESPRG5M,object,23354,0,0.0,2
CNES/ST,2016,STRS1612.dbc,GESPRG6E,object,23354,0,0.0,2
CNES/ST,2016,STRS1612.dbc,GESPRG6M,object,23354,0,0.0,2
CNES/ST,2016,STRS1612.dbc,NIVATE_H,object,23354,0,0.0,2
CNES/ST,2016,STRS1612.dbc,QTLEITP1,int64,23354,0,0.0,73
CNES/ST,2016,STRS1612.dbc,QTLEITP2,int64,23354,0,0.0,91
CNES/ST,2016,STRS1612.dbc,QTLEITP3,int64,23354,0,0.0,51
CNES/ST,2016,STRS1612.dbc,LEITHOSP,object,23354,0,0.0,2
CNES/ST,2016,STRS1612.dbc,QTINST01,int64,23354,0,0.0,8
CNES/ST,2016,STRS1612.dbc,QTINST02,int64,23354,0,0.0,3
CNES/ST,2016,STRS1612.dbc,QTINST03,int64,23354,0,0.0,4
CNES/ST,2016,STRS1612.dbc,QTINST04,int64,23354,0,0.0,12
CNES/ST,2016,STRS1612.dbc,QTINST05,int64,23354,0,0.0,5
CNES/ST,2016,STRS1612.dbc,QTINST06,int64,23354,0,0.0,5
CNES/ST,2016,STRS1612.dbc,QTINST07,int64,23354,0,0.0,5
CNES/ST,2016,STRS1612.dbc,QTINST08,int64,23354,0,0.0,9
CNES/ST,2016,STRS1612.dbc,QTINST09,int64,23354,0,0.0,8
CNES/ST,2016,STRS1612.dbc,QTINST10,int64,23354,0,0.0,5
CNES/ST,2016,STRS1612.dbc,QTINST11,int64,23354,0,0.0,7
CNES/ST,2016,STRS1612.dbc,QTINST12,int64,23354,0,0.0,5
CNES/ST,2016,STRS1612.dbc,QTINST13,int64,23354,0,0.0,4
CNES/ST,2016,STRS1612.dbc,QTINST14,int64,23354,0,0.0,15
CNES/ST,2016,STRS1612.dbc,URGEMERG,object,23354,0,0.0,2
CNES/ST,2016,STRS1612.dbc,QTINST15,int64,23354,0,0.0,27
CNES/ST,2016,STRS1612.dbc,QTINST16,int64,23354,0,0.0,33
CNES/ST,2016,STRS1612.dbc,QTINST17,int64,23354,0,0.0,25
CNES/ST,2016,STRS1612.dbc,QTINST18,int64,23354,0,0.0,23
CNES/ST,2016,STRS1612.dbc,QTINST19,int64,23354,0,0.0,6
CNES/ST,2016,STRS1612.dbc,QTINST20,int64,23354,0,0.0,6
CNES/ST,2016,STRS1612.dbc,QTINST21,int64,23354,0,0.0,5
CNES/ST,2016,STRS1612.dbc,QTINST22,int64,23354,0,0.0,13
CNES/ST,2016,STRS1612.dbc,QTINST23,int64,23354,0,0.0,18
CNES/ST,2016,STRS1612.dbc,QTINST24,int64,23354,0,0.0,7
CNES/ST,2016,STRS1612.dbc,QTINST25,int64,23354,0,0.0,10
CNES/ST,2016,STRS1612.dbc,QTINST26,int64,23354,0,0.0,8
CNES/ST,2016,STRS1612.dbc,QTINST27,int64,23354,0,0.0,7
CNES/ST,2016,STRS1612.dbc,QTINST28,int64,23354,0,0.0,8
CNES/ST,2016,STRS1612.dbc,QTINST29,int64,23354,0,0.0,6
CNES/ST,2016,STRS1612.dbc,QTINST30,int64,23354,0,0.0,9
CNES/ST,2016,STRS1612.dbc,ATENDAMB,object,23354,0,0.0,2
CNES/ST,2016,STRS1612.dbc,QTINST31,int64,23354,0,0.0,17
CNES/ST,2016,STRS1612.dbc,QTINST32,int64,23354,0,0.0,7
CNES/ST,2016,STRS1612.dbc,QTINST33,int64,23354,0,0.0,8
CNES/ST,2016,STRS1612.dbc,CENTRCIR,object,23354,0,0.0,2
CNES/ST,2016,STRS1612.dbc,QTINST34,int64,23354,0,0.0,8
CNES/ST,2016,STRS1612.dbc,QTINST35,int64,23354,0,0.0,4
CNES/ST,2016,STRS1612.dbc,QTINST36,int64,23354,0,0.0,3
CNES/ST,2016,STRS1612.dbc,QTINST37,int64,23354,0,0.0,5
CNES/ST,2016,STRS1612.dbc,CENTROBS,object,23354,0,0.0,2
CNES/ST,2016,STRS1612.dbc,QTLEIT05,int64,23354,0,0.0,16
CNES/ST,2016,STRS1612.dbc,QTLEIT06,int64,23354,0,0.0,10
CNES/ST,2016,STRS1612.dbc,QTLEIT07,int64,23354,0,0.0,11
CNES/ST,2016,STRS1612.dbc,QTLEIT08,int64,23354,0,0.0,27
CNES/ST,2016,STRS1612.dbc,QTLEIT09,int64,23354,0,0.0,7
CNES/ST,2016,STRS1612.dbc,QTLEIT19,int64,23354,0,0.0,11
CNES/ST,2016,STRS1612.dbc,QTLEIT20,int64,23354,0,0.0,11
CNES/ST,2016,STRS1612.dbc,QTLEIT21,int64,23354,0,0.0,9
CNES/ST,2016,STRS1612.dbc,QTLEIT22,int64,23354,0,0.0,18
CNES/ST,2016,STRS1612.dbc,QTLEIT23,int64,23354,0,0.0,6
CNES/ST,2016,STRS1612.dbc,QTLEIT32,int64,23354,0,0.0,32
CNES/ST,2016,STRS1612.dbc,QTLEIT34,int64,23354,0,0.0,14
CNES/ST,2016,STRS1612.dbc,QTLEIT38,int64,23354,0,0.0,17
CNES/ST,2016,STRS1612.dbc,QTLEIT39,int64,23354,0,0.0,15
CNES/ST,2016,STRS1612.dbc,QTLEIT40,int64,23354,0,0.0,36
CNES/ST,2016,STRS1612.dbc,CENTRNEO,object,23354,0,0.0,2
CNES/ST,2016,STRS1612.dbc,ATENDHOS,object,23354,0,0.0,2
CNES/ST,2016,STRS1612.dbc,SERAP01P,object,23354,0,0.0,2
CNES/ST,2016,STRS1612.dbc,SERAP01T,object,23354,0,0.0,2
CNES/ST,2016,STRS1612.dbc,SERAP02P,object,23354,0,0.0,2
CNES/ST,2016,STRS1612.dbc,SERAP02T,object,23354,0,0.0,2
CNES/ST,2016,STRS1612.dbc,SERAP03P,object,23354,0,0.0,2
CNES/ST,2016,STRS1612.dbc,SERAP03T,object,23354,0,0.0,2
CNES/ST,2016,STRS1612.dbc,SERAP04P,object,23354,0,0.0,2
CNES/ST,2016,STRS1612.dbc,SERAP04T,object,23354,0,0.0,2
CNES/ST,2016,STRS1612.dbc,SERAP05P,object,23354,0,0.0,2
CNES/ST,2016,STRS1612.dbc,SERAP05T,object,23354,0,0.0,2
CNES/ST,2016,STRS1612.dbc,SERAP06P,object,23354,0,0.0,2
CNES/ST,2016,STRS1612.dbc,SERAP06T,object,23354,0,0.0,2
CNES/ST,2016,STRS1612.dbc,SERAP07P,object,23354,0,0.0,2
CNES/ST,2016,STRS1612.dbc,SERAP07T,object,23354,0,0.0,2
CNES/ST,2016,STRS1612.dbc,SERAP08P,object,23354,0,0.0,2
CNES/ST,2016,STRS1612.dbc,SERAP08T,object,23354,0,0.0,2
CNES/ST,2016,STRS1612.dbc,SERAP09P,object,23354,0,0.0,2
CNES/ST,2016,STRS1612.dbc,SERAP09T,object,23354,0,0.0,2
CNES/ST,2016,STRS1612.dbc,SERAP10P,object,23354,0,0.0,2
CNES/ST,2016,STRS1612.dbc,SERAP10T,object,23354,0,0.0,2
CNES/ST,2016,STRS1612.dbc,SERAP11P,object,23354,0,0.0,2
CNES/ST,2016,STRS1612.dbc,SERAP11T,object,23354,0,0.0,2
CNES/ST,2016,STRS1612.dbc,SERAPOIO,object,23354,0,0.0,2
CNES/ST,2016,STRS1612.dbc,RES_BIOL,object,23354,0,0.0,2
CNES/ST,2016,STRS1612.dbc,RES_QUIM,object,23354,0,0.0,2
CNES/ST,2016,STRS1612.dbc,RES_RADI,object,23354,0,0.0,2
CNES/ST,2016,STRS1612.dbc,RES_COMU,object,23354,0,0.0,2
CNES/ST,2016,STRS1612.dbc,COLETRES,object,23354,0,0.0,2
CNES/ST,2016,STRS1612.dbc,COMISS01,object,23354,0,0.0,2
CNES/ST,2016,STRS1612.dbc,COMISS02,object,23354,0,0.0,2
CNES/ST,2016,STRS1612.dbc,COMISS03,object,23354,0,0.0,2
CNES/ST,2016,STRS1612.dbc,COMISS04,object,23354,0,0.0,2
CNES/ST,2016,STRS1612.dbc,COMISS05,object,23354,0,0.0,2
CNES/ST,2016,STRS1612.dbc,COMISS06,object,23354,0,0.0,2
CNES/ST,2016,STRS1612.dbc,COMISS07,object,23354,0,0.0,2
CNES/ST,2016,STRS1612.dbc,COMISS08,object,23354,0,0.0,2
CNES/ST,2016,STRS1612.dbc,COMISS09,object,23354,0,0.0,2
CNES/ST,2016,STRS1612.dbc,COMISS10,object,23354,0,0.0,2
CNES/ST,2016,STRS1612.dbc,COMISS11,object,23354,0,0.0,2
CNES/ST,2016,STRS1612.dbc,COMISS12,object,23354,0,0.0,2
CNES/ST,2016,STRS1612.dbc,COMISSAO,object,23354,0,0.0,2
CNES/ST,2016,STRS1612.dbc,AP01CV01,object,23354,0,0.0,2
CNES/ST,2016,STRS1612.dbc,AP01CV02,object,23354,0,0.0,2
CNES/ST,2016,STRS1612.dbc,AP01CV05,object,23354,0,0.0,2
CNES/ST,2016,STRS1612.dbc,AP01CV06,object,23354,0,0.0,2
CNES/ST,2016,STRS1612.dbc,AP01CV03,object,23354,0,0.0,1
CNES/ST,2016,STRS1612.dbc,AP01CV04,object,23354,0,0.0,1
CNES/ST,2016,STRS1612.dbc,AP02CV01,object,23354,0,0.0,2
CNES/ST,2016,STRS1612.dbc,AP02CV02,object,23354,0,0.0,2
CNES/ST,2016,STRS1612.dbc,AP02CV05,object,23354,0,0.0,2
CNES/ST,2016,STRS1612.dbc,AP02CV06,object,23354,0,0.0,2
CNES/ST,2016,STRS1612.dbc,AP02CV03,object,23354,0,0.0,1
CNES/ST,2016,STRS1612.dbc,AP02CV04,object,23354,0,0.0,1
CNES/ST,2016,STRS1612.dbc,AP03CV01,object,23354,0,0.0,2
CNES/ST,2016,STRS1612.dbc,AP03CV02,object,23354,0,0.0,2
CNES/ST,2016,STRS1612.dbc,AP03CV05,object,23354,0,0.0,2
CNES/ST,2016,STRS1612.dbc,AP03CV06,object,23354,0,0.0,2
CNES/ST,2016,STRS1612.dbc,AP03CV03,object,23354,0,0.0,1
CNES/ST,2016,STRS1612.dbc,AP03CV04,object,23354,0,0.0,1
CNES/ST,2016,STRS1612.dbc,AP04CV01,object,23354,0,0.0,2
CNES/ST,2016,STRS1612.dbc,AP04CV02,object,23354,0,0.0,2
CNES/ST,2016,STRS1612.dbc,AP04CV05,object,23354,0,0.0,2
CNES/ST,2016,STRS1612.dbc,AP04CV06,object,23354,0,0.0,2
CNES/ST,2016,STRS1612.dbc,AP04CV03,object,23354,0,0.0,1
CNES/ST,2016,STRS1612.dbc,AP04CV04,object,23354,0,0.0,1
CNES/ST,2016,STRS1612.dbc,AP05CV01,object,23354,0,0.0,2
CNES/ST,2016,STRS1612.dbc,AP05CV02,object,23354,0,0.0,2
CNES/ST,2016,STRS1612.dbc,AP05CV05,object,23354,0,0.0,2
CNES/ST,2016,STRS1612.dbc,AP05CV06,object,23354,0,0.0,2
CNES/ST,2016,STRS1612.dbc,AP05CV03,object,23354,0,0.0,1
CNES/ST,2016,STRS1612.dbc,AP05CV04,object,23354,0,0.0,1
CNES/ST,2016,STRS1612.dbc,AP06CV01,object,23354,0,0.0,2
CNES/ST,2016,STRS1612.dbc,AP06CV02,object,23354,0,0.0,2
CNES/ST,2016,STRS1612.dbc,AP06CV05,object,23354,0,0.0,2
CNES/ST,2016,STRS1612.dbc,AP06CV06,object,23354,0,0.0,2
CNES/ST,2016,STRS1612.dbc,AP06CV03,object,23354,0,0.0,1
CNES/ST,2016,STRS1612.dbc,AP06CV04,object,23354,0,0.0,1
CNES/ST,2016,STRS1612.dbc,AP07CV01,object,23354,0,0.0,2
CNES/ST,2016,STRS1612.dbc,AP07CV02,object,23354,0,0.0,2
CNES/ST,2016,STRS1612.dbc,AP07CV05,object,23354,0,0.0,2
CNES/ST,2016,STRS1612.dbc,AP07CV06,object,23354,0,0.0,2
CNES/ST,2016,STRS1612.dbc,AP07CV03,object,23354,0,0.0,1
CNES/ST,2016,STRS1612.dbc,AP07CV04,object,23354,0,0.0,1
CNES/ST,2016,STRS1612.dbc,ATEND_PR,object,23354,0,0.0,2
CNES/ST,2016,STRS1612.dbc,DT_ATUAL,object,23354,0,0.0,144
CNES/ST,2016,STRS1612.dbc,COMPETEN,object,23354,0,0.0,1
CNES/ST,2016,STRS1612.dbc,NAT_JUR,object,23354,3,0.01,35
CNES/ST,2017,STRS1712.dbc,CNES,object,24502,0,0.0,24502
CNES/ST,2017,STRS1712.dbc,CODUFMUN,object,24502,0,0.0,497
CNES/ST,2017,STRS1712.dbc,COD_CEP,object,24502,0,0.0,3411
CNES/ST,2017,STRS1712.dbc,CPF_CNPJ,object,24502,0,0.0,19461
CNES/ST,2017,STRS1712.dbc,PF_PJ,object,24502,0,0.0,2
CNES/ST,2017,STRS1712.dbc,NIV_DEP,object,24502,0,0.0,2
CNES/ST,2017,STRS1712.dbc,CNPJ_MAN,object,24502,0,0.0,541
CNES/ST,2017,STRS1712.dbc,COD_IR,object,24502,24502,100.0,0
CNES/ST,2017,STRS1712.dbc,REGSAUDE,object,24502,8542,34.86,181
CNES/ST,2017,STRS1712.dbc,MICR_REG,object,24502,23658,96.56,95
CNES/ST,2017,STRS1712.dbc,DISTRSAN,object,24502,24012,98.0,32
CNES/ST,2017,STRS1712.dbc,DISTRADM,object,24502,24440,99.75,15
CNES/ST,2017,STRS1712.dbc,VINC_SUS,object,24502,0,0.0,2
CNES/ST,2017,STRS1712.dbc,TPGESTAO,object,24502,0,0.0,3
CNES/ST,2017,STRS1712.dbc,ESFERA_A,object,24502,24502,100.0,0
CNES/ST,2017,STRS1712.dbc,RETENCAO,object,24502,24502,100.0,0
CNES/ST,2017,STRS1712.dbc,ATIVIDAD,object,24502,0,0.0,5
CNES/ST,2017,STRS1712.dbc,NATUREZA,object,24502,24502,100.0,0
CNES/ST,2017,STRS1712.dbc,CLIENTEL,object,24502,542,2.21,3
CNES/ST,2017,STRS1712.dbc,TP_UNID,object,24502,0,0.0,35
CNES/ST,2017,STRS1712.dbc,TURNO_AT,object,24502,21,0.09,7
CNES/ST,2017,STRS1712.dbc,NIV_HIER,object,24502,24502,100.0,0
CNES/ST,2017,STRS1712.dbc,TP_PREST,object,24502,0,0.0,1
CNES/ST,2017,STRS1712.dbc,CO_BANCO,object,24502,21533,87.88,66
CNES/ST,2017,STRS1712.dbc,CO_AGENC,object,24502,21533,87.88,648
CNES/ST,2017,STRS1712.dbc,C_CORREN,object,24502,21533,87.88,2732
CNES/ST,2017,STRS1712.dbc,CONTRATM,object,24502,24502,100.0,0
CNES/ST,2017,STRS1712.dbc,DT_PUBLM,object,24502,24502,100.0,0
CNES/ST,2017,STRS1712.dbc,CONTRATE,object,24502,24502,100.0,0
CNES/ST,2017,STRS1712.dbc,DT_PUBLE,object,24502,24502,100.0,0
CNES/ST,2017,STRS1712.dbc,ALVARA,object,24502,6476,26.43,15338
CNES/ST,2017,STRS1712.dbc,DT_EXPED,object,24502,6530,26.65,4912
CNES/ST,2017,STRS1712.dbc,ORGEXPED,object,24502,6235,25.45,2
CNES/ST,2017,STRS1712.dbc,AV_ACRED,object,24502,24502,100.0,0
CNES/ST,2017,STRS1712.dbc,CLASAVAL,object,24502,24502,100.0,0
CNES/ST,2017,STRS1712.dbc,DT_ACRED,object,24502,24502,100.0,0
CNES/ST,2017,STRS1712.dbc,AV_PNASS,object,24502,24502,100.0,0
CNES/ST,2017,STRS1712.dbc,DT_PNASS,object,24502,24502,100.0,0
CNES/ST,2017,STRS1712.dbc,GESPRG1E,object,24502,0,0.0,2
CNES/ST,2017,STRS1712.dbc,GESPRG1M,object,24502,0,0.0,2
CNES/ST,2017,STRS1712.dbc,GESPRG2E,object,24502,0,0.0,2
CNES/ST,2017,STRS1712.dbc,GESPRG2M,object,24502,0,0.0,2
CNES/ST,2017,STRS1712.dbc,GESPRG4E,object,24502,0,0.0,2
CNES/ST,2017,STRS1712.dbc,GESPRG4M,object,24502,0,0.0,2
CNES/ST,2017,STRS1712.dbc,NIVATE_A,object,24502,0,0.0,2
CNES/ST,2017,STRS1712.dbc,GESPRG3E,object,24502,0,0.0,2
CNES/ST,2017,STRS1712.dbc,GESPRG3M,object,24502,0,0.0,2
CNES/ST,2017,STRS1712.dbc,GESPRG5E,object,24502,0,0.0,2
CNES/ST,2017,STRS1712.dbc,GESPRG5M,object,24502,0,0.0,2
CNES/ST,2017,STRS1712.dbc,GESPRG6E,object,24502,0,0.0,2
CNES/ST,2017,STRS1712.dbc,GESPRG6M,object,24502,0,0.0,2
CNES/ST,2017,STRS1712.dbc,NIVATE_H,object,24502,0,0.0,2
CNES/ST,2017,STRS1712.dbc,QTLEITP1,int64,24502,0,0.0,72
CNES/ST,2017,STRS1712.dbc,QTLEITP2,int64,24502,0,0.0,90
CNES/ST,2017,STRS1712.dbc,QTLEITP3,int64,24502,0,0.0,51
CNES/ST,2017,STRS1712.dbc,LEITHOSP,object,24502,0,0.0,2
CNES/ST,2017,STRS1712.dbc,QTINST01,int64,24502,0,0.0,8
CNES/ST,2017,STRS1712.dbc,QTINST02,int64,24502,0,0.0,3
CNES/ST,2017,STRS1712.dbc,QTINST03,int64,24502,0,0.0,4
CNES/ST,2017,STRS1712.dbc,QTINST04,int64,24502,0,0.0,12
CNES/ST,2017,STRS1712.dbc,QTINST05,int64,24502,0,0.0,5
CNES/ST,2017,STRS1712.dbc,QTINST06,int64,24502,0,0.0,5
CNES/ST,2017,STRS1712.dbc,QTINST07,int64,24502,0,0.0,5
CNES/ST,2017,STRS1712.dbc,QTINST08,int64,24502,0,0.0,9
CNES/ST,2017,STRS1712.dbc,QTINST09,int64,24502,0,0.0,8
CNES/ST,2017,STRS1712.dbc,QTINST10,int64,24502,0,0.0,5
CNES/ST,2017,STRS1712.dbc,QTINST11,int64,24502,0,0.0,7
CNES/ST,2017,STRS1712.dbc,QTINST12,int64,24502,0,0.0,6
CNES/ST,2017,STRS1712.dbc,QTINST13,int64,24502,0,0.0,4
CNES/ST,2017,STRS1712.dbc,QTINST14,int64,24502,0,0.0,15
CNES/ST,2017,STRS1712.dbc,URGEMERG,object,24502,0,0.0,2
CNES/ST,2017,STRS1712.dbc,QTINST15,int64,24502,0,0.0,28
CNES/ST,2017,STRS1712.dbc,QTINST16,int64,24502,0,0.0,33
CNES/ST,2017,STRS1712.dbc,QTINST17,int64,24502,0,0.0,25
CNES/ST,2017,STRS1712.dbc,QTINST18,int64,24502,0,0.0,23
CNES/ST,2017,STRS1712.dbc,QTINST19,int64,24502,0,0.0,5
CNES/ST,2017,STRS1712.dbc,QTINST20,int64,24502,0,0.0,6
CNES/ST,2017,STRS1712.dbc,QTINST21,int64,24502,0,0.0,5
CNES/ST,2017,STRS1712.dbc,QTINST22,int64,24502,0,0.0,14
CNES/ST,2017,STRS1712.dbc,QTINST23,int64,24502,0,0.0,18
CNES/ST,2017,STRS1712.dbc,QTINST24,int64,24502,0,0.0,7
CNES/ST,2017,STRS1712.dbc,QTINST25,int64,24502,0,0.0,12
CNES/ST,2017,STRS1712.dbc,QTINST26,int64,24502,0,0.0,8
CNES/ST,2017,STRS1712.dbc,QTINST27,int64,24502,0,0.0,7
CNES/ST,2017,STRS1712.dbc,QTINST28,int64,24502,0,0.0,8
CNES/ST,2017,STRS1712.dbc,QTINST29,int64,24502,0,0.0,7
CNES/ST,2017,STRS1712.dbc,QTINST30,int64,24502,0,0.0,10
CNES/ST,2017,STRS1712.dbc,ATENDAMB,object,24502,0,0.0,2
CNES/ST,2017,STRS1712.dbc,QTINST31,int64,24502,0,0.0,17
CNES/ST,2017,STRS1712.dbc,QTINST32,int64,24502,0,0.0,8
CNES/ST,2017,STRS1712.dbc,QTINST33,int64,24502,0,0.0,8
CNES/ST,2017,STRS1712.dbc,CENTRCIR,object,24502,0,0.0,2
CNES/ST,2017,STRS1712.dbc,QTINST34,int64,24502,0,0.0,8
CNES/ST,2017,STRS1712.dbc,QTINST35,int64,24502,0,0.0,4
CNES/ST,2017,STRS1712.dbc,QTINST36,int64,24502,0,0.0,3
CNES/ST,2017,STRS1712.dbc,QTINST37,int64,24502,0,0.0,5
CNES/ST,2017,STRS1712.dbc,CENTROBS,object,24502,0,0.0,2
CNES/ST,2017,STRS1712.dbc,QTLEIT05,int64,24502,0,0.0,15
CNES/ST,2017,STRS1712.dbc,QTLEIT06,int64,24502,0,0.0,11
CNES/ST,2017,STRS1712.dbc,QTLEIT07,int64,24502,0,0.0,11
CNES/ST,2017,STRS1712.dbc,QTLEIT08,int64,24502,0,0.0,27
CNES/ST,2017,STRS1712.dbc,QTLEIT09,int64,24502,0,0.0,7
CNES/ST,2017,STRS1712.dbc,QTLEIT19,int64,24502,0,0.0,9
CNES/ST,2017,STRS1712.dbc,QTLEIT20,int64,24502,0,0.0,12
CNES/ST,2017,STRS1712.dbc,QTLEIT21,int64,24502,0,0.0,9
CNES/ST,2017,STRS1712.dbc,QTLEIT22,int64,24502,0,0.0,20
CNES/ST,2017,STRS1712.dbc,QTLEIT23,int64,24502,0,0.0,6
CNES/ST,2017,STRS1712.dbc,QTLEIT32,int64,24502,0,0.0,33
CNES/ST,2017,STRS1712.dbc,QTLEIT34,int64,24502,0,0.0,15
CNES/ST,2017,STRS1712.dbc,QTLEIT38,int64,24502,0,0.0,16
CNES/ST,2017,STRS1712.dbc,QTLEIT39,int64,24502,0,0.0,15
CNES/ST,2017,STRS1712.dbc,QTLEIT40,int64,24502,0,0.0,36
CNES/ST,2017,STRS1712.dbc,CENTRNEO,object,24502,0,0.0,2
CNES/ST,2017,STRS1712.dbc,ATENDHOS,object,24502,0,0.0,2
CNES/ST,2017,STRS1712.dbc,SERAP01P,object,24502,0,0.0,2
CNES/ST,2017,STRS1712.dbc,SERAP01T,object,24502,0,0.0,2
CNES/ST,2017,STRS1712.dbc,SERAP02P,object,24502,0,0.0,2
CNES/ST,2017,STRS1712.dbc,SERAP02T,object,24502,0,0.0,2
CNES/ST,2017,STRS1712.dbc,SERAP03P,object,24502,0,0.0,2
CNES/ST,2017,STRS1712.dbc,SERAP03T,object,24502,0,0.0,2
CNES/ST,2017,STRS1712.dbc,SERAP04P,object,24502,0,0.0,2
CNES/ST,2017,STRS1712.dbc,SERAP04T,object,24502,0,0.0,2
CNES/ST,2017,STRS1712.dbc,SERAP05P,object,24502,0,0.0,2
CNES/ST,2017,STRS1712.dbc,SERAP05T,object,24502,0,0.0,2
CNES/ST,2017,STRS1712.dbc,SERAP06P,object,24502,0,0.0,2
CNES/ST,2017,STRS1712.dbc,SERAP06T,object,24502,0,0.0,2
CNES/ST,2017,STRS1712.dbc,SERAP07P,object,24502,0,0.0,2
CNES/ST,2017,STRS1712.dbc,SERAP07T,object,24502,0,0.0,2
CNES/ST,2017,STRS1712.dbc,SERAP08P,object,24502,0,0.0,2
CNES/ST,2017,STRS1712.dbc,SERAP08T,object,24502,0,0.0,2
CNES/ST,2017,STRS1712.dbc,SERAP09P,object,24502,0,0.0,2
CNES/ST,2017,STRS1712.dbc,SERAP09T,object,24502,0,0.0,2
CNES/ST,2017,STRS1712.dbc,SERAP10P,object,24502,0,0.0,2
CNES/ST,2017,STRS1712.dbc,SERAP10T,object,24502,0,0.0,2
CNES/ST,2017,STRS1712.dbc,SERAP11P,object,24502,0,0.0,2
CNES/ST,2017,STRS1712.dbc,SERAP11T,object,24502,0,0.0,2
CNES/ST,2017,STRS1712.dbc,SERAPOIO,object,24502,0,0.0,2
CNES/ST,2017,STRS1712.dbc,RES_BIOL,object,24502,0,0.0,2
CNES/ST,2017,STRS1712.dbc,RES_QUIM,object,24502,0,0.0,2
CNES/ST,2017,STRS1712.dbc,RES_RADI,object,24502,0,0.0,2
CNES/ST,2017,STRS1712.dbc,RES_COMU,object,24502,0,0.0,2
CNES/ST,2017,STRS1712.dbc,COLETRES,object,24502,0,0.0,2
CNES/ST,2017,STRS1712.dbc,COMISS01,object,24502,0,0.0,2
CNES/ST,2017,STRS1712.dbc,COMISS02,object,24502,0,0.0,2
CNES/ST,2017,STRS1712.dbc,COMISS03,object,24502,0,0.0,2
CNES/ST,2017,STRS1712.dbc,COMISS04,object,24502,0,0.0,2
CNES/ST,2017,STRS1712.dbc,COMISS05,object,24502,0,0.0,2
CNES/ST,2017,STRS1712.dbc,COMISS06,object,24502,0,0.0,2
CNES/ST,2017,STRS1712.dbc,COMISS07,object,24502,0,0.0,2
CNES/ST,2017,STRS1712.dbc,COMISS08,object,24502,0,0.0,2
CNES/ST,2017,STRS1712.dbc,COMISS09,object,24502,0,0.0,2
CNES/ST,2017,STRS1712.dbc,COMISS10,object,24502,0,0.0,2
CNES/ST,2017,STRS1712.dbc,COMISS11,object,24502,0,0.0,2
CNES/ST,2017,STRS1712.dbc,COMISS12,object,24502,0,0.0,2
CNES/ST,2017,STRS1712.dbc,COMISSAO,object,24502,0,0.0,2
CNES/ST,2017,STRS1712.dbc,AP01CV01,object,24502,0,0.0,2
CNES/ST,2017,STRS1712.dbc,AP01CV02,object,24502,0,0.0,2
CNES/ST,2017,STRS1712.dbc,AP01CV05,object,24502,0,0.0,2
CNES/ST,2017,STRS1712.dbc,AP01CV06,object,24502,0,0.0,2
CNES/ST,2017,STRS1712.dbc,AP01CV03,object,24502,0,0.0,1
CNES/ST,2017,STRS1712.dbc,AP01CV04,object,24502,0,0.0,1
CNES/ST,2017,STRS1712.dbc,AP02CV01,object,24502,0,0.0,2
CNES/ST,2017,STRS1712.dbc,AP02CV02,object,24502,0,0.0,2
CNES/ST,2017,STRS1712.dbc,AP02CV05,object,24502,0,0.0,2
CNES/ST,2017,STRS1712.dbc,AP02CV06,object,24502,0,0.0,2
CNES/ST,2017,STRS1712.dbc,AP02CV03,object,24502,0,0.0,1
CNES/ST,2017,STRS1712.dbc,AP02CV04,object,24502,0,0.0,1
CNES/ST,2017,STRS1712.dbc,AP03CV01,object,24502,0,0.0,2
CNES/ST,2017,STRS1712.dbc,AP03CV02,object,24502,0,0.0,2
CNES/ST,2017,STRS1712.dbc,AP03CV05,object,24502,0,0.0,2
CNES/ST,2017,STRS1712.dbc,AP03CV06,object,24502,0,0.0,2
CNES/ST,2017,STRS1712.dbc,AP03CV03,object,24502,0,0.0,1
CNES/ST,2017,STRS1712.dbc,AP03CV04,object,24502,0,0.0,1
CNES/ST,2017,STRS1712.dbc,AP04CV01,object,24502,0,0.0,2
CNES/ST,2017,STRS1712.dbc,AP04CV02,object,24502,0,0.0,2
CNES/ST,2017,STRS1712.dbc,AP04CV05,object,24502,0,0.0,2
CNES/ST,2017,STRS1712.dbc,AP04CV06,object,24502,0,0.0,2
CNES/ST,2017,STRS1712.dbc,AP04CV03,object,24502,0,0.0,1
CNES/ST,2017,STRS1712.dbc,AP04CV04,object,24502,0,0.0,1
CNES/ST,2017,STRS1712.dbc,AP05CV01,object,24502,0,0.0,2
CNES/ST,2017,STRS1712.dbc,AP05CV02,object,24502,0,0.0,2
CNES/ST,2017,STRS1712.dbc,AP05CV05,object,24502,0,0.0,2
CNES/ST,2017,STRS1712.dbc,AP05CV06,object,24502,0,0.0,2
CNES/ST,2017,STRS1712.dbc,AP05CV03,object,24502,0,0.0,1
CNES/ST,2017,STRS1712.dbc,AP05CV04,object,24502,0,0.0,1
CNES/ST,2017,STRS1712.dbc,AP06CV01,object,24502,0,0.0,2
CNES/ST,2017,STRS1712.dbc,AP06CV02,object,24502,0,0.0,2
CNES/ST,2017,STRS1712.dbc,AP06CV05,object,24502,0,0.0,2
CNES/ST,2017,STRS1712.dbc,AP06CV06,object,24502,0,0.0,2
CNES/ST,2017,STRS1712.dbc,AP06CV03,object,24502,0,0.0,1
CNES/ST,2017,STRS1712.dbc,AP06CV04,object,24502,0,0.0,1
CNES/ST,2017,STRS1712.dbc,AP07CV01,object,24502,0,0.0,2
CNES/ST,2017,STRS1712.dbc,AP07CV02,object,24502,0,0.0,2
CNES/ST,2017,STRS1712.dbc,AP07CV05,object,24502,0,0.0,2
CNES/ST,2017,STRS1712.dbc,AP07CV06,object,24502,0,0.0,2
CNES/ST,2017,STRS1712.dbc,AP07CV03,object,24502,0,0.0,1
CNES/ST,2017,STRS1712.dbc,AP07CV04,object,24502,0,0.0,1
CNES/ST,2017,STRS1712.dbc,ATEND_PR,object,24502,0,0.0,2
CNES/ST,2017,STRS1712.dbc,DT_ATUAL,object,24502,0,0.0,152
CNES/ST,2017,STRS1712.dbc,COMPETEN,object,24502,0,0.0,1
CNES/ST,2017,STRS1712.dbc,NAT_JUR,object,24502,0,0.0,36
CNES/ST,2018,STRS1812.dbc,CNES,object,25808,0,0.0,25808
CNES/ST,2018,STRS1812.dbc,CODUFMUN,object,25808,0,0.0,497
CNES/ST,2018,STRS1812.dbc,COD_CEP,object,25808,0,0.0,3596
CNES/ST,2018,STRS1812.dbc,CPF_CNPJ,object,25808,0,0.0,20683
CNES/ST,2018,STRS1812.dbc,PF_PJ,object,25808,0,0.0,2
CNES/ST,2018,STRS1812.dbc,NIV_DEP,object,25808,0,0.0,2
CNES/ST,2018,STRS1812.dbc,CNPJ_MAN,object,25808,0,0.0,539
CNES/ST,2018,STRS1812.dbc,COD_IR,object,25808,25808,100.0,0
CNES/ST,2018,STRS1812.dbc,REGSAUDE,object,25808,9446,36.6,185
CNES/ST,2018,STRS1812.dbc,MICR_REG,object,25808,24844,96.26,97
CNES/ST,2018,STRS1812.dbc,DISTRSAN,object,25808,24986,96.81,26
CNES/ST,2018,STRS1812.dbc,DISTRADM,object,25808,25744,99.75,16
CNES/ST,2018,STRS1812.dbc,VINC_SUS,object,25808,0,0.0,2
CNES/ST,2018,STRS1812.dbc,TPGESTAO,object,25808,0,0.0,3
CNES/ST,2018,STRS1812.dbc,ESFERA_A,object,25808,25808,100.0,0
CNES/ST,2018,STRS1812.dbc,RETENCAO,object,25808,25808,100.0,0
CNES/ST,2018,STRS1812.dbc,ATIVIDAD,object,25808,0,0.0,5
CNES/ST,2018,STRS1812.dbc,NATUREZA,object,25808,25808,100.0,0
CNES/ST,2018,STRS1812.dbc,CLIENTEL,object,25808,552,2.14,3
CNES/ST,2018,STRS1812.dbc,TP_UNID,object,25808,0,0.0,35
CNES/ST,2018,STRS1812.dbc,TURNO_AT,object,25808,27,0.1,7
CNES/ST,2018,STRS1812.dbc,NIV_HIER,object,25808,25808,100.0,0
CNES/ST,2018,STRS1812.dbc,TP_PREST,object,25808,0,0.0,1
CNES/ST,2018,STRS1812.dbc,CO_BANCO,object,25808,22627,87.67,70
CNES/ST,2018,STRS1812.dbc,CO_AGENC,object,25808,22627,87.67,715
CNES/ST,2018,STRS1812.dbc,C_CORREN,object,25808,22627,87.67,2922
CNES/ST,2018,STRS1812.dbc,CONTRATM,object,25808,25808,100.0,0
CNES/ST,2018,STRS1812.dbc,DT_PUBLM,object,25808,25808,100.0,0
CNES/ST,2018,STRS1812.dbc,CONTRATE,object,25808,25808,100.0,0
CNES/ST,2018,STRS1812.dbc,DT_PUBLE,object,25808,25808,100.0,0
CNES/ST,2018,STRS1812.dbc,ALVARA,object,25808,6966,26.99,15932
CNES/ST,2018,STRS1812.dbc,DT_EXPED,object,25808,6959,26.96,5166
CNES/ST,2018,STRS1812.dbc,ORGEXPED,object,25808,6679,25.88,2
CNES/ST,2018,STRS1812.dbc,AV_ACRED,object,25808,25808,100.0,0
CNES/ST,2018,STRS1812.dbc,CLASAVAL,object,25808,25808,100.0,0
CNES/ST,2018,STRS1812.dbc,DT_ACRED,object,25808,25808,100.0,0
CNES/ST,2018,STRS1812.dbc,AV_PNASS,object,25808,25808,100.0,0
CNES/ST,2018,STRS1812.dbc,DT_PNASS,object,25808,25808,100.0,0
CNES/ST,2018,STRS1812.dbc,GESPRG1E,object,25808,0,0.0,2
CNES/ST,2018,STRS1812.dbc,GESPRG1M,object,25808,0,0.0,2
CNES/ST,2018,STRS1812.dbc,GESPRG2E,object,25808,0,0.0,2
CNES/ST,2018,STRS1812.dbc,GESPRG2M,object,25808,0,0.0,2
CNES/ST,2018,STRS1812.dbc,GESPRG4E,object,25808,0,0.0,2
CNES/ST,2018,STRS1812.dbc,GESPRG4M,object,25808,0,0.0,2
CNES/ST,2018,STRS1812.dbc,NIVATE_A,object,25808,0,0.0,2
CNES/ST,2018,STRS1812.dbc,GESPRG3E,object,25808,0,0.0,2
CNES/ST,2018,STRS1812.dbc,GESPRG3M,object,25808,0,0.0,2
CNES/ST,2018,STRS1812.dbc,GESPRG5E,object,25808,0,0.0,2
CNES/ST,2018,STRS1812.dbc,GESPRG5M,object,25808,0,0.0,2
CNES/ST,2018,STRS1812.dbc,GESPRG6E,object,25808,0,0.0,2
CNES/ST,2018,STRS1812.dbc,GESPRG6M,object,25808,0,0.0,2
CNES/ST,2018,STRS1812.dbc,NIVATE_H,object,25808,0,0.0,2
CNES/ST,2018,STRS1812.dbc,QTLEITP1,int64,25808,0,0.0,70
CNES/ST,2018,STRS1812.dbc,QTLEITP2,int64,25808,0,0.0,91
CNES/ST,2018,STRS1812.dbc,QTLEITP3,int64,25808,0,0.0,52
CNES/ST,2018,STRS1812.dbc,LEITHOSP,object,25808,0,0.0,2
CNES/ST,2018,STRS1812.dbc,QTINST01,int64,25808,0,0.0,8
CNES/ST,2018,STRS1812.dbc,QTINST02,int64,25808,0,0.0,3
CNES/ST,2018,STRS1812.dbc,QTINST03,int64,25808,0,0.0,4
CNES/ST,2018,STRS1812.dbc,QTINST04,int64,25808,0,0.0,12
CNES/ST,2018,STRS1812.dbc,QTINST05,int64,25808,0,0.0,5
CNES/ST,2018,STRS1812.dbc,QTINST06,int64,25808,0,0.0,5
CNES/ST,2018,STRS1812.dbc,QTINST07,int64,25808,0,0.0,5
CNES/ST,2018,STRS1812.dbc,QTINST08,int64,25808,0,0.0,9
CNES/ST,2018,STRS1812.dbc,QTINST09,int64,25808,0,0.0,8
CNES/ST,2018,STRS1812.dbc,QTINST10,int64,25808,0,0.0,5
CNES/ST,2018,STRS1812.dbc,QTINST11,int64,25808,0,0.0,7
CNES/ST,2018,STRS1812.dbc,QTINST12,int64,25808,0,0.0,6
CNES/ST,2018,STRS1812.dbc,QTINST13,int64,25808,0,0.0,4
CNES/ST,2018,STRS1812.dbc,QTINST14,int64,25808,0,0.0,15
CNES/ST,2018,STRS1812.dbc,URGEMERG,object,25808,0,0.0,2
CNES/ST,2018,STRS1812.dbc,QTINST15,int64,25808,0,0.0,29
CNES/ST,2018,STRS1812.dbc,QTINST16,int64,25808,0,0.0,34
CNES/ST,2018,STRS1812.dbc,QTINST17,int64,25808,0,0.0,25
CNES/ST,2018,STRS1812.dbc,QTINST18,int64,25808,0,0.0,24
CNES/ST,2018,STRS1812.dbc,QTINST19,int64,25808,0,0.0,5
CNES/ST,2018,STRS1812.dbc,QTINST20,int64,25808,0,0.0,7
CNES/ST,2018,STRS1812.dbc,QTINST21,int64,25808,0,0.0,5
CNES/ST,2018,STRS1812.dbc,QTINST22,int64,25808,0,0.0,14
CNES/ST,2018,STRS1812.dbc,QTINST23,int64,25808,0,0.0,20
CNES/ST,2018,STRS1812.dbc,QTINST24,int64,25808,0,0.0,7
CNES/ST,2018,STRS1812.dbc,QTINST25,int64,25808,0,0.0,12
CNES/ST,2018,STRS1812.dbc,QTINST26,int64,25808,0,0.0,8
CNES/ST,2018,STRS1812.dbc,QTINST27,int64,25808,0,0.0,7
CNES/ST,2018,STRS1812.dbc,QTINST28,int64,25808,0,0.0,8
CNES/ST,2018,STRS1812.dbc,QTINST29,int64,25808,0,0.0,7
CNES/ST,2018,STRS1812.dbc,QTINST30,int64,25808,0,0.0,10
CNES/ST,2018,STRS1812.dbc,ATENDAMB,object,25808,0,0.0,2
CNES/ST,2018,STRS1812.dbc,QTINST31,int64,25808,0,0.0,17
CNES/ST,2018,STRS1812.dbc,QTINST32,int64,25808,0,0.0,10
CNES/ST,2018,STRS1812.dbc,QTINST33,int64,25808,0,0.0,8
CNES/ST,2018,STRS1812.dbc,CENTRCIR,object,25808,0,0.0,2
CNES/ST,2018,STRS1812.dbc,QTINST34,int64,25808,0,0.0,8
CNES/ST,2018,STRS1812.dbc,QTINST35,int64,25808,0,0.0,5
CNES/ST,2018,STRS1812.dbc,QTINST36,int64,25808,0,0.0,3
CNES/ST,2018,STRS1812.dbc,QTINST37,int64,25808,0,0.0,6
CNES/ST,2018,STRS1812.dbc,CENTROBS,object,25808,0,0.0,2
CNES/ST,2018,STRS1812.dbc,QTLEIT05,int64,25808,0,0.0,15
CNES/ST,2018,STRS1812.dbc,QTLEIT06,int64,25808,0,0.0,11
CNES/ST,2018,STRS1812.dbc,QTLEIT07,int64,25808,0,0.0,11
CNES/ST,2018,STRS1812.dbc,QTLEIT08,int64,25808,0,0.0,26
CNES/ST,2018,STRS1812.dbc,QTLEIT09,int64,25808,0,0.0,7
CNES/ST,2018,STRS1812.dbc,QTLEIT19,int64,25808,0,0.0,11
CNES/ST,2018,STRS1812.dbc,QTLEIT20,int64,25808,0,0.0,13
CNES/ST,2018,STRS1812.dbc,QTLEIT21,int64,25808,0,0.0,9
CNES/ST,2018,STRS1812.dbc,QTLEIT22,int64,25808,0,0.0,21
CNES/ST,2018,STRS1812.dbc,QTLEIT23,int64,25808,0,0.0,5
CNES/ST,2018,STRS1812.dbc,QTLEIT32,int64,25808,0,0.0,34
CNES/ST,2018,STRS1812.dbc,QTLEIT34,int64,25808,0,0.0,12
CNES/ST,2018,STRS1812.dbc,QTLEIT38,int64,25808,0,0.0,15
CNES/ST,2018,STRS1812.dbc,QTLEIT39,int64,25808,0,0.0,14
CNES/ST,2018,STRS1812.dbc,QTLEIT40,int64,25808,0,0.0,36
CNES/ST,2018,STRS1812.dbc,CENTRNEO,object,25808,0,0.0,2
CNES/ST,2018,STRS1812.dbc,ATENDHOS,object,25808,0,0.0,2
CNES/ST,2018,STRS1812.dbc,SERAP01P,object,25808,0,0.0,2
CNES/ST,2018,STRS1812.dbc,SERAP01T,object,25808,0,0.0,2
CNES/ST,2018,STRS1812.dbc,SERAP02P,object,25808,0,0.0,2
CNES/ST,2018,STRS1812.dbc,SERAP02T,object,25808,0,0.0,2
CNES/ST,2018,STRS1812.dbc,SERAP03P,object,25808,0,0.0,2
CNES/ST,2018,STRS1812.dbc,SERAP03T,object,25808,0,0.0,2
CNES/ST,2018,STRS1812.dbc,SERAP04P,object,25808,0,0.0,2
CNES/ST,2018,STRS1812.dbc,SERAP04T,object,25808,0,0.0,2
CNES/ST,2018,STRS1812.dbc,SERAP05P,object,25808,0,0.0,2
CNES/ST,2018,STRS1812.dbc,SERAP05T,object,25808,0,0.0,2
CNES/ST,2018,STRS1812.dbc,SERAP06P,object,25808,0,0.0,2
CNES/ST,2018,STRS1812.dbc,SERAP06T,object,25808,0,0.0,2
CNES/ST,2018,STRS1812.dbc,SERAP07P,object,25808,0,0.0,2
CNES/ST,2018,STRS1812.dbc,SERAP07T,object,25808,0,0.0,2
CNES/ST,2018,STRS1812.dbc,SERAP08P,object,25808,0,0.0,2
CNES/ST,2018,STRS1812.dbc,SERAP08T,object,25808,0,0.0,2
CNES/ST,2018,STRS1812.dbc,SERAP09P,object,25808,0,0.0,2
CNES/ST,2018,STRS1812.dbc,SERAP09T,object,25808,0,0.0,2
CNES/ST,2018,STRS1812.dbc,SERAP10P,object,25808,0,0.0,2
CNES/ST,2018,STRS1812.dbc,SERAP10T,object,25808,0,0.0,2
CNES/ST,2018,STRS1812.dbc,SERAP11P,object,25808,0,0.0,2
CNES/ST,2018,STRS1812.dbc,SERAP11T,object,25808,0,0.0,2
CNES/ST,2018,STRS1812.dbc,SERAPOIO,object,25808,0,0.0,2
CNES/ST,2018,STRS1812.dbc,RES_BIOL,object,25808,0,0.0,2
CNES/ST,2018,STRS1812.dbc,RES_QUIM,object,25808,0,0.0,2
CNES/ST,2018,STRS1812.dbc,RES_RADI,object,25808,0,0.0,2
CNES/ST,2018,STRS1812.dbc,RES_COMU,object,25808,0,0.0,2
CNES/ST,2018,STRS1812.dbc,COLETRES,object,25808,0,0.0,2
CNES/ST,2018,STRS1812.dbc,COMISS01,object,25808,0,0.0,2
CNES/ST,2018,STRS1812.dbc,COMISS02,object,25808,0,0.0,2
CNES/ST,2018,STRS1812.dbc,COMISS03,object,25808,0,0.0,2
CNES/ST,2018,STRS1812.dbc,COMISS04,object,25808,0,0.0,2
CNES/ST,2018,STRS1812.dbc,COMISS05,object,25808,0,0.0,2
CNES/ST,2018,STRS1812.dbc,COMISS06,object,25808,0,0.0,2
CNES/ST,2018,STRS1812.dbc,COMISS07,object,25808,0,0.0,2
CNES/ST,2018,STRS1812.dbc,COMISS08,object,25808,0,0.0,2
CNES/ST,2018,STRS1812.dbc,COMISS09,object,25808,0,0.0,2
CNES/ST,2018,STRS1812.dbc,COMISS10,object,25808,0,0.0,2
CNES/ST,2018,STRS1812.dbc,COMISS11,object,25808,0,0.0,2
CNES/ST,2018,STRS1812.dbc,COMISS12,object,25808,0,0.0,2
CNES/ST,2018,STRS1812.dbc,COMISSAO,object,25808,0,0.0,2
CNES/ST,2018,STRS1812.dbc,AP01CV01,object,25808,0,0.0,2
CNES/ST,2018,STRS1812.dbc,AP01CV02,object,25808,0,0.0,2
CNES/ST,2018,STRS1812.dbc,AP01CV05,object,25808,0,0.0,2
CNES/ST,2018,STRS1812.dbc,AP01CV06,object,25808,0,0.0,2
CNES/ST,2018,STRS1812.dbc,AP01CV03,object,25808,0,0.0,1
CNES/ST,2018,STRS1812.dbc,AP01CV04,object,25808,0,0.0,1
CNES/ST,2018,STRS1812.dbc,AP02CV01,object,25808,0,0.0,2
CNES/ST,2018,STRS1812.dbc,AP02CV02,object,25808,0,0.0,2
CNES/ST,2018,STRS1812.dbc,AP02CV05,object,25808,0,0.0,2
CNES/ST,2018,STRS1812.dbc,AP02CV06,object,25808,0,0.0,2
CNES/ST,2018,STRS1812.dbc,AP02CV03,object,25808,0,0.0,1
CNES/ST,2018,STRS1812.dbc,AP02CV04,object,25808,0,0.0,1
CNES/ST,2018,STRS1812.dbc,AP03CV01,object,25808,0,0.0,2
CNES/ST,2018,STRS1812.dbc,AP03CV02,object,25808,0,0.0,2
CNES/ST,2018,STRS1812.dbc,AP03CV05,object,25808,0,0.0,2
CNES/ST,2018,STRS1812.dbc,AP03CV06,object,25808,0,0.0,2
CNES/ST,2018,STRS1812.dbc,AP03CV03,object,25808,0,0.0,1
CNES/ST,2018,STRS1812.dbc,AP03CV04,object,25808,0,0.0,1
CNES/ST,2018,STRS1812.dbc,AP04CV01,object,25808,0,0.0,2
CNES/ST,2018,STRS1812.dbc,AP04CV02,object,25808,0,0.0,2
CNES/ST,2018,STRS1812.dbc,AP04CV05,object,25808,0,0.0,2
CNES/ST,2018,STRS1812.dbc,AP04CV06,object,25808,0,0.0,2
CNES/ST,2018,STRS1812.dbc,AP04CV03,object,25808,0,0.0,1
CNES/ST,2018,STRS1812.dbc,AP04CV04,object,25808,0,0.0,1
CNES/ST,2018,STRS1812.dbc,AP05CV01,object,25808,0,0.0,2
CNES/ST,2018,STRS1812.dbc,AP05CV02,object,25808,0,0.0,2
CNES/ST,2018,STRS1812.dbc,AP05CV05,object,25808,0,0.0,2
CNES/ST,2018,STRS1812.dbc,AP05CV06,object,25808,0,0.0,2
CNES/ST,2018,STRS1812.dbc,AP05CV03,object,25808,0,0.0,1
CNES/ST,2018,STRS1812.dbc,AP05CV04,object,25808,0,0.0,1
CNES/ST,2018,STRS1812.dbc,AP06CV01,object,25808,0,0.0,2
CNES/ST,2018,STRS1812.dbc,AP06CV02,object,25808,0,0.0,2
CNES/ST,2018,STRS1812.dbc,AP06CV05,object,25808,0,0.0,2
CNES/ST,2018,STRS1812.dbc,AP06CV06,object,25808,0,0.0,2
CNES/ST,2018,STRS1812.dbc,AP06CV03,object,25808,0,0.0,1
CNES/ST,2018,STRS1812.dbc,AP06CV04,object,25808,0,0.0,1
CNES/ST,2018,STRS1812.dbc,AP07CV01,object,25808,0,0.0,2
CNES/ST,2018,STRS1812.dbc,AP07CV02,object,25808,0,0.0,2
CNES/ST,2018,STRS1812.dbc,AP07CV05,object,25808,0,0.0,2
CNES/ST,2018,STRS1812.dbc,AP07CV06,object,25808,0,0.0,2
CNES/ST,2018,STRS1812.dbc,AP07CV03,object,25808,0,0.0,1
CNES/ST,2018,STRS1812.dbc,AP07CV04,object,25808,0,0.0,1
CNES/ST,2018,STRS1812.dbc,ATEND_PR,object,25808,0,0.0,2
CNES/ST,2018,STRS1812.dbc,DT_ATUAL,object,25808,0,0.0,164
CNES/ST,2018,STRS1812.dbc,COMPETEN,object,25808,0,0.0,1
CNES/ST,2018,STRS1812.dbc,NAT_JUR,object,25808,0,0.0,36
CNES/ST,2019,STRS1912.dbc,CNES,object,27005,0,0.0,27005
CNES/ST,2019,STRS1912.dbc,CODUFMUN,object,27005,0,0.0,497
CNES/ST,2019,STRS1912.dbc,COD_CEP,object,27005,0,0.0,3982
CNES/ST,2019,STRS1912.dbc,CPF_CNPJ,object,27005,0,0.0,21787
CNES/ST,2019,STRS1912.dbc,PF_PJ,object,27005,0,0.0,2
CNES/ST,2019,STRS1912.dbc,NIV_DEP,object,27005,0,0.0,2
CNES/ST,2019,STRS1912.dbc,CNPJ_MAN,object,27005,0,0.0,536
CNES/ST,2019,STRS1912.dbc,COD_IR,object,27005,27005,100.0,0
CNES/ST,2019,STRS1912.dbc,REGSAUDE,object,27005,10276,38.05,189
CNES/ST,2019,STRS1912.dbc,MICR_REG,object,27005,25800,95.54,103
CNES/ST,2019,STRS1912.dbc,DISTRSAN,object,27005,25826,95.63,18
CNES/ST,2019,STRS1912.dbc,DISTRADM,object,27005,26938,99.75,17
CNES/ST,2019,STRS1912.dbc,VINC_SUS,object,27005,0,0.0,2
CNES/ST,2019,STRS1912.dbc,TPGESTAO,object,27005,0,0.0,3
CNES/ST,2019,STRS1912.dbc,ESFERA_A,object,27005,27005,100.0,0
CNES/ST,2019,STRS1912.dbc,RETENCAO,object,27005,27005,100.0,0
CNES/ST,2019,STRS1912.dbc,ATIVIDAD,object,27005,0,0.0,5
CNES/ST,2019,STRS1912.dbc,NATUREZA,object,27005,27005,100.0,0
CNES/ST,2019,STRS1912.dbc,CLIENTEL,object,27005,540,2.0,3
CNES/ST,2019,STRS1912.dbc,TP_UNID,object,27005,0,0.0,38
CNES/ST,2019,STRS1912.dbc,TURNO_AT,object,27005,24,0.09,7
CNES/ST,2019,STRS1912.dbc,NIV_HIER,object,27005,27005,100.0,0
CNES/ST,2019,STRS1912.dbc,TP_PREST,object,27005,0,0.0,1
CNES/ST,2019,STRS1912.dbc,CO_BANCO,object,27005,23793,88.11,73
CNES/ST,2019,STRS1912.dbc,CO_AGENC,object,27005,23793,88.11,747
CNES/ST,2019,STRS1912.dbc,C_CORREN,object,27005,23793,88.11,2952
CNES/ST,2019,STRS1912.dbc,CONTRATM,object,27005,27005,100.0,0
CNES/ST,2019,STRS1912.dbc,DT_PUBLM,object,27005,27005,100.0,0
CNES/ST,2019,STRS1912.dbc,CONTRATE,object,27005,27005,100.0,0
CNES/ST,2019,STRS1912.dbc,DT_PUBLE,object,27005,27005,100.0,0
CNES/ST,2019,STRS1912.dbc,ALVARA,object,27005,7290,27.0,16715
CNES/ST,2019,STRS1912.dbc,DT_EXPED,object,27005,7263,26.9,5381
CNES/ST,2019,STRS1912.dbc,ORGEXPED,object,27005,7020,26.0,2
CNES/ST,2019,STRS1912.dbc,AV_ACRED,object,27005,27005,100.0,0
CNES/ST,2019,STRS1912.dbc,CLASAVAL,object,27005,27005,100.0,0
CNES/ST,2019,STRS1912.dbc,DT_ACRED,object,27005,27005,100.0,0
CNES/ST,2019,STRS1912.dbc,AV_PNASS,object,27005,27005,100.0,0
CNES/ST,2019,STRS1912.dbc,DT_PNASS,object,27005,27005,100.0,0
CNES/ST,2019,STRS1912.dbc,GESPRG1E,object,27005,0,0.0,2
CNES/ST,2019,STRS1912.dbc,GESPRG1M,object,27005,0,0.0,2
CNES/ST,2019,STRS1912.dbc,GESPRG2E,object,27005,0,0.0,2
CNES/ST,2019,STRS1912.dbc,GESPRG2M,object,27005,0,0.0,2
CNES/ST,2019,STRS1912.dbc,GESPRG4E,object,27005,0,0.0,2
CNES/ST,2019,STRS1912.dbc,GESPRG4M,object,27005,0,0.0,2
CNES/ST,2019,STRS1912.dbc,NIVATE_A,object,27005,0,0.0,2
CNES/ST,2019,STRS1912.dbc,GESPRG3E,object,27005,0,0.0,2
CNES/ST,2019,STRS1912.dbc,GESPRG3M,object,27005,0,0.0,2
CNES/ST,2019,STRS1912.dbc,GESPRG5E,object,27005,0,0.0,2
CNES/ST,2019,STRS1912.dbc,GESPRG5M,object,27005,0,0.0,2
CNES/ST,2019,STRS1912.dbc,GESPRG6E,object,27005,0,0.0,2
CNES/ST,2019,STRS1912.dbc,GESPRG6M,object,27005,0,0.0,2
CNES/ST,2019,STRS1912.dbc,NIVATE_H,object,27005,0,0.0,2
CNES/ST,2019,STRS1912.dbc,QTLEITP1,int64,27005,0,0.0,72
CNES/ST,2019,STRS1912.dbc,QTLEITP2,int64,27005,0,0.0,89
CNES/ST,2019,STRS1912.dbc,QTLEITP3,int64,27005,0,0.0,51
CNES/ST,2019,STRS1912.dbc,LEITHOSP,object,27005,0,0.0,2
CNES/ST,2019,STRS1912.dbc,QTINST01,int64,27005,0,0.0,8
CNES/ST,2019,STRS1912.dbc,QTINST02,int64,27005,0,0.0,3
CNES/ST,2019,STRS1912.dbc,QTINST03,int64,27005,0,0.0,4
CNES/ST,2019,STRS1912.dbc,QTINST04,int64,27005,0,0.0,12
CNES/ST,2019,STRS1912.dbc,QTINST05,int64,27005,0,0.0,5
CNES/ST,2019,STRS1912.dbc,QTINST06,int64,27005,0,0.0,5
CNES/ST,2019,STRS1912.dbc,QTINST07,int64,27005,0,0.0,5
CNES/ST,2019,STRS1912.dbc,QTINST08,int64,27005,0,0.0,9
CNES/ST,2019,STRS1912.dbc,QTINST09,int64,27005,0,0.0,8
CNES/ST,2019,STRS1912.dbc,QTINST10,int64,27005,0,0.0,5
CNES/ST,2019,STRS1912.dbc,QTINST11,int64,27005,0,0.0,7
CNES/ST,2019,STRS1912.dbc,QTINST12,int64,27005,0,0.0,6
CNES/ST,2019,STRS1912.dbc,QTINST13,int64,27005,0,0.0,4
CNES/ST,2019,STRS1912.dbc,QTINST14,int64,27005,0,0.0,16
CNES/ST,2019,STRS1912.dbc,URGEMERG,object,27005,0,0.0,2
CNES/ST,2019,STRS1912.dbc,QTINST15,int64,27005,0,0.0,29
CNES/ST,2019,STRS1912.dbc,QTINST16,int64,27005,0,0.0,34
CNES/ST,2019,STRS1912.dbc,QTINST17,int64,27005,0,0.0,25
CNES/ST,2019,STRS1912.dbc,QTINST18,int64,27005,0,0.0,24
CNES/ST,2019,STRS1912.dbc,QTINST19,int64,27005,0,0.0,5
CNES/ST,2019,STRS1912.dbc,QTINST20,int64,27005,0,0.0,8
CNES/ST,2019,STRS1912.dbc,QTINST21,int64,27005,0,0.0,5
CNES/ST,2019,STRS1912.dbc,QTINST22,int64,27005,0,0.0,15
CNES/ST,2019,STRS1912.dbc,QTINST23,int64,27005,0,0.0,20
CNES/ST,2019,STRS1912.dbc,QTINST24,int64,27005,0,0.0,7
CNES/ST,2019,STRS1912.dbc,QTINST25,int64,27005,0,0.0,12
CNES/ST,2019,STRS1912.dbc,QTINST26,int64,27005,0,0.0,8
CNES/ST,2019,STRS1912.dbc,QTINST27,int64,27005,0,0.0,7
CNES/ST,2019,STRS1912.dbc,QTINST28,int64,27005,0,0.0,8
CNES/ST,2019,STRS1912.dbc,QTINST29,int64,27005,0,0.0,7
CNES/ST,2019,STRS1912.dbc,QTINST30,int64,27005,0,0.0,10
CNES/ST,2019,STRS1912.dbc,ATENDAMB,object,27005,0,0.0,2
CNES/ST,2019,STRS1912.dbc,QTINST31,int64,27005,0,0.0,17
CNES/ST,2019,STRS1912.dbc,QTINST32,int64,27005,0,0.0,10
CNES/ST,2019,STRS1912.dbc,QTINST33,int64,27005,0,0.0,8
CNES/ST,2019,STRS1912.dbc,CENTRCIR,object,27005,0,0.0,2
CNES/ST,2019,STRS1912.dbc,QTINST34,int64,27005,0,0.0,8
CNES/ST,2019,STRS1912.dbc,QTINST35,int64,27005,0,0.0,5
CNES/ST,2019,STRS1912.dbc,QTINST36,int64,27005,0,0.0,4
CNES/ST,2019,STRS1912.dbc,QTINST37,int64,27005,0,0.0,6
CNES/ST,2019,STRS1912.dbc,CENTROBS,object,27005,0,0.0,2
CNES/ST,2019,STRS1912.dbc,QTLEIT05,int64,27005,0,0.0,14
CNES/ST,2019,STRS1912.dbc,QTLEIT06,int64,27005,0,0.0,11
CNES/ST,2019,STRS1912.dbc,QTLEIT07,int64,27005,0,0.0,12
CNES/ST,2019,STRS1912.dbc,QTLEIT08,int64,27005,0,0.0,25
CNES/ST,2019,STRS1912.dbc,QTLEIT09,int64,27005,0,0.0,7
CNES/ST,2019,STRS1912.dbc,QTLEIT19,int64,27005,0,0.0,10
CNES/ST,2019,STRS1912.dbc,QTLEIT20,int64,27005,0,0.0,12
CNES/ST,2019,STRS1912.dbc,QTLEIT21,int64,27005,0,0.0,9
CNES/ST,2019,STRS1912.dbc,QTLEIT22,int64,27005,0,0.0,22
CNES/ST,2019,STRS1912.dbc,QTLEIT23,int64,27005,0,0.0,5
CNES/ST,2019,STRS1912.dbc,QTLEIT32,int64,27005,0,0.0,36
CNES/ST,2019,STRS1912.dbc,QTLEIT34,int64,27005,0,0.0,11
CNES/ST,2019,STRS1912.dbc,QTLEIT38,int64,27005,0,0.0,15
CNES/ST,2019,STRS1912.dbc,QTLEIT39,int64,27005,0,0.0,14
CNES/ST,2019,STRS1912.dbc,QTLEIT40,int64,27005,0,0.0,36
CNES/ST,2019,STRS1912.dbc,CENTRNEO,object,27005,0,0.0,2
CNES/ST,2019,STRS1912.dbc,ATENDHOS,object,27005,0,0.0,2
CNES/ST,2019,STRS1912.dbc,SERAP01P,object,27005,0,0.0,2
CNES/ST,2019,STRS1912.dbc,SERAP01T,object,27005,0,0.0,2
CNES/ST,2019,STRS1912.dbc,SERAP02P,object,27005,0,0.0,2
CNES/ST,2019,STRS1912.dbc,SERAP02T,object,27005,0,0.0,2
CNES/ST,2019,STRS1912.dbc,SERAP03P,object,27005,0,0.0,2
CNES/ST,2019,STRS1912.dbc,SERAP03T,object,27005,0,0.0,2
CNES/ST,2019,STRS1912.dbc,SERAP04P,object,27005,0,0.0,2
CNES/ST,2019,STRS1912.dbc,SERAP04T,object,27005,0,0.0,2
CNES/ST,2019,STRS1912.dbc,SERAP05P,object,27005,0,0.0,2
CNES/ST,2019,STRS1912.dbc,SERAP05T,object,27005,0,0.0,2
CNES/ST,2019,STRS1912.dbc,SERAP06P,object,27005,0,0.0,2
CNES/ST,2019,STRS1912.dbc,SERAP06T,object,27005,0,0.0,2
CNES/ST,2019,STRS1912.dbc,SERAP07P,object,27005,0,0.0,2
CNES/ST,2019,STRS1912.dbc,SERAP07T,object,27005,0,0.0,2
CNES/ST,2019,STRS1912.dbc,SERAP08P,object,27005,0,0.0,2
CNES/ST,2019,STRS1912.dbc,SERAP08T,object,27005,0,0.0,2
CNES/ST,2019,STRS1912.dbc,SERAP09P,object,27005,0,0.0,2
CNES/ST,2019,STRS1912.dbc,SERAP09T,object,27005,0,0.0,2
CNES/ST,2019,STRS1912.dbc,SERAP10P,object,27005,0,0.0,2
CNES/ST,2019,STRS1912.dbc,SERAP10T,object,27005,0,0.0,2
CNES/ST,2019,STRS1912.dbc,SERAP11P,object,27005,0,0.0,2
CNES/ST,2019,STRS1912.dbc,SERAP11T,object,27005,0,0.0,2
CNES/ST,2019,STRS1912.dbc,SERAPOIO,object,27005,0,0.0,2
CNES/ST,2019,STRS1912.dbc,RES_BIOL,object,27005,0,0.0,2
CNES/ST,2019,STRS1912.dbc,RES_QUIM,object,27005,0,0.0,2
CNES/ST,2019,STRS1912.dbc,RES_RADI,object,27005,0,0.0,2
CNES/ST,2019,STRS1912.dbc,RES_COMU,object,27005,0,0.0,2
CNES/ST,2019,STRS1912.dbc,COLETRES,object,27005,0,0.0,2
CNES/ST,2019,STRS1912.dbc,COMISS01,object,27005,0,0.0,2
CNES/ST,2019,STRS1912.dbc,COMISS02,object,27005,0,0.0,2
CNES/ST,2019,STRS1912.dbc,COMISS03,object,27005,0,0.0,2
CNES/ST,2019,STRS1912.dbc,COMISS04,object,27005,0,0.0,2
CNES/ST,2019,STRS1912.dbc,COMISS05,object,27005,0,0.0,2
CNES/ST,2019,STRS1912.dbc,COMISS06,object,27005,0,0.0,2
CNES/ST,2019,STRS1912.dbc,COMISS07,object,27005,0,0.0,2
CNES/ST,2019,STRS1912.dbc,COMISS08,object,27005,0,0.0,2
CNES/ST,2019,STRS1912.dbc,COMISS09,object,27005,0,0.0,2
CNES/ST,2019,STRS1912.dbc,COMISS10,object,27005,0,0.0,2
CNES/ST,2019,STRS1912.dbc,COMISS11,object,27005,0,0.0,2
CNES/ST,2019,STRS1912.dbc,COMISS12,object,27005,0,0.0,2
CNES/ST,2019,STRS1912.dbc,COMISSAO,object,27005,0,0.0,2
CNES/ST,2019,STRS1912.dbc,AP01CV01,object,27005,0,0.0,2
CNES/ST,2019,STRS1912.dbc,AP01CV02,object,27005,0,0.0,2
CNES/ST,2019,STRS1912.dbc,AP01CV03,object,27005,0,0.0,1
CNES/ST,2019,STRS1912.dbc,AP01CV04,object,27005,0,0.0,1
CNES/ST,2019,STRS1912.dbc,AP01CV05,object,27005,0,0.0,2
CNES/ST,2019,STRS1912.dbc,AP01CV06,object,27005,0,0.0,2
CNES/ST,2019,STRS1912.dbc,AP01CV07,object,27005,27005,100.0,0
CNES/ST,2019,STRS1912.dbc,AP02CV01,object,27005,0,0.0,2
CNES/ST,2019,STRS1912.dbc,AP02CV02,object,27005,0,0.0,2
CNES/ST,2019,STRS1912.dbc,AP02CV03,object,27005,0,0.0,1
CNES/ST,2019,STRS1912.dbc,AP02CV04,object,27005,0,0.0,1
CNES/ST,2019,STRS1912.dbc,AP02CV05,object,27005,0,0.0,2
CNES/ST,2019,STRS1912.dbc,AP02CV06,object,27005,0,0.0,2
CNES/ST,2019,STRS1912.dbc,AP02CV07,object,27005,27005,100.0,0
CNES/ST,2019,STRS1912.dbc,AP03CV01,object,27005,0,0.0,2
CNES/ST,2019,STRS1912.dbc,AP03CV02,object,27005,0,0.0,2
CNES/ST,2019,STRS1912.dbc,AP03CV03,object,27005,0,0.0,1
CNES/ST,2019,STRS1912.dbc,AP03CV04,object,27005,0,0.0,1
CNES/ST,2019,STRS1912.dbc,AP03CV05,object,27005,0,0.0,2
CNES/ST,2019,STRS1912.dbc,AP03CV06,object,27005,0,0.0,2
CNES/ST,2019,STRS1912.dbc,AP03CV07,object,27005,27005,100.0,0
CNES/ST,2019,STRS1912.dbc,AP04CV01,object,27005,0,0.0,2
CNES/ST,2019,STRS1912.dbc,AP04CV02,object,27005,0,0.0,2
CNES/ST,2019,STRS1912.dbc,AP04CV03,object,27005,0,0.0,1
CNES/ST,2019,STRS1912.dbc,AP04CV04,object,27005,0,0.0,1
CNES/ST,2019,STRS1912.dbc,AP04CV05,object,27005,0,0.0,2
CNES/ST,2019,STRS1912.dbc,AP04CV06,object,27005,0,0.0,2
CNES/ST,2019,STRS1912.dbc,AP04CV07,object,27005,27005,100.0,0
CNES/ST,2019,STRS1912.dbc,AP05CV01,object,27005,0,0.0,2
CNES/ST,2019,STRS1912.dbc,AP05CV02,object,27005,0,0.0,2
CNES/ST,2019,STRS1912.dbc,AP05CV03,object,27005,0,0.0,1
CNES/ST,2019,STRS1912.dbc,AP05CV04,object,27005,0,0.0,1
CNES/ST,2019,STRS1912.dbc,AP05CV05,object,27005,0,0.0,2
CNES/ST,2019,STRS1912.dbc,AP05CV06,object,27005,0,0.0,2
CNES/ST,2019,STRS1912.dbc,AP05CV07,object,27005,27005,100.0,0
CNES/ST,2019,STRS1912.dbc,AP06CV01,object,27005,0,0.0,2
CNES/ST,2019,STRS1912.dbc,AP06CV02,object,27005,0,0.0,2
CNES/ST,2019,STRS1912.dbc,AP06CV03,object,27005,0,0.0,1
CNES/ST,2019,STRS1912.dbc,AP06CV04,object,27005,0,0.0,1
CNES/ST,2019,STRS1912.dbc,AP06CV05,object,27005,0,0.0,2
CNES/ST,2019,STRS1912.dbc,AP06CV06,object,27005,0,0.0,2
CNES/ST,2019,STRS1912.dbc,AP06CV07,object,27005,27005,100.0,0
CNES/ST,2019,STRS1912.dbc,AP07CV01,object,27005,0,0.0,2
CNES/ST,2019,STRS1912.dbc,AP07CV02,object,27005,0,0.0,2
CNES/ST,2019,STRS1912.dbc,AP07CV03,object,27005,0,0.0,1
CNES/ST,2019,STRS1912.dbc,AP07CV04,object,27005,0,0.0,1
CNES/ST,2019,STRS1912.dbc,AP07CV05,object,27005,0,0.0,2
CNES/ST,2019,STRS1912.dbc,AP07CV06,object,27005,0,0.0,2
CNES/ST,2019,STRS1912.dbc,AP07CV07,object,27005,27005,100.0,0
CNES/ST,2019,STRS1912.dbc,ATEND_PR,object,27005,0,0.0,2
CNES/ST,2019,STRS1912.dbc,DT_ATUAL,object,27005,0,0.0,75
CNES/ST,2019,STRS1912.dbc,COMPETEN,object,27005,0,0.0,1
CNES/ST,2019,STRS1912.dbc,NAT_JUR,object,27005,0,0.0,38
CNES/ST,2020,STRS2012.dbc,CNES,object,28330,0,0.0,28330
CNES/ST,2020,STRS2012.dbc,CODUFMUN,object,28330,0,0.0,497
CNES/ST,2020,STRS2012.dbc,COD_CEP,object,28330,0,0.0,4348
CNES/ST,2020,STRS2012.dbc,CPF_CNPJ,object,28330,0,0.0,22993
CNES/ST,2020,STRS2012.dbc,PF_PJ,object,28330,0,0.0,2
CNES/ST,2020,STRS2012.dbc,NIV_DEP,object,28330,0,0.0,2
CNES/ST,2020,STRS2012.dbc,CNPJ_MAN,object,28330,0,0.0,534
CNES/ST,2020,STRS2012.dbc,COD_IR,object,28330,28330,100.0,0
CNES/ST,2020,STRS2012.dbc,REGSAUDE,object,28330,11421,40.31,190
CNES/ST,2020,STRS2012.dbc,MICR_REG,object,28330,27045,95.46,104
CNES/ST,2020,STRS2012.dbc,DISTRSAN,object,28330,26786,94.55,17
CNES/ST,2020,STRS2012.dbc,DISTRADM,object,28330,28268,99.78,14
CNES/ST,2020,STRS2012.dbc,VINC_SUS,object,28330,0,0.0,2
CNES/ST,2020,STRS2012.dbc,TPGESTAO,object,28330,0,0.0,3
CNES/ST,2020,STRS2012.dbc,ESFERA_A,object,28330,28330,100.0,0
CNES/ST,2020,STRS2012.dbc,RETENCAO,object,28330,28330,100.0,0
CNES/ST,2020,STRS2012.dbc,ATIVIDAD,object,28330,0,0.0,5
CNES/ST,2020,STRS2012.dbc,NATUREZA,object,28330,28330,100.0,0
CNES/ST,2020,STRS2012.dbc,CLIENTEL,object,28330,552,1.95,3
CNES/ST,2020,STRS2012.dbc,TP_UNID,object,28330,0,0.0,37
CNES/ST,2020,STRS2012.dbc,TURNO_AT,object,28330,27,0.1,7
CNES/ST,2020,STRS2012.dbc,NIV_HIER,object,28330,28330,100.0,0
CNES/ST,2020,STRS2012.dbc,TP_PREST,object,28330,0,0.0,1
CNES/ST,2020,STRS2012.dbc,CO_BANCO,object,28330,24999,88.24,78
CNES/ST,2020,STRS2012.dbc,CO_AGENC,object,28330,24999,88.24,791
CNES/ST,2020,STRS2012.dbc,C_CORREN,object,28330,24999,88.24,3042
CNES/ST,2020,STRS2012.dbc,CONTRATM,object,28330,28330,100.0,0
CNES/ST,2020,STRS2012.dbc,DT_PUBLM,object,28330,28330,100.0,0
CNES/ST,2020,STRS2012.dbc,CONTRATE,object,28330,28330,100.0,0
CNES/ST,2020,STRS2012.dbc,DT_PUBLE,object,28330,28330,100.0,0
CNES/ST,2020,STRS2012.dbc,ALVARA,object,28330,7823,27.61,17442
CNES/ST,2020,STRS2012.dbc,DT_EXPED,object,28330,7754,27.37,5583
CNES/ST,2020,STRS2012.dbc,ORGEXPED,object,28330,7505,26.49,2
CNES/ST,2020,STRS2012.dbc,AV_ACRED,object,28330,28330,100.0,0
CNES/ST,2020,STRS2012.dbc,CLASAVAL,object,28330,28330,100.0,0
CNES/ST,2020,STRS2012.dbc,DT_ACRED,object,28330,28330,100.0,0
CNES/ST,2020,STRS2012.dbc,AV_PNASS,object,28330,28330,100.0,0
CNES/ST,2020,STRS2012.dbc,DT_PNASS,object,28330,28330,100.0,0
CNES/ST,2020,STRS2012.dbc,GESPRG1E,object,28330,0,0.0,2
CNES/ST,2020,STRS2012.dbc,GESPRG1M,object,28330,0,0.0,2
CNES/ST,2020,STRS2012.dbc,GESPRG2E,object,28330,0,0.0,2
CNES/ST,2020,STRS2012.dbc,GESPRG2M,object,28330,0,0.0,2
CNES/ST,2020,STRS2012.dbc,GESPRG4E,object,28330,0,0.0,2
CNES/ST,2020,STRS2012.dbc,GESPRG4M,object,28330,0,0.0,2
CNES/ST,2020,STRS2012.dbc,NIVATE_A,object,28330,0,0.0,2
CNES/ST,2020,STRS2012.dbc,GESPRG3E,object,28330,0,0.0,2
CNES/ST,2020,STRS2012.dbc,GESPRG3M,object,28330,0,0.0,2
CNES/ST,2020,STRS2012.dbc,GESPRG5E,object,28330,0,0.0,2
CNES/ST,2020,STRS2012.dbc,GESPRG5M,object,28330,0,0.0,2
CNES/ST,2020,STRS2012.dbc,GESPRG6E,object,28330,0,0.0,2
CNES/ST,2020,STRS2012.dbc,GESPRG6M,object,28330,0,0.0,2
CNES/ST,2020,STRS2012.dbc,NIVATE_H,object,28330,0,0.0,2
CNES/ST,2020,STRS2012.dbc,QTLEITP1,int64,28330,0,0.0,69
CNES/ST,2020,STRS2012.dbc,QTLEITP2,int64,28330,0,0.0,98
CNES/ST,2020,STRS2012.dbc,QTLEITP3,int64,28330,0,0.0,61
CNES/ST,2020,STRS2012.dbc,LEITHOSP,object,28330,0,0.0,2
CNES/ST,2020,STRS2012.dbc,QTINST01,int64,28330,0,0.0,7
CNES/ST,2020,STRS2012.dbc,QTINST02,int64,28330,0,0.0,3
CNES/ST,2020,STRS2012.dbc,QTINST03,int64,28330,0,0.0,4
CNES/ST,2020,STRS2012.dbc,QTINST04,int64,28330,0,0.0,12
CNES/ST,2020,STRS2012.dbc,QTINST05,int64,28330,0,0.0,6
CNES/ST,2020,STRS2012.dbc,QTINST06,int64,28330,0,0.0,5
CNES/ST,2020,STRS2012.dbc,QTINST07,int64,28330,0,0.0,5
CNES/ST,2020,STRS2012.dbc,QTINST08,int64,28330,0,0.0,12
CNES/ST,2020,STRS2012.dbc,QTINST09,int64,28330,0,0.0,8
CNES/ST,2020,STRS2012.dbc,QTINST10,int64,28330,0,0.0,6
CNES/ST,2020,STRS2012.dbc,QTINST11,int64,28330,0,0.0,7
CNES/ST,2020,STRS2012.dbc,QTINST12,int64,28330,0,0.0,6
CNES/ST,2020,STRS2012.dbc,QTINST13,int64,28330,0,0.0,4
CNES/ST,2020,STRS2012.dbc,QTINST14,int64,28330,0,0.0,17
CNES/ST,2020,STRS2012.dbc,URGEMERG,object,28330,0,0.0,2
CNES/ST,2020,STRS2012.dbc,QTINST15,int64,28330,0,0.0,29
CNES/ST,2020,STRS2012.dbc,QTINST16,int64,28330,0,0.0,34
CNES/ST,2020,STRS2012.dbc,QTINST17,int64,28330,0,0.0,28
CNES/ST,2020,STRS2012.dbc,QTINST18,int64,28330,0,0.0,24
CNES/ST,2020,STRS2012.dbc,QTINST19,int64,28330,0,0.0,6
CNES/ST,2020,STRS2012.dbc,QTINST20,int64,28330,0,0.0,8
CNES/ST,2020,STRS2012.dbc,QTINST21,int64,28330,0,0.0,5
CNES/ST,2020,STRS2012.dbc,QTINST22,int64,28330,0,0.0,13
CNES/ST,2020,STRS2012.dbc,QTINST23,int64,28330,0,0.0,22
CNES/ST,2020,STRS2012.dbc,QTINST24,int64,28330,0,0.0,7
CNES/ST,2020,STRS2012.dbc,QTINST25,int64,28330,0,0.0,14
CNES/ST,2020,STRS2012.dbc,QTINST26,int64,28330,0,0.0,8
CNES/ST,2020,STRS2012.dbc,QTINST27,int64,28330,0,0.0,7
CNES/ST,2020,STRS2012.dbc,QTINST28,int64,28330,0,0.0,8
CNES/ST,2020,STRS2012.dbc,QTINST29,int64,28330,0,0.0,7
CNES/ST,2020,STRS2012.dbc,QTINST30,int64,28330,0,0.0,10
CNES/ST,2020,STRS2012.dbc,ATENDAMB,object,28330,0,0.0,2
CNES/ST,2020,STRS2012.dbc,QTINST31,int64,28330,0,0.0,16
CNES/ST,2020,STRS2012.dbc,QTINST32,int64,28330,0,0.0,8
CNES/ST,2020,STRS2012.dbc,QTINST33,int64,28330,0,0.0,8
CNES/ST,2020,STRS2012.dbc,CENTRCIR,object,28330,0,0.0,2
CNES/ST,2020,STRS2012.dbc,QTINST34,int64,28330,0,0.0,8
CNES/ST,2020,STRS2012.dbc,QTINST35,int64,28330,0,0.0,5
CNES/ST,2020,STRS2012.dbc,QTINST36,int64,28330,0,0.0,4
CNES/ST,2020,STRS2012.dbc,QTINST37,int64,28330,0,0.0,6
CNES/ST,2020,STRS2012.dbc,CENTROBS,object,28330,0,0.0,2
CNES/ST,2020,STRS2012.dbc,QTLEIT05,int64,28330,0,0.0,15
CNES/ST,2020,STRS2012.dbc,QTLEIT06,int64,28330,0,0.0,12
CNES/ST,2020,STRS2012.dbc,QTLEIT07,int64,28330,0,0.0,12
CNES/ST,2020,STRS2012.dbc,QTLEIT08,int64,28330,0,0.0,27
CNES/ST,2020,STRS2012.dbc,QTLEIT09,int64,28330,0,0.0,7
CNES/ST,2020,STRS2012.dbc,QTLEIT19,int64,28330,0,0.0,11
CNES/ST,2020,STRS2012.dbc,QTLEIT20,int64,28330,0,0.0,13
CNES/ST,2020,STRS2012.dbc,QTLEIT21,int64,28330,0,0.0,9
CNES/ST,2020,STRS2012.dbc,QTLEIT22,int64,28330,0,0.0,21
CNES/ST,2020,STRS2012.dbc,QTLEIT23,int64,28330,0,0.0,5
CNES/ST,2020,STRS2012.dbc,QTLEIT32,int64,28330,0,0.0,35
CNES/ST,2020,STRS2012.dbc,QTLEIT34,int64,28330,0,0.0,11
CNES/ST,2020,STRS2012.dbc,QTLEIT38,int64,28330,0,0.0,15
CNES/ST,2020,STRS2012.dbc,QTLEIT39,int64,28330,0,0.0,14
CNES/ST,2020,STRS2012.dbc,QTLEIT40,int64,28330,0,0.0,36
CNES/ST,2020,STRS2012.dbc,CENTRNEO,object,28330,0,0.0,2
CNES/ST,2020,STRS2012.dbc,ATENDHOS,object,28330,0,0.0,2
CNES/ST,2020,STRS2012.dbc,SERAP01P,object,28330,0,0.0,2
CNES/ST,2020,STRS2012.dbc,SERAP01T,object,28330,0,0.0,2
CNES/ST,2020,STRS2012.dbc,SERAP02P,object,28330,0,0.0,2
CNES/ST,2020,STRS2012.dbc,SERAP02T,object,28330,0,0.0,2
CNES/ST,2020,STRS2012.dbc,SERAP03P,object,28330,0,0.0,2
CNES/ST,2020,STRS2012.dbc,SERAP03T,object,28330,0,0.0,2
CNES/ST,2020,STRS2012.dbc,SERAP04P,object,28330,0,0.0,2
CNES/ST,2020,STRS2012.dbc,SERAP04T,object,28330,0,0.0,2
CNES/ST,2020,STRS2012.dbc,SERAP05P,object,28330,0,0.0,2
CNES/ST,2020,STRS2012.dbc,SERAP05T,object,28330,0,0.0,2
CNES/ST,2020,STRS2012.dbc,SERAP06P,object,28330,0,0.0,2
CNES/ST,2020,STRS2012.dbc,SERAP06T,object,28330,0,0.0,2
CNES/ST,2020,STRS2012.dbc,SERAP07P,object,28330,0,0.0,2
CNES/ST,2020,STRS2012.dbc,SERAP07T,object,28330,0,0.0,2
CNES/ST,2020,STRS2012.dbc,SERAP08P,object,28330,0,0.0,2
CNES/ST,2020,STRS2012.dbc,SERAP08T,object,28330,0,0.0,2
CNES/ST,2020,STRS2012.dbc,SERAP09P,object,28330,0,0.0,2
CNES/ST,2020,STRS2012.dbc,SERAP09T,object,28330,0,0.0,2
CNES/ST,2020,STRS2012.dbc,SERAP10P,object,28330,0,0.0,2
CNES/ST,2020,STRS2012.dbc,SERAP10T,object,28330,0,0.0,2
CNES/ST,2020,STRS2012.dbc,SERAP11P,object,28330,0,0.0,2
CNES/ST,2020,STRS2012.dbc,SERAP11T,object,28330,0,0.0,2
CNES/ST,2020,STRS2012.dbc,SERAPOIO,object,28330,0,0.0,2
CNES/ST,2020,STRS2012.dbc,RES_BIOL,object,28330,0,0.0,2
CNES/ST,2020,STRS2012.dbc,RES_QUIM,object,28330,0,0.0,2
CNES/ST,2020,STRS2012.dbc,RES_RADI,object,28330,0,0.0,2
CNES/ST,2020,STRS2012.dbc,RES_COMU,object,28330,0,0.0,2
CNES/ST,2020,STRS2012.dbc,COLETRES,object,28330,0,0.0,2
CNES/ST,2020,STRS2012.dbc,COMISS01,object,28330,0,0.0,2
CNES/ST,2020,STRS2012.dbc,COMISS02,object,28330,0,0.0,2
CNES/ST,2020,STRS2012.dbc,COMISS03,object,28330,0,0.0,2
CNES/ST,2020,STRS2012.dbc,COMISS04,object,28330,0,0.0,2
CNES/ST,2020,STRS2012.dbc,COMISS05,object,28330,0,0.0,2
CNES/ST,2020,STRS2012.dbc,COMISS06,object,28330,0,0.0,2
CNES/ST,2020,STRS2012.dbc,COMISS07,object,28330,0,0.0,2
CNES/ST,2020,STRS2012.dbc,COMISS08,object,28330,0,0.0,2
CNES/ST,2020,STRS2012.dbc,COMISS09,object,28330,0,0.0,2
CNES/ST,2020,STRS2012.dbc,COMISS10,object,28330,0,0.0,2
CNES/ST,2020,STRS2012.dbc,COMISS11,object,28330,0,0.0,2
CNES/ST,2020,STRS2012.dbc,COMISS12,object,28330,0,0.0,2
CNES/ST,2020,STRS2012.dbc,COMISSAO,object,28330,0,0.0,2
CNES/ST,2020,STRS2012.dbc,AP01CV01,object,28330,0,0.0,2
CNES/ST,2020,STRS2012.dbc,AP01CV02,object,28330,0,0.0,2
CNES/ST,2020,STRS2012.dbc,AP01CV03,object,28330,0,0.0,1
CNES/ST,2020,STRS2012.dbc,AP01CV04,object,28330,0,0.0,1
CNES/ST,2020,STRS2012.dbc,AP01CV05,object,28330,0,0.0,2
CNES/ST,2020,STRS2012.dbc,AP01CV06,object,28330,0,0.0,2
CNES/ST,2020,STRS2012.dbc,AP01CV07,object,28330,0,0.0,2
CNES/ST,2020,STRS2012.dbc,AP02CV01,object,28330,0,0.0,2
CNES/ST,2020,STRS2012.dbc,AP02CV02,object,28330,0,0.0,2
CNES/ST,2020,STRS2012.dbc,AP02CV03,object,28330,0,0.0,1
CNES/ST,2020,STRS2012.dbc,AP02CV04,object,28330,0,0.0,1
CNES/ST,2020,STRS2012.dbc,AP02CV05,object,28330,0,0.0,2
CNES/ST,2020,STRS2012.dbc,AP02CV06,object,28330,0,0.0,2
CNES/ST,2020,STRS2012.dbc,AP02CV07,object,28330,0,0.0,2
CNES/ST,2020,STRS2012.dbc,AP03CV01,object,28330,0,0.0,2
CNES/ST,2020,STRS2012.dbc,AP03CV02,object,28330,0,0.0,2
CNES/ST,2020,STRS2012.dbc,AP03CV03,object,28330,0,0.0,1
CNES/ST,2020,STRS2012.dbc,AP03CV04,object,28330,0,0.0,1
CNES/ST,2020,STRS2012.dbc,AP03CV05,object,28330,0,0.0,2
CNES/ST,2020,STRS2012.dbc,AP03CV06,object,28330,0,0.0,2
CNES/ST,2020,STRS2012.dbc,AP03CV07,object,28330,0,0.0,2
CNES/ST,2020,STRS2012.dbc,AP04CV01,object,28330,0,0.0,2
CNES/ST,2020,STRS2012.dbc,AP04CV02,object,28330,0,0.0,2
CNES/ST,2020,STRS2012.dbc,AP04CV03,object,28330,0,0.0,1
CNES/ST,2020,STRS2012.dbc,AP04CV04,object,28330,0,0.0,1
CNES/ST,2020,STRS2012.dbc,AP04CV05,object,28330,0,0.0,2
CNES/ST,2020,STRS2012.dbc,AP04CV06,object,28330,0,0.0,2
CNES/ST,2020,STRS2012.dbc,AP04CV07,object,28330,0,0.0,2
CNES/ST,2020,STRS2012.dbc,AP05CV01,object,28330,0,0.0,2
CNES/ST,2020,STRS2012.dbc,AP05CV02,object,28330,0,0.0,2
CNES/ST,2020,STRS2012.dbc,AP05CV03,object,28330,0,0.0,1
CNES/ST,2020,STRS2012.dbc,AP05CV04,object,28330,0,0.0,1
CNES/ST,2020,STRS2012.dbc,AP05CV05,object,28330,0,0.0,2
CNES/ST,2020,STRS2012.dbc,AP05CV06,object,28330,0,0.0,2
CNES/ST,2020,STRS2012.dbc,AP05CV07,object,28330,0,0.0,2
CNES/ST,2020,STRS2012.dbc,AP06CV01,object,28330,0,0.0,2
CNES/ST,2020,STRS2012.dbc,AP06CV02,object,28330,0,0.0,2
CNES/ST,2020,STRS2012.dbc,AP06CV03,object,28330,0,0.0,1
CNES/ST,2020,STRS2012.dbc,AP06CV04,object,28330,0,0.0,1
CNES/ST,2020,STRS2012.dbc,AP06CV05,object,28330,0,0.0,2
CNES/ST,2020,STRS2012.dbc,AP06CV06,object,28330,0,0.0,2
CNES/ST,2020,STRS2012.dbc,AP06CV07,object,28330,0,0.0,2
CNES/ST,2020,STRS2012.dbc,AP07CV01,object,28330,0,0.0,2
CNES/ST,2020,STRS2012.dbc,AP07CV02,object,28330,0,0.0,2
CNES/ST,2020,STRS2012.dbc,AP07CV03,object,28330,0,0.0,1
CNES/ST,2020,STRS2012.dbc,AP07CV04,object,28330,0,0.0,1
CNES/ST,2020,STRS2012.dbc,AP07CV05,object,28330,0,0.0,2
CNES/ST,2020,STRS2012.dbc,AP07CV06,object,28330,0,0.0,2
CNES/ST,2020,STRS2012.dbc,AP07CV07,object,28330,0,0.0,2
CNES/ST,2020,STRS2012.dbc,ATEND_PR,object,28330,0,0.0,1
CNES/ST,2020,STRS2012.dbc,DT_ATUAL,object,28330,0,0.0,47
CNES/ST,2020,STRS2012.dbc,COMPETEN,object,28330,0,0.0,1
CNES/ST,2020,STRS2012.dbc,NAT_JUR,object,28330,0,0.0,37
CNES/ST,2021,STRS2112.dbc,CNES,object,31004,0,0.0,31004
CNES/ST,2021,STRS2112.dbc,CODUFMUN,object,31004,0,0.0,497
CNES/ST,2021,STRS2112.dbc,COD_CEP,object,31004,0,0.0,4739
CNES/ST,2021,STRS2112.dbc,CPF_CNPJ,object,31004,0,0.0,25531
CNES/ST,2021,STRS2112.dbc,PF_PJ,object,31004,0,0.0,2
CNES/ST,2021,STRS2112.dbc,NIV_DEP,object,31004,0,0.0,2
CNES/ST,2021,STRS2112.dbc,CNPJ_MAN,object,31004,0,0.0,538
CNES/ST,2021,STRS2112.dbc,COD_IR,object,31004,31004,100.0,0
CNES/ST,2021,STRS2112.dbc,REGSAUDE,object,31004,13381,43.16,194
CNES/ST,2021,STRS2112.dbc,MICR_REG,object,31004,29552,95.32,111
CNES/ST,2021,STRS2112.dbc,DISTRSAN,object,31004,29057,93.72,17
CNES/ST,2021,STRS2112.dbc,DISTRADM,object,31004,30941,99.8,15
CNES/ST,2021,STRS2112.dbc,VINC_SUS,object,31004,0,0.0,2
CNES/ST,2021,STRS2112.dbc,TPGESTAO,object,31004,0,0.0,3
CNES/ST,2021,STRS2112.dbc,ESFERA_A,object,31004,31004,100.0,0
CNES/ST,2021,STRS2112.dbc,RETENCAO,object,31004,31004,100.0,0
CNES/ST,2021,STRS2112.dbc,ATIVIDAD,object,31004,0,0.0,5
CNES/ST,2021,STRS2112.dbc,NATUREZA,object,31004,31004,100.0,0
CNES/ST,2021,STRS2112.dbc,CLIENTEL,object,31004,566,1.83,3
CNES/ST,2021,STRS2112.dbc,TP_UNID,object,31004,0,0.0,37
CNES/ST,2021,STRS2112.dbc,TURNO_AT,object,31004,36,0.12,7
CNES/ST,2021,STRS2112.dbc,NIV_HIER,object,31004,31004,100.0,0
CNES/ST,2021,STRS2112.dbc,TP_PREST,object,31004,0,0.0,1
CNES/ST,2021,STRS2112.dbc,CO_BANCO,object,31004,27499,88.7,80
CNES/ST,2021,STRS2112.dbc,CO_AGENC,object,31004,27499,88.7,849
CNES/ST,2021,STRS2112.dbc,C_CORREN,object,31004,27499,88.7,3192
CNES/ST,2021,STRS2112.dbc,CONTRATM,object,31004,31004,100.0,0
CNES/ST,2021,STRS2112.dbc,DT_PUBLM,object,31004,31004,100.0,0
CNES/ST,2021,STRS2112.dbc,CONTRATE,object,31004,31004,100.0,0
CNES/ST,2021,STRS2112.dbc,DT_PUBLE,object,31004,31004,100.0,0
CNES/ST,2021,STRS2112.dbc,ALVARA,object,31004,9075,29.27,18639
CNES/ST,2021,STRS2112.dbc,DT_EXPED,object,31004,8991,29.0,5846
CNES/ST,2021,STRS2112.dbc,ORGEXPED,object,31004,8751,28.23,2
CNES/ST,2021,STRS2112.dbc,AV_ACRED,object,31004,31004,100.0,0
CNES/ST,2021,STRS2112.dbc,CLASAVAL,object,31004,31004,100.0,0
CNES/ST,2021,STRS2112.dbc,DT_ACRED,object,31004,31004,100.0,0
CNES/ST,2021,STRS2112.dbc,AV_PNASS,object,31004,31004,100.0,0
CNES/ST,2021,STRS2112.dbc,DT_PNASS,object,31004,31004,100.0,0
CNES/ST,2021,STRS2112.dbc,GESPRG1E,object,31004,0,0.0,2
CNES/ST,2021,STRS2112.dbc,GESPRG1M,object,31004,0,0.0,2
CNES/ST,2021,STRS2112.dbc,GESPRG2E,object,31004,0,0.0,2
CNES/ST,2021,STRS2112.dbc,GESPRG2M,object,31004,0,0.0,2
CNES/ST,2021,STRS2112.dbc,GESPRG4E,object,31004,0,0.0,2
CNES/ST,2021,STRS2112.dbc,GESPRG4M,object,31004,0,0.0,2
CNES/ST,2021,STRS2112.dbc,NIVATE_A,object,31004,0,0.0,2
CNES/ST,2021,STRS2112.dbc,GESPRG3E,object,31004,0,0.0,2
CNES/ST,2021,STRS2112.dbc,GESPRG3M,object,31004,0,0.0,2
CNES/ST,2021,STRS2112.dbc,GESPRG5E,object,31004,0,0.0,2
CNES/ST,2021,STRS2112.dbc,GESPRG5M,object,31004,0,0.0,2
CNES/ST,2021,STRS2112.dbc,GESPRG6E,object,31004,0,0.0,2
CNES/ST,2021,STRS2112.dbc,GESPRG6M,object,31004,0,0.0,2
CNES/ST,2021,STRS2112.dbc,NIVATE_H,object,31004,0,0.0,2
CNES/ST,2021,STRS2112.dbc,QTLEITP1,int64,31004,0,0.0,70
CNES/ST,2021,STRS2112.dbc,QTLEITP2,int64,31004,0,0.0,97
CNES/ST,2021,STRS2112.dbc,QTLEITP3,int64,31004,0,0.0,62
CNES/ST,2021,STRS2112.dbc,LEITHOSP,object,31004,0,0.0,2
CNES/ST,2021,STRS2112.dbc,QTINST01,int64,31004,0,0.0,7
CNES/ST,2021,STRS2112.dbc,QTINST02,int64,31004,0,0.0,3
CNES/ST,2021,STRS2112.dbc,QTINST03,int64,31004,0,0.0,4
CNES/ST,2021,STRS2112.dbc,QTINST04,int64,31004,0,0.0,12
CNES/ST,2021,STRS2112.dbc,QTINST05,int64,31004,0,0.0,5
CNES/ST,2021,STRS2112.dbc,QTINST06,int64,31004,0,0.0,5
CNES/ST,2021,STRS2112.dbc,QTINST07,int64,31004,0,0.0,5
CNES/ST,2021,STRS2112.dbc,QTINST08,int64,31004,0,0.0,11
CNES/ST,2021,STRS2112.dbc,QTINST09,int64,31004,0,0.0,8
CNES/ST,2021,STRS2112.dbc,QTINST10,int64,31004,0,0.0,6
CNES/ST,2021,STRS2112.dbc,QTINST11,int64,31004,0,0.0,6
CNES/ST,2021,STRS2112.dbc,QTINST12,int64,31004,0,0.0,6
CNES/ST,2021,STRS2112.dbc,QTINST13,int64,31004,0,0.0,4
CNES/ST,2021,STRS2112.dbc,QTINST14,int64,31004,0,0.0,17
CNES/ST,2021,STRS2112.dbc,URGEMERG,object,31004,0,0.0,2
CNES/ST,2021,STRS2112.dbc,QTINST15,int64,31004,0,0.0,29
CNES/ST,2021,STRS2112.dbc,QTINST16,int64,31004,0,0.0,35
CNES/ST,2021,STRS2112.dbc,QTINST17,int64,31004,0,0.0,28
CNES/ST,2021,STRS2112.dbc,QTINST18,int64,31004,0,0.0,24
CNES/ST,2021,STRS2112.dbc,QTINST19,int64,31004,0,0.0,7
CNES/ST,2021,STRS2112.dbc,QTINST20,int64,31004,0,0.0,8
CNES/ST,2021,STRS2112.dbc,QTINST21,int64,31004,0,0.0,5
CNES/ST,2021,STRS2112.dbc,QTINST22,int64,31004,0,0.0,14
CNES/ST,2021,STRS2112.dbc,QTINST23,int64,31004,0,0.0,23
CNES/ST,2021,STRS2112.dbc,QTINST24,int64,31004,0,0.0,7
CNES/ST,2021,STRS2112.dbc,QTINST25,int64,31004,0,0.0,13
CNES/ST,2021,STRS2112.dbc,QTINST26,int64,31004,0,0.0,8
CNES/ST,2021,STRS2112.dbc,QTINST27,int64,31004,0,0.0,7
CNES/ST,2021,STRS2112.dbc,QTINST28,int64,31004,0,0.0,8
CNES/ST,2021,STRS2112.dbc,QTINST29,int64,31004,0,0.0,7
CNES/ST,2021,STRS2112.dbc,QTINST30,int64,31004,0,0.0,10
CNES/ST,2021,STRS2112.dbc,ATENDAMB,object,31004,0,0.0,2
CNES/ST,2021,STRS2112.dbc,QTINST31,int64,31004,0,0.0,17
CNES/ST,2021,STRS2112.dbc,QTINST32,int64,31004,0,0.0,8
CNES/ST,2021,STRS2112.dbc,QTINST33,int64,31004,0,0.0,8
CNES/ST,2021,STRS2112.dbc,CENTRCIR,object,31004,0,0.0,2
CNES/ST,2021,STRS2112.dbc,QTINST34,int64,31004,0,0.0,8
CNES/ST,2021,STRS2112.dbc,QTINST35,int64,31004,0,0.0,5
CNES/ST,2021,STRS2112.dbc,QTINST36,int64,31004,0,0.0,4
CNES/ST,2021,STRS2112.dbc,QTINST37,int64,31004,0,0.0,6
CNES/ST,2021,STRS2112.dbc,CENTROBS,object,31004,0,0.0,2
CNES/ST,2021,STRS2112.dbc,QTLEIT05,int64,31004,0,0.0,14
CNES/ST,2021,STRS2112.dbc,QTLEIT06,int64,31004,0,0.0,12
CNES/ST,2021,STRS2112.dbc,QTLEIT07,int64,31004,0,0.0,12
CNES/ST,2021,STRS2112.dbc,QTLEIT08,int64,31004,0,0.0,26
CNES/ST,2021,STRS2112.dbc,QTLEIT09,int64,31004,0,0.0,6
CNES/ST,2021,STRS2112.dbc,QTLEIT19,int64,31004,0,0.0,14
CNES/ST,2021,STRS2112.dbc,QTLEIT20,int64,31004,0,0.0,15
CNES/ST,2021,STRS2112.dbc,QTLEIT21,int64,31004,0,0.0,8
CNES/ST,2021,STRS2112.dbc,QTLEIT22,int64,31004,0,0.0,24
CNES/ST,2021,STRS2112.dbc,QTLEIT23,int64,31004,0,0.0,5
CNES/ST,2021,STRS2112.dbc,QTLEIT32,int64,31004,0,0.0,33
CNES/ST,2021,STRS2112.dbc,QTLEIT34,int64,31004,0,0.0,11
CNES/ST,2021,STRS2112.dbc,QTLEIT38,int64,31004,0,0.0,16
CNES/ST,2021,STRS2112.dbc,QTLEIT39,int64,31004,0,0.0,14
CNES/ST,2021,STRS2112.dbc,QTLEIT40,int64,31004,0,0.0,35
CNES/ST,2021,STRS2112.dbc,CENTRNEO,object,31004,0,0.0,2
CNES/ST,2021,STRS2112.dbc,ATENDHOS,object,31004,0,0.0,2
CNES/ST,2021,STRS2112.dbc,SERAP01P,object,31004,0,0.0,2
CNES/ST,2021,STRS2112.dbc,SERAP01T,object,31004,0,0.0,2
CNES/ST,2021,STRS2112.dbc,SERAP02P,object,31004,0,0.0,2
CNES/ST,2021,STRS2112.dbc,SERAP02T,object,31004,0,0.0,2
CNES/ST,2021,STRS2112.dbc,SERAP03P,object,31004,0,0.0,2
CNES/ST,2021,STRS2112.dbc,SERAP03T,object,31004,0,0.0,2
CNES/ST,2021,STRS2112.dbc,SERAP04P,object,31004,0,0.0,2
CNES/ST,2021,STRS2112.dbc,SERAP04T,object,31004,0,0.0,2
CNES/ST,2021,STRS2112.dbc,SERAP05P,object,31004,0,0.0,2
CNES/ST,2021,STRS2112.dbc,SERAP05T,object,31004,0,0.0,2
CNES/ST,2021,STRS2112.dbc,SERAP06P,object,31004,0,0.0,2
CNES/ST,2021,STRS2112.dbc,SERAP06T,object,31004,0,0.0,2
CNES/ST,2021,STRS2112.dbc,SERAP07P,object,31004,0,0.0,2
CNES/ST,2021,STRS2112.dbc,SERAP07T,object,31004,0,0.0,2
CNES/ST,2021,STRS2112.dbc,SERAP08P,object,31004,0,0.0,2
CNES/ST,2021,STRS2112.dbc,SERAP08T,object,31004,0,0.0,2
CNES/ST,2021,STRS2112.dbc,SERAP09P,object,31004,0,0.0,2
CNES/ST,2021,STRS2112.dbc,SERAP09T,object,31004,0,0.0,2
CNES/ST,2021,STRS2112.dbc,SERAP10P,object,31004,0,0.0,2
CNES/ST,2021,STRS2112.dbc,SERAP10T,object,31004,0,0.0,2
CNES/ST,2021,STRS2112.dbc,SERAP11P,object,31004,0,0.0,2
CNES/ST,2021,STRS2112.dbc,SERAP11T,object,31004,0,0.0,2
CNES/ST,2021,STRS2112.dbc,SERAPOIO,object,31004,0,0.0,2
CNES/ST,2021,STRS2112.dbc,RES_BIOL,object,31004,0,0.0,2
CNES/ST,2021,STRS2112.dbc,RES_QUIM,object,31004,0,0.0,2
CNES/ST,2021,STRS2112.dbc,RES_RADI,object,31004,0,0.0,2
CNES/ST,2021,STRS2112.dbc,RES_COMU,object,31004,0,0.0,2
CNES/ST,2021,STRS2112.dbc,COLETRES,object,31004,0,0.0,2
CNES/ST,2021,STRS2112.dbc,COMISS01,object,31004,0,0.0,2
CNES/ST,2021,STRS2112.dbc,COMISS02,object,31004,0,0.0,2
CNES/ST,2021,STRS2112.dbc,COMISS03,object,31004,0,0.0,2
CNES/ST,2021,STRS2112.dbc,COMISS04,object,31004,0,0.0,2
CNES/ST,2021,STRS2112.dbc,COMISS05,object,31004,0,0.0,2
CNES/ST,2021,STRS2112.dbc,COMISS06,object,31004,0,0.0,2
CNES/ST,2021,STRS2112.dbc,COMISS07,object,31004,0,0.0,2
CNES/ST,2021,STRS2112.dbc,COMISS08,object,31004,0,0.0,2
CNES/ST,2021,STRS2112.dbc,COMISS09,object,31004,0,0.0,2
CNES/ST,2021,STRS2112.dbc,COMISS10,object,31004,0,0.0,2
CNES/ST,2021,STRS2112.dbc,COMISS11,object,31004,0,0.0,2
CNES/ST,2021,STRS2112.dbc,COMISS12,object,31004,0,0.0,2
CNES/ST,2021,STRS2112.dbc,COMISSAO,object,31004,0,0.0,2
CNES/ST,2021,STRS2112.dbc,AP01CV01,object,31004,0,0.0,2
CNES/ST,2021,STRS2112.dbc,AP01CV02,object,31004,0,0.0,2
CNES/ST,2021,STRS2112.dbc,AP01CV03,object,31004,0,0.0,1
CNES/ST,2021,STRS2112.dbc,AP01CV04,object,31004,0,0.0,1
CNES/ST,2021,STRS2112.dbc,AP01CV05,object,31004,0,0.0,2
CNES/ST,2021,STRS2112.dbc,AP01CV06,object,31004,0,0.0,2
CNES/ST,2021,STRS2112.dbc,AP01CV07,object,31004,0,0.0,2
CNES/ST,2021,STRS2112.dbc,AP02CV01,object,31004,0,0.0,2
CNES/ST,2021,STRS2112.dbc,AP02CV02,object,31004,0,0.0,2
CNES/ST,2021,STRS2112.dbc,AP02CV03,object,31004,0,0.0,1
CNES/ST,2021,STRS2112.dbc,AP02CV04,object,31004,0,0.0,1
CNES/ST,2021,STRS2112.dbc,AP02CV05,object,31004,0,0.0,2
CNES/ST,2021,STRS2112.dbc,AP02CV06,object,31004,0,0.0,2
CNES/ST,2021,STRS2112.dbc,AP02CV07,object,31004,0,0.0,2
CNES/ST,2021,STRS2112.dbc,AP03CV01,object,31004,0,0.0,2
CNES/ST,2021,STRS2112.dbc,AP03CV02,object,31004,0,0.0,2
CNES/ST,2021,STRS2112.dbc,AP03CV03,object,31004,0,0.0,1
CNES/ST,2021,STRS2112.dbc,AP03CV04,object,31004,0,0.0,1
CNES/ST,2021,STRS2112.dbc,AP03CV05,object,31004,0,0.0,2
CNES/ST,2021,STRS2112.dbc,AP03CV06,object,31004,0,0.0,2
CNES/ST,2021,STRS2112.dbc,AP03CV07,object,31004,0,0.0,2
CNES/ST,2021,STRS2112.dbc,AP04CV01,object,31004,0,0.0,2
CNES/ST,2021,STRS2112.dbc,AP04CV02,object,31004,0,0.0,2
CNES/ST,2021,STRS2112.dbc,AP04CV03,object,31004,0,0.0,1
CNES/ST,2021,STRS2112.dbc,AP04CV04,object,31004,0,0.0,1
CNES/ST,2021,STRS2112.dbc,AP04CV05,object,31004,0,0.0,2
CNES/ST,2021,STRS2112.dbc,AP04CV06,object,31004,0,0.0,2
CNES/ST,2021,STRS2112.dbc,AP04CV07,object,31004,0,0.0,2
CNES/ST,2021,STRS2112.dbc,AP05CV01,object,31004,0,0.0,2
CNES/ST,2021,STRS2112.dbc,AP05CV02,object,31004,0,0.0,2
CNES/ST,2021,STRS2112.dbc,AP05CV03,object,31004,0,0.0,1
CNES/ST,2021,STRS2112.dbc,AP05CV04,object,31004,0,0.0,1
CNES/ST,2021,STRS2112.dbc,AP05CV05,object,31004,0,0.0,2
CNES/ST,2021,STRS2112.dbc,AP05CV06,object,31004,0,0.0,2
CNES/ST,2021,STRS2112.dbc,AP05CV07,object,31004,0,0.0,2
CNES/ST,2021,STRS2112.dbc,AP06CV01,object,31004,0,0.0,2
CNES/ST,2021,STRS2112.dbc,AP06CV02,object,31004,0,0.0,2
CNES/ST,2021,STRS2112.dbc,AP06CV03,object,31004,0,0.0,1
CNES/ST,2021,STRS2112.dbc,AP06CV04,object,31004,0,0.0,1
CNES/ST,2021,STRS2112.dbc,AP06CV05,object,31004,0,0.0,2
CNES/ST,2021,STRS2112.dbc,AP06CV06,object,31004,0,0.0,2
CNES/ST,2021,STRS2112.dbc,AP06CV07,object,31004,0,0.0,2
CNES/ST,2021,STRS2112.dbc,AP07CV01,object,31004,0,0.0,2
CNES/ST,2021,STRS2112.dbc,AP07CV02,object,31004,0,0.0,2
CNES/ST,2021,STRS2112.dbc,AP07CV03,object,31004,0,0.0,1
CNES/ST,2021,STRS2112.dbc,AP07CV04,object,31004,0,0.0,1
CNES/ST,2021,STRS2112.dbc,AP07CV05,object,31004,0,0.0,2
CNES/ST,2021,STRS2112.dbc,AP07CV06,object,31004,0,0.0,2
CNES/ST,2021,STRS2112.dbc,AP07CV07,object,31004,0,0.0,2
CNES/ST,2021,STRS2112.dbc,ATEND_PR,object,31004,0,0.0,1
CNES/ST,2021,STRS2112.dbc,DT_ATUAL,object,31004,0,0.0,59
CNES/ST,2021,STRS2112.dbc,COMPETEN,object,31004,0,0.0,1
CNES/ST,2021,STRS2112.dbc,NAT_JUR,object,31004,0,0.0,36
CNES/ST,2022,STRS2212.dbc,CNES,object,32996,0,0.0,32996
CNES/ST,2022,STRS2212.dbc,CODUFMUN,object,32996,0,0.0,497
CNES/ST,2022,STRS2212.dbc,COD_CEP,object,32996,0,0.0,5052
CNES/ST,2022,STRS2212.dbc,CPF_CNPJ,object,32996,0,0.0,27426
CNES/ST,2022,STRS2212.dbc,PF_PJ,object,32996,0,0.0,2
CNES/ST,2022,STRS2212.dbc,NIV_DEP,object,32996,0,0.0,2
CNES/ST,2022,STRS2212.dbc,CNPJ_MAN,object,32996,0,0.0,539
CNES/ST,2022,STRS2212.dbc,COD_IR,object,32996,32996,100.0,0
CNES/ST,2022,STRS2212.dbc,REGSAUDE,object,32996,14903,45.17,201
CNES/ST,2022,STRS2212.dbc,MICR_REG,object,32996,31401,95.17,112
CNES/ST,2022,STRS2212.dbc,DISTRSAN,object,32996,28876,87.51,17
CNES/ST,2022,STRS2212.dbc,DISTRADM,object,32996,32939,99.83,15
CNES/ST,2022,STRS2212.dbc,VINC_SUS,object,32996,0,0.0,2
CNES/ST,2022,STRS2212.dbc,TPGESTAO,object,32996,0,0.0,3
CNES/ST,2022,STRS2212.dbc,ESFERA_A,object,32996,32996,100.0,0
CNES/ST,2022,STRS2212.dbc,RETENCAO,object,32996,32996,100.0,0
CNES/ST,2022,STRS2212.dbc,ATIVIDAD,object,32996,0,0.0,5
CNES/ST,2022,STRS2212.dbc,NATUREZA,object,32996,32996,100.0,0
CNES/ST,2022,STRS2212.dbc,CLIENTEL,object,32996,537,1.63,3
CNES/ST,2022,STRS2212.dbc,TP_UNID,object,32996,0,0.0,37
CNES/ST,2022,STRS2212.dbc,TURNO_AT,object,32996,41,0.12,7
CNES/ST,2022,STRS2212.dbc,NIV_HIER,object,32996,32996,100.0,0
CNES/ST,2022,STRS2212.dbc,TP_PREST,object,32996,0,0.0,1
CNES/ST,2022,STRS2212.dbc,CO_BANCO,object,32996,29364,88.99,81
CNES/ST,2022,STRS2212.dbc,CO_AGENC,object,32996,29364,88.99,885
CNES/ST,2022,STRS2212.dbc,C_CORREN,object,32996,29364,88.99,3306
CNES/ST,2022,STRS2212.dbc,CONTRATM,object,32996,32996,100.0,0
CNES/ST,2022,STRS2212.dbc,DT_PUBLM,object,32996,32996,100.0,0
CNES/ST,2022,STRS2212.dbc,CONTRATE,object,32996,32996,100.0,0
CNES/ST,2022,STRS2212.dbc,DT_PUBLE,object,32996,32996,100.0,0
CNES/ST,2022,STRS2212.dbc,ALVARA,object,32996,9837,29.81,19594
CNES/ST,2022,STRS2212.dbc,DT_EXPED,object,32996,9754,29.56,6100
CNES/ST,2022,STRS2212.dbc,ORGEXPED,object,32996,9524,28.86,2
CNES/ST,2022,STRS2212.dbc,AV_ACRED,object,32996,32996,100.0,0
CNES/ST,2022,STRS2212.dbc,CLASAVAL,object,32996,32996,100.0,0
CNES/ST,2022,STRS2212.dbc,DT_ACRED,object,32996,32996,100.0,0
CNES/ST,2022,STRS2212.dbc,AV_PNASS,object,32996,32996,100.0,0
CNES/ST,2022,STRS2212.dbc,DT_PNASS,object,32996,32996,100.0,0
CNES/ST,2022,STRS2212.dbc,GESPRG1E,object,32996,0,0.0,2
CNES/ST,2022,STRS2212.dbc,GESPRG1M,object,32996,0,0.0,2
CNES/ST,2022,STRS2212.dbc,GESPRG2E,object,32996,0,0.0,2
CNES/ST,2022,STRS2212.dbc,GESPRG2M,object,32996,0,0.0,2
CNES/ST,2022,STRS2212.dbc,GESPRG4E,object,32996,0,0.0,2
CNES/ST,2022,STRS2212.dbc,GESPRG4M,object,32996,0,0.0,2
CNES/ST,2022,STRS2212.dbc,NIVATE_A,object,32996,0,0.0,2
CNES/ST,2022,STRS2212.dbc,GESPRG3E,object,32996,0,0.0,2
CNES/ST,2022,STRS2212.dbc,GESPRG3M,object,32996,0,0.0,2
CNES/ST,2022,STRS2212.dbc,GESPRG5E,object,32996,0,0.0,2
CNES/ST,2022,STRS2212.dbc,GESPRG5M,object,32996,0,0.0,2
CNES/ST,2022,STRS2212.dbc,GESPRG6E,object,32996,0,0.0,2
CNES/ST,2022,STRS2212.dbc,GESPRG6M,object,32996,0,0.0,2
CNES/ST,2022,STRS2212.dbc,NIVATE_H,object,32996,0,0.0,2
CNES/ST,2022,STRS2212.dbc,QTLEITP1,int64,32996,0,0.0,69
CNES/ST,2022,STRS2212.dbc,QTLEITP2,int64,32996,0,0.0,98
CNES/ST,2022,STRS2212.dbc,QTLEITP3,int64,32996,0,0.0,51
CNES/ST,2022,STRS2212.dbc,LEITHOSP,object,32996,0,0.0,2
CNES/ST,2022,STRS2212.dbc,QTINST01,int64,32996,0,0.0,7
CNES/ST,2022,STRS2212.dbc,QTINST02,int64,32996,0,0.0,3
CNES/ST,2022,STRS2212.dbc,QTINST03,int64,32996,0,0.0,4
CNES/ST,2022,STRS2212.dbc,QTINST04,int64,32996,0,0.0,12
CNES/ST,2022,STRS2212.dbc,QTINST05,int64,32996,0,0.0,4
CNES/ST,2022,STRS2212.dbc,QTINST06,int64,32996,0,0.0,5
CNES/ST,2022,STRS2212.dbc,QTINST07,int64,32996,0,0.0,5
CNES/ST,2022,STRS2212.dbc,QTINST08,int64,32996,0,0.0,11
CNES/ST,2022,STRS2212.dbc,QTINST09,int64,32996,0,0.0,8
CNES/ST,2022,STRS2212.dbc,QTINST10,int64,32996,0,0.0,6
CNES/ST,2022,STRS2212.dbc,QTINST11,int64,32996,0,0.0,6
CNES/ST,2022,STRS2212.dbc,QTINST12,int64,32996,0,0.0,6
CNES/ST,2022,STRS2212.dbc,QTINST13,int64,32996,0,0.0,4
CNES/ST,2022,STRS2212.dbc,QTINST14,int64,32996,0,0.0,17
CNES/ST,2022,STRS2212.dbc,URGEMERG,object,32996,0,0.0,2
CNES/ST,2022,STRS2212.dbc,QTINST15,int64,32996,0,0.0,29
CNES/ST,2022,STRS2212.dbc,QTINST16,int64,32996,0,0.0,35
CNES/ST,2022,STRS2212.dbc,QTINST17,int64,32996,0,0.0,28
CNES/ST,2022,STRS2212.dbc,QTINST18,int64,32996,0,0.0,25
CNES/ST,2022,STRS2212.dbc,QTINST19,int64,32996,0,0.0,7
CNES/ST,2022,STRS2212.dbc,QTINST20,int64,32996,0,0.0,8
CNES/ST,2022,STRS2212.dbc,QTINST21,int64,32996,0,0.0,5
CNES/ST,2022,STRS2212.dbc,QTINST22,int64,32996,0,0.0,14
CNES/ST,2022,STRS2212.dbc,QTINST23,int64,32996,0,0.0,25
CNES/ST,2022,STRS2212.dbc,QTINST24,int64,32996,0,0.0,7
CNES/ST,2022,STRS2212.dbc,QTINST25,int64,32996,0,0.0,13
CNES/ST,2022,STRS2212.dbc,QTINST26,int64,32996,0,0.0,8
CNES/ST,2022,STRS2212.dbc,QTINST27,int64,32996,0,0.0,7
CNES/ST,2022,STRS2212.dbc,QTINST28,int64,32996,0,0.0,8
CNES/ST,2022,STRS2212.dbc,QTINST29,int64,32996,0,0.0,7
CNES/ST,2022,STRS2212.dbc,QTINST30,int64,32996,0,0.0,11
CNES/ST,2022,STRS2212.dbc,ATENDAMB,object,32996,0,0.0,2
CNES/ST,2022,STRS2212.dbc,QTINST31,int64,32996,0,0.0,17
CNES/ST,2022,STRS2212.dbc,QTINST32,int64,32996,0,0.0,8
CNES/ST,2022,STRS2212.dbc,QTINST33,int64,32996,0,0.0,8
CNES/ST,2022,STRS2212.dbc,CENTRCIR,object,32996,0,0.0,2
CNES/ST,2022,STRS2212.dbc,QTINST34,int64,32996,0,0.0,8
CNES/ST,2022,STRS2212.dbc,QTINST35,int64,32996,0,0.0,5
CNES/ST,2022,STRS2212.dbc,QTINST36,int64,32996,0,0.0,4
CNES/ST,2022,STRS2212.dbc,QTINST37,int64,32996,0,0.0,6
CNES/ST,2022,STRS2212.dbc,CENTROBS,object,32996,0,0.0,2
CNES/ST,2022,STRS2212.dbc,QTLEIT05,int64,32996,0,0.0,14
CNES/ST,2022,STRS2212.dbc,QTLEIT06,int64,32996,0,0.0,12
CNES/ST,2022,STRS2212.dbc,QTLEIT07,int64,32996,0,0.0,12
CNES/ST,2022,STRS2212.dbc,QTLEIT08,int64,32996,0,0.0,24
CNES/ST,2022,STRS2212.dbc,QTLEIT09,int64,32996,0,0.0,6
CNES/ST,2022,STRS2212.dbc,QTLEIT19,int64,32996,0,0.0,14
CNES/ST,2022,STRS2212.dbc,QTLEIT20,int64,32996,0,0.0,15
CNES/ST,2022,STRS2212.dbc,QTLEIT21,int64,32996,0,0.0,8
CNES/ST,2022,STRS2212.dbc,QTLEIT22,int64,32996,0,0.0,24
CNES/ST,2022,STRS2212.dbc,QTLEIT23,int64,32996,0,0.0,5
CNES/ST,2022,STRS2212.dbc,QTLEIT32,int64,32996,0,0.0,34
CNES/ST,2022,STRS2212.dbc,QTLEIT34,int64,32996,0,0.0,11
CNES/ST,2022,STRS2212.dbc,QTLEIT38,int64,32996,0,0.0,16
CNES/ST,2022,STRS2212.dbc,QTLEIT39,int64,32996,0,0.0,14
CNES/ST,2022,STRS2212.dbc,QTLEIT40,int64,32996,0,0.0,35
CNES/ST,2022,STRS2212.dbc,CENTRNEO,object,32996,0,0.0,2
CNES/ST,2022,STRS2212.dbc,ATENDHOS,object,32996,0,0.0,2
CNES/ST,2022,STRS2212.dbc,SERAP01P,object,32996,0,0.0,2
CNES/ST,2022,STRS2212.dbc,SERAP01T,object,32996,0,0.0,2
CNES/ST,2022,STRS2212.dbc,SERAP02P,object,32996,0,0.0,2
CNES/ST,2022,STRS2212.dbc,SERAP02T,object,32996,0,0.0,2
CNES/ST,2022,STRS2212.dbc,SERAP03P,object,32996,0,0.0,2
CNES/ST,2022,STRS2212.dbc,SERAP03T,object,32996,0,0.0,2
CNES/ST,2022,STRS2212.dbc,SERAP04P,object,32996,0,0.0,2
CNES/ST,2022,STRS2212.dbc,SERAP04T,object,32996,0,0.0,2
CNES/ST,2022,STRS2212.dbc,SERAP05P,object,32996,0,0.0,2
CNES/ST,2022,STRS2212.dbc,SERAP05T,object,32996,0,0.0,2
CNES/ST,2022,STRS2212.dbc,SERAP06P,object,32996,0,0.0,2
CNES/ST,2022,STRS2212.dbc,SERAP06T,object,32996,0,0.0,2
CNES/ST,2022,STRS2212.dbc,SERAP07P,object,32996,0,0.0,2
CNES/ST,2022,STRS2212.dbc,SERAP07T,object,32996,0,0.0,2
CNES/ST,2022,STRS2212.dbc,SERAP08P,object,32996,0,0.0,2
CNES/ST,2022,STRS2212.dbc,SERAP08T,object,32996,0,0.0,2
CNES/ST,2022,STRS2212.dbc,SERAP09P,object,32996,0,0.0,2
CNES/ST,2022,STRS2212.dbc,SERAP09T,object,32996,0,0.0,2
CNES/ST,2022,STRS2212.dbc,SERAP10P,object,32996,0,0.0,2
CNES/ST,2022,STRS2212.dbc,SERAP10T,object,32996,0,0.0,2
CNES/ST,2022,STRS2212.dbc,SERAP11P,object,32996,0,0.0,2
CNES/ST,2022,STRS2212.dbc,SERAP11T,object,32996,0,0.0,2
CNES/ST,2022,STRS2212.dbc,SERAPOIO,object,32996,0,0.0,2
CNES/ST,2022,STRS2212.dbc,RES_BIOL,object,32996,0,0.0,2
CNES/ST,2022,STRS2212.dbc,RES_QUIM,object,32996,0,0.0,2
CNES/ST,2022,STRS2212.dbc,RES_RADI,object,32996,0,0.0,2
CNES/ST,2022,STRS2212.dbc,RES_COMU,object,32996,0,0.0,2
CNES/ST,2022,STRS2212.dbc,COLETRES,object,32996,0,0.0,2
CNES/ST,2022,STRS2212.dbc,COMISS01,object,32996,0,0.0,2
CNES/ST,2022,STRS2212.dbc,COMISS02,object,32996,0,0.0,2
CNES/ST,2022,STRS2212.dbc,COMISS03,object,32996,0,0.0,2
CNES/ST,2022,STRS2212.dbc,COMISS04,object,32996,0,0.0,2
CNES/ST,2022,STRS2212.dbc,COMISS05,object,32996,0,0.0,2
CNES/ST,2022,STRS2212.dbc,COMISS06,object,32996,0,0.0,2
CNES/ST,2022,STRS2212.dbc,COMISS07,object,32996,0,0.0,2
CNES/ST,2022,STRS2212.dbc,COMISS08,object,32996,0,0.0,2
CNES/ST,2022,STRS2212.dbc,COMISS09,object,32996,0,0.0,2
CNES/ST,2022,STRS2212.dbc,COMISS10,object,32996,0,0.0,2
CNES/ST,2022,STRS2212.dbc,COMISS11,object,32996,0,0.0,2
CNES/ST,2022,STRS2212.dbc,COMISS12,object,32996,0,0.0,2
CNES/ST,2022,STRS2212.dbc,COMISSAO,object,32996,0,0.0,2
CNES/ST,2022,STRS2212.dbc,AP01CV01,object,32996,0,0.0,2
CNES/ST,2022,STRS2212.dbc,AP01CV02,object,32996,0,0.0,2
CNES/ST,2022,STRS2212.dbc,AP01CV03,object,32996,0,0.0,1
CNES/ST,2022,STRS2212.dbc,AP01CV04,object,32996,0,0.0,1
CNES/ST,2022,STRS2212.dbc,AP01CV05,object,32996,0,0.0,2
CNES/ST,2022,STRS2212.dbc,AP01CV06,object,32996,0,0.0,2
CNES/ST,2022,STRS2212.dbc,AP01CV07,object,32996,0,0.0,2
CNES/ST,2022,STRS2212.dbc,AP02CV01,object,32996,0,0.0,2
CNES/ST,2022,STRS2212.dbc,AP02CV02,object,32996,0,0.0,2
CNES/ST,2022,STRS2212.dbc,AP02CV03,object,32996,0,0.0,1
CNES/ST,2022,STRS2212.dbc,AP02CV04,object,32996,0,0.0,1
CNES/ST,2022,STRS2212.dbc,AP02CV05,object,32996,0,0.0,2
CNES/ST,2022,STRS2212.dbc,AP02CV06,object,32996,0,0.0,2
CNES/ST,2022,STRS2212.dbc,AP02CV07,object,32996,0,0.0,2
CNES/ST,2022,STRS2212.dbc,AP03CV01,object,32996,0,0.0,2
CNES/ST,2022,STRS2212.dbc,AP03CV02,object,32996,0,0.0,2
CNES/ST,2022,STRS2212.dbc,AP03CV03,object,32996,0,0.0,1
CNES/ST,2022,STRS2212.dbc,AP03CV04,object,32996,0,0.0,1
CNES/ST,2022,STRS2212.dbc,AP03CV05,object,32996,0,0.0,2
CNES/ST,2022,STRS2212.dbc,AP03CV06,object,32996,0,0.0,2
CNES/ST,2022,STRS2212.dbc,AP03CV07,object,32996,0,0.0,2
CNES/ST,2022,STRS2212.dbc,AP04CV01,object,32996,0,0.0,2
CNES/ST,2022,STRS2212.dbc,AP04CV02,object,32996,0,0.0,2
CNES/ST,2022,STRS2212.dbc,AP04CV03,object,32996,0,0.0,1
CNES/ST,2022,STRS2212.dbc,AP04CV04,object,32996,0,0.0,1
CNES/ST,2022,STRS2212.dbc,AP04CV05,object,32996,0,0.0,2
CNES/ST,2022,STRS2212.dbc,AP04CV06,object,32996,0,0.0,2
CNES/ST,2022,STRS2212.dbc,AP04CV07,object,32996,0,0.0,2
CNES/ST,2022,STRS2212.dbc,AP05CV01,object,32996,0,0.0,2
CNES/ST,2022,STRS2212.dbc,AP05CV02,object,32996,0,0.0,2
CNES/ST,2022,STRS2212.dbc,AP05CV03,object,32996,0,0.0,1
CNES/ST,2022,STRS2212.dbc,AP05CV04,object,32996,0,0.0,1
CNES/ST,2022,STRS2212.dbc,AP05CV05,object,32996,0,0.0,2
CNES/ST,2022,STRS2212.dbc,AP05CV06,object,32996,0,0.0,2
CNES/ST,2022,STRS2212.dbc,AP05CV07,object,32996,0,0.0,2
CNES/ST,2022,STRS2212.dbc,AP06CV01,object,32996,0,0.0,2
CNES/ST,2022,STRS2212.dbc,AP06CV02,object,32996,0,0.0,2
CNES/ST,2022,STRS2212.dbc,AP06CV03,object,32996,0,0.0,1
CNES/ST,2022,STRS2212.dbc,AP06CV04,object,32996,0,0.0,1
CNES/ST,2022,STRS2212.dbc,AP06CV05,object,32996,0,0.0,2
CNES/ST,2022,STRS2212.dbc,AP06CV06,object,32996,0,0.0,2
CNES/ST,2022,STRS2212.dbc,AP06CV07,object,32996,0,0.0,2
CNES/ST,2022,STRS2212.dbc,AP07CV01,object,32996,0,0.0,2
CNES/ST,2022,STRS2212.dbc,AP07CV02,object,32996,0,0.0,2
CNES/ST,2022,STRS2212.dbc,AP07CV03,object,32996,0,0.0,1
CNES/ST,2022,STRS2212.dbc,AP07CV04,object,32996,0,0.0,1
CNES/ST,2022,STRS2212.dbc,AP07CV05,object,32996,0,0.0,2
CNES/ST,2022,STRS2212.dbc,AP07CV06,object,32996,0,0.0,2
CNES/ST,2022,STRS2212.dbc,AP07CV07,object,32996,0,0.0,2
CNES/ST,2022,STRS2212.dbc,ATEND_PR,object,32996,0,0.0,1
CNES/ST,2022,STRS2212.dbc,DT_ATUAL,object,32996,0,0.0,67
CNES/ST,2022,STRS2212.dbc,COMPETEN,object,32996,0,0.0,1
CNES/ST,2022,STRS2212.dbc,NAT_JUR,object,32996,0,0.0,36
CNES/ST,2023,STRS2312.dbc,CNES,object,34923,0,0.0,34923
CNES/ST,2023,STRS2312.dbc,CODUFMUN,object,34923,0,0.0,497
CNES/ST,2023,STRS2312.dbc,COD_CEP,object,34923,0,0.0,5360
CNES/ST,2023,STRS2312.dbc,CPF_CNPJ,object,34923,0,0.0,29283
CNES/ST,2023,STRS2312.dbc,PF_PJ,object,34923,0,0.0,2
CNES/ST,2023,STRS2312.dbc,NIV_DEP,object,34923,0,0.0,2
CNES/ST,2023,STRS2312.dbc,CNPJ_MAN,object,34923,0,0.0,536
CNES/ST,2023,STRS2312.dbc,COD_IR,object,34923,34923,100.0,0
CNES/ST,2023,STRS2312.dbc,REGSAUDE,object,34923,16508,47.27,204
CNES/ST,2023,STRS2312.dbc,MICR_REG,object,34923,34923,100.0,0
CNES/ST,2023,STRS2312.dbc,DISTRSAN,object,34923,30365,86.95,17
CNES/ST,2023,STRS2312.dbc,DISTRADM,object,34923,34920,99.99,3
CNES/ST,2023,STRS2312.dbc,VINC_SUS,object,34923,0,0.0,2
CNES/ST,2023,STRS2312.dbc,TPGESTAO,object,34923,0,0.0,3
CNES/ST,2023,STRS2312.dbc,ESFERA_A,object,34923,34923,100.0,0
CNES/ST,2023,STRS2312.dbc,RETENCAO,object,34923,34923,100.0,0
CNES/ST,2023,STRS2312.dbc,ATIVIDAD,object,34923,0,0.0,5
CNES/ST,2023,STRS2312.dbc,NATUREZA,object,34923,34923,100.0,0
CNES/ST,2023,STRS2312.dbc,CLIENTEL,object,34923,561,1.61,3
CNES/ST,2023,STRS2312.dbc,TP_UNID,object,34923,0,0.0,37
CNES/ST,2023,STRS2312.dbc,TURNO_AT,object,34923,58,0.17,7
CNES/ST,2023,STRS2312.dbc,NIV_HIER,object,34923,34923,100.0,0
CNES/ST,2023,STRS2312.dbc,TP_PREST,object,34923,0,0.0,1
CNES/ST,2023,STRS2312.dbc,CO_BANCO,object,34923,31131,89.14,85
CNES/ST,2023,STRS2312.dbc,CO_AGENC,object,34923,31131,89.14,916
CNES/ST,2023,STRS2312.dbc,C_CORREN,object,34923,31131,89.14,3444
CNES/ST,2023,STRS2312.dbc,CONTRATM,object,34923,34923,100.0,0
CNES/ST,2023,STRS2312.dbc,DT_PUBLM,object,34923,34923,100.0,0
CNES/ST,2023,STRS2312.dbc,CONTRATE,object,34923,34923,100.0,0
CNES/ST,2023,STRS2312.dbc,DT_PUBLE,object,34923,34923,100.0,0
CNES/ST,2023,STRS2312.dbc,ALVARA,object,34923,10892,31.19,20084
CNES/ST,2023,STRS2312.dbc,DT_EXPED,object,34923,10828,31.01,6326
CNES/ST,2023,STRS2312.dbc,ORGEXPED,object,34923,10586,30.31,2
CNES/ST,2023,STRS2312.dbc,AV_ACRED,object,34923,34923,100.0,0
CNES/ST,2023,STRS2312.dbc,CLASAVAL,object,34923,34923,100.0,0
CNES/ST,2023,STRS2312.dbc,DT_ACRED,object,34923,34923,100.0,0
CNES/ST,2023,STRS2312.dbc,AV_PNASS,object,34923,34923,100.0,0
CNES/ST,2023,STRS2312.dbc,DT_PNASS,object,34923,34923,100.0,0
CNES/ST,2023,STRS2312.dbc,GESPRG1E,object,34923,0,0.0,2
CNES/ST,2023,STRS2312.dbc,GESPRG1M,object,34923,0,0.0,2
CNES/ST,2023,STRS2312.dbc,GESPRG2E,object,34923,0,0.0,2
CNES/ST,2023,STRS2312.dbc,GESPRG2M,object,34923,0,0.0,2
CNES/ST,2023,STRS2312.dbc,GESPRG4E,object,34923,0,0.0,2
CNES/ST,2023,STRS2312.dbc,GESPRG4M,object,34923,0,0.0,2
CNES/ST,2023,STRS2312.dbc,NIVATE_A,object,34923,0,0.0,2
CNES/ST,2023,STRS2312.dbc,GESPRG3E,object,34923,0,0.0,2
CNES/ST,2023,STRS2312.dbc,GESPRG3M,object,34923,0,0.0,2
CNES/ST,2023,STRS2312.dbc,GESPRG5E,object,34923,0,0.0,2
CNES/ST,2023,STRS2312.dbc,GESPRG5M,object,34923,0,0.0,2
CNES/ST,2023,STRS2312.dbc,GESPRG6E,object,34923,0,0.0,2
CNES/ST,2023,STRS2312.dbc,GESPRG6M,object,34923,0,0.0,2
CNES/ST,2023,STRS2312.dbc,NIVATE_H,object,34923,0,0.0,2
CNES/ST,2023,STRS2312.dbc,QTLEITP1,int64,34923,0,0.0,71
CNES/ST,2023,STRS2312.dbc,QTLEITP2,int64,34923,0,0.0,91
CNES/ST,2023,STRS2312.dbc,QTLEITP3,int64,34923,0,0.0,52
CNES/ST,2023,STRS2312.dbc,LEITHOSP,object,34923,0,0.0,2
CNES/ST,2023,STRS2312.dbc,QTINST01,int64,34923,0,0.0,8
CNES/ST,2023,STRS2312.dbc,QTINST02,int64,34923,0,0.0,3
CNES/ST,2023,STRS2312.dbc,QTINST03,int64,34923,0,0.0,4
CNES/ST,2023,STRS2312.dbc,QTINST04,int64,34923,0,0.0,12
CNES/ST,2023,STRS2312.dbc,QTINST05,int64,34923,0,0.0,4
CNES/ST,2023,STRS2312.dbc,QTINST06,int64,34923,0,0.0,5
CNES/ST,2023,STRS2312.dbc,QTINST07,int64,34923,0,0.0,5
CNES/ST,2023,STRS2312.dbc,QTINST08,int64,34923,0,0.0,12
CNES/ST,2023,STRS2312.dbc,QTINST09,int64,34923,0,0.0,8
CNES/ST,2023,STRS2312.dbc,QTINST10,int64,34923,0,0.0,6
CNES/ST,2023,STRS2312.dbc,QTINST11,int64,34923,0,0.0,6
CNES/ST,2023,STRS2312.dbc,QTINST12,int64,34923,0,0.0,6
CNES/ST,2023,STRS2312.dbc,QTINST13,int64,34923,0,0.0,4
CNES/ST,2023,STRS2312.dbc,QTINST14,int64,34923,0,0.0,18
CNES/ST,2023,STRS2312.dbc,URGEMERG,object,34923,0,0.0,2
CNES/ST,2023,STRS2312.dbc,QTINST15,int64,34923,0,0.0,30
CNES/ST,2023,STRS2312.dbc,QTINST16,int64,34923,0,0.0,34
CNES/ST,2023,STRS2312.dbc,QTINST17,int64,34923,0,0.0,29
CNES/ST,2023,STRS2312.dbc,QTINST18,int64,34923,0,0.0,25
CNES/ST,2023,STRS2312.dbc,QTINST19,int64,34923,0,0.0,8
CNES/ST,2023,STRS2312.dbc,QTINST20,int64,34923,0,0.0,8
CNES/ST,2023,STRS2312.dbc,QTINST21,int64,34923,0,0.0,6
CNES/ST,2023,STRS2312.dbc,QTINST22,int64,34923,0,0.0,14
CNES/ST,2023,STRS2312.dbc,QTINST23,int64,34923,0,0.0,25
CNES/ST,2023,STRS2312.dbc,QTINST24,int64,34923,0,0.0,7
CNES/ST,2023,STRS2312.dbc,QTINST25,int64,34923,0,0.0,14
CNES/ST,2023,STRS2312.dbc,QTINST26,int64,34923,0,0.0,8
CNES/ST,2023,STRS2312.dbc,QTINST27,int64,34923,0,0.0,7
CNES/ST,2023,STRS2312.dbc,QTINST28,int64,34923,0,0.0,8
CNES/ST,2023,STRS2312.dbc,QTINST29,int64,34923,0,0.0,7
CNES/ST,2023,STRS2312.dbc,QTINST30,int64,34923,0,0.0,11
CNES/ST,2023,STRS2312.dbc,ATENDAMB,object,34923,0,0.0,2
CNES/ST,2023,STRS2312.dbc,QTINST31,int64,34923,0,0.0,16
CNES/ST,2023,STRS2312.dbc,QTINST32,int64,34923,0,0.0,8
CNES/ST,2023,STRS2312.dbc,QTINST33,int64,34923,0,0.0,8
CNES/ST,2023,STRS2312.dbc,CENTRCIR,object,34923,0,0.0,2
CNES/ST,2023,STRS2312.dbc,QTINST34,int64,34923,0,0.0,8
CNES/ST,2023,STRS2312.dbc,QTINST35,int64,34923,0,0.0,5
CNES/ST,2023,STRS2312.dbc,QTINST36,int64,34923,0,0.0,4
CNES/ST,2023,STRS2312.dbc,QTINST37,int64,34923,0,0.0,6
CNES/ST,2023,STRS2312.dbc,CENTROBS,object,34923,0,0.0,2
CNES/ST,2023,STRS2312.dbc,QTLEIT05,int64,34923,0,0.0,13
CNES/ST,2023,STRS2312.dbc,QTLEIT06,int64,34923,0,0.0,11
CNES/ST,2023,STRS2312.dbc,QTLEIT07,int64,34923,0,0.0,11
CNES/ST,2023,STRS2312.dbc,QTLEIT08,int64,34923,0,0.0,24
CNES/ST,2023,STRS2312.dbc,QTLEIT09,int64,34923,0,0.0,7
CNES/ST,2023,STRS2312.dbc,QTLEIT19,int64,34923,0,0.0,16
CNES/ST,2023,STRS2312.dbc,QTLEIT20,int64,34923,0,0.0,16
CNES/ST,2023,STRS2312.dbc,QTLEIT21,int64,34923,0,0.0,9
CNES/ST,2023,STRS2312.dbc,QTLEIT22,int64,34923,0,0.0,26
CNES/ST,2023,STRS2312.dbc,QTLEIT23,int64,34923,0,0.0,5
CNES/ST,2023,STRS2312.dbc,QTLEIT32,int64,34923,0,0.0,32
CNES/ST,2023,STRS2312.dbc,QTLEIT34,int64,34923,0,0.0,11
CNES/ST,2023,STRS2312.dbc,QTLEIT38,int64,34923,0,0.0,15
CNES/ST,2023,STRS2312.dbc,QTLEIT39,int64,34923,0,0.0,14
CNES/ST,2023,STRS2312.dbc,QTLEIT40,int64,34923,0,0.0,35
CNES/ST,2023,STRS2312.dbc,CENTRNEO,object,34923,0,0.0,2
CNES/ST,2023,STRS2312.dbc,ATENDHOS,object,34923,0,0.0,2
CNES/ST,2023,STRS2312.dbc,SERAP01P,object,34923,0,0.0,2
CNES/ST,2023,STRS2312.dbc,SERAP01T,object,34923,0,0.0,2
CNES/ST,2023,STRS2312.dbc,SERAP02P,object,34923,0,0.0,2
CNES/ST,2023,STRS2312.dbc,SERAP02T,object,34923,0,0.0,2
CNES/ST,2023,STRS2312.dbc,SERAP03P,object,34923,0,0.0,2
CNES/ST,2023,STRS2312.dbc,SERAP03T,object,34923,0,0.0,2
CNES/ST,2023,STRS2312.dbc,SERAP04P,object,34923,0,0.0,2
CNES/ST,2023,STRS2312.dbc,SERAP04T,object,34923,0,0.0,2
CNES/ST,2023,STRS2312.dbc,SERAP05P,object,34923,0,0.0,2
CNES/ST,2023,STRS2312.dbc,SERAP05T,object,34923,0,0.0,2
CNES/ST,2023,STRS2312.dbc,SERAP06P,object,34923,0,0.0,2
CNES/ST,2023,STRS2312.dbc,SERAP06T,object,34923,0,0.0,2
CNES/ST,2023,STRS2312.dbc,SERAP07P,object,34923,0,0.0,2
CNES/ST,2023,STRS2312.dbc,SERAP07T,object,34923,0,0.0,2
CNES/ST,2023,STRS2312.dbc,SERAP08P,object,34923,0,0.0,2
CNES/ST,2023,STRS2312.dbc,SERAP08T,object,34923,0,0.0,2
CNES/ST,2023,STRS2312.dbc,SERAP09P,object,34923,0,0.0,2
CNES/ST,2023,STRS2312.dbc,SERAP09T,object,34923,0,0.0,2
CNES/ST,2023,STRS2312.dbc,SERAP10P,object,34923,0,0.0,2
CNES/ST,2023,STRS2312.dbc,SERAP10T,object,34923,0,0.0,2
CNES/ST,2023,STRS2312.dbc,SERAP11P,object,34923,0,0.0,2
CNES/ST,2023,STRS2312.dbc,SERAP11T,object,34923,0,0.0,2
CNES/ST,2023,STRS2312.dbc,SERAPOIO,object,34923,0,0.0,2
CNES/ST,2023,STRS2312.dbc,RES_BIOL,object,34923,0,0.0,2
CNES/ST,2023,STRS2312.dbc,RES_QUIM,object,34923,0,0.0,2
CNES/ST,2023,STRS2312.dbc,RES_RADI,object,34923,0,0.0,2
CNES/ST,2023,STRS2312.dbc,RES_COMU,object,34923,0,0.0,2
CNES/ST,2023,STRS2312.dbc,COLETRES,object,34923,0,0.0,2
CNES/ST,2023,STRS2312.dbc,COMISS01,object,34923,0,0.0,2
CNES/ST,2023,STRS2312.dbc,COMISS02,object,34923,0,0.0,2
CNES/ST,2023,STRS2312.dbc,COMISS03,object,34923,0,0.0,2
CNES/ST,2023,STRS2312.dbc,COMISS04,object,34923,0,0.0,2
CNES/ST,2023,STRS2312.dbc,COMISS05,object,34923,0,0.0,2
CNES/ST,2023,STRS2312.dbc,COMISS06,object,34923,0,0.0,2
CNES/ST,2023,STRS2312.dbc,COMISS07,object,34923,0,0.0,2
CNES/ST,2023,STRS2312.dbc,COMISS08,object,34923,0,0.0,2
CNES/ST,2023,STRS2312.dbc,COMISS09,object,34923,0,0.0,2
CNES/ST,2023,STRS2312.dbc,COMISS10,object,34923,0,0.0,2
CNES/ST,2023,STRS2312.dbc,COMISS11,object,34923,0,0.0,2
CNES/ST,2023,STRS2312.dbc,COMISS12,object,34923,0,0.0,2
CNES/ST,2023,STRS2312.dbc,COMISSAO,object,34923,0,0.0,2
CNES/ST,2023,STRS2312.dbc,AP01CV01,object,34923,0,0.0,2
CNES/ST,2023,STRS2312.dbc,AP01CV02,object,34923,0,0.0,2
CNES/ST,2023,STRS2312.dbc,AP01CV03,object,34923,0,0.0,1
CNES/ST,2023,STRS2312.dbc,AP01CV04,object,34923,0,0.0,1
CNES/ST,2023,STRS2312.dbc,AP01CV05,object,34923,0,0.0,2
CNES/ST,2023,STRS2312.dbc,AP01CV06,object,34923,0,0.0,2
CNES/ST,2023,STRS2312.dbc,AP01CV07,object,34923,0,0.0,2
CNES/ST,2023,STRS2312.dbc,AP02CV01,object,34923,0,0.0,2
CNES/ST,2023,STRS2312.dbc,AP02CV02,object,34923,0,0.0,2
CNES/ST,2023,STRS2312.dbc,AP02CV03,object,34923,0,0.0,1
CNES/ST,2023,STRS2312.dbc,AP02CV04,object,34923,0,0.0,1
CNES/ST,2023,STRS2312.dbc,AP02CV05,object,34923,0,0.0,2
CNES/ST,2023,STRS2312.dbc,AP02CV06,object,34923,0,0.0,2
CNES/ST,2023,STRS2312.dbc,AP02CV07,object,34923,0,0.0,2
CNES/ST,2023,STRS2312.dbc,AP03CV01,object,34923,0,0.0,2
CNES/ST,2023,STRS2312.dbc,AP03CV02,object,34923,0,0.0,2
CNES/ST,2023,STRS2312.dbc,AP03CV03,object,34923,0,0.0,1
CNES/ST,2023,STRS2312.dbc,AP03CV04,object,34923,0,0.0,1
CNES/ST,2023,STRS2312.dbc,AP03CV05,object,34923,0,0.0,2
CNES/ST,2023,STRS2312.dbc,AP03CV06,object,34923,0,0.0,2
CNES/ST,2023,STRS2312.dbc,AP03CV07,object,34923,0,0.0,2
CNES/ST,2023,STRS2312.dbc,AP04CV01,object,34923,0,0.0,2
CNES/ST,2023,STRS2312.dbc,AP04CV02,object,34923,0,0.0,2
CNES/ST,2023,STRS2312.dbc,AP04CV03,object,34923,0,0.0,1
CNES/ST,2023,STRS2312.dbc,AP04CV04,object,34923,0,0.0,1
CNES/ST,2023,STRS2312.dbc,AP04CV05,object,34923,0,0.0,2
CNES/ST,2023,STRS2312.dbc,AP04CV06,object,34923,0,0.0,2
CNES/ST,2023,STRS2312.dbc,AP04CV07,object,34923,0,0.0,2
CNES/ST,2023,STRS2312.dbc,AP05CV01,object,34923,0,0.0,2
CNES/ST,2023,STRS2312.dbc,AP05CV02,object,34923,0,0.0,2
CNES/ST,2023,STRS2312.dbc,AP05CV03,object,34923,0,0.0,1
CNES/ST,2023,STRS2312.dbc,AP05CV04,object,34923,0,0.0,1
CNES/ST,2023,STRS2312.dbc,AP05CV05,object,34923,0,0.0,2
CNES/ST,2023,STRS2312.dbc,AP05CV06,object,34923,0,0.0,2
CNES/ST,2023,STRS2312.dbc,AP05CV07,object,34923,0,0.0,2
CNES/ST,2023,STRS2312.dbc,AP06CV01,object,34923,0,0.0,2
CNES/ST,2023,STRS2312.dbc,AP06CV02,object,34923,0,0.0,2
CNES/ST,2023,STRS2312.dbc,AP06CV03,object,34923,0,0.0,1
CNES/ST,2023,STRS2312.dbc,AP06CV04,object,34923,0,0.0,1
CNES/ST,2023,STRS2312.dbc,AP06CV05,object,34923,0,0.0,2
CNES/ST,2023,STRS2312.dbc,AP06CV06,object,34923,0,0.0,2
CNES/ST,2023,STRS2312.dbc,AP06CV07,object,34923,0,0.0,2
CNES/ST,2023,STRS2312.dbc,AP07CV01,object,34923,0,0.0,2
CNES/ST,2023,STRS2312.dbc,AP07CV02,object,34923,0,0.0,2
CNES/ST,2023,STRS2312.dbc,AP07CV03,object,34923,0,0.0,1
CNES/ST,2023,STRS2312.dbc,AP07CV04,object,34923,0,0.0,1
CNES/ST,2023,STRS2312.dbc,AP07CV05,object,34923,0,0.0,2
CNES/ST,2023,STRS2312.dbc,AP07CV06,object,34923,0,0.0,2
CNES/ST,2023,STRS2312.dbc,AP07CV07,object,34923,0,0.0,2
CNES/ST,2023,STRS2312.dbc,ATEND_PR,object,34923,0,0.0,1
CNES/ST,2023,STRS2312.dbc,DT_ATUAL,object,34923,0,0.0,74
CNES/ST,2023,STRS2312.dbc,COMPETEN,object,34923,0,0.0,1
CNES/ST,2023,STRS2312.dbc,NAT_JUR,object,34923,0,0.0,36
CNES/ST,2024,STRS2412.dbc,CNES,object,37142,0,0.0,37142
CNES/ST,2024,STRS2412.dbc,CODUFMUN,object,37142,0,0.0,497
CNES/ST,2024,STRS2412.dbc,COD_CEP,object,37142,0,0.0,5679
CNES/ST,2024,STRS2412.dbc,CPF_CNPJ,object,37142,0,0.0,31395
CNES/ST,2024,STRS2412.dbc,PF_PJ,object,37142,0,0.0,2
CNES/ST,2024,STRS2412.dbc,NIV_DEP,object,37142,0,0.0,2
CNES/ST,2024,STRS2412.dbc,CNPJ_MAN,object,37142,0,0.0,536
CNES/ST,2024,STRS2412.dbc,COD_IR,object,37142,37142,100.0,0
CNES/ST,2024,STRS2412.dbc,REGSAUDE,object,37142,18456,49.69,213
CNES/ST,2024,STRS2412.dbc,MICR_REG,object,37142,37142,100.0,0
CNES/ST,2024,STRS2412.dbc,DISTRSAN,object,37142,32091,86.4,17
CNES/ST,2024,STRS2412.dbc,DISTRADM,object,37142,37142,100.0,0
CNES/ST,2024,STRS2412.dbc,VINC_SUS,object,37142,0,0.0,2
CNES/ST,2024,STRS2412.dbc,TPGESTAO,object,37142,0,0.0,3
CNES/ST,2024,STRS2412.dbc,ESFERA_A,object,37142,37142,100.0,0
CNES/ST,2024,STRS2412.dbc,RETENCAO,object,37142,37142,100.0,0
CNES/ST,2024,STRS2412.dbc,ATIVIDAD,object,37142,0,0.0,5
CNES/ST,2024,STRS2412.dbc,NATUREZA,object,37142,37142,100.0,0
CNES/ST,2024,STRS2412.dbc,CLIENTEL,object,37142,563,1.52,3
CNES/ST,2024,STRS2412.dbc,TP_UNID,object,37142,0,0.0,37
CNES/ST,2024,STRS2412.dbc,TURNO_AT,object,37142,57,0.15,7
CNES/ST,2024,STRS2412.dbc,NIV_HIER,object,37142,37142,100.0,0
CNES/ST,2024,STRS2412.dbc,TP_PREST,object,37142,0,0.0,1
CNES/ST,2024,STRS2412.dbc,CO_BANCO,object,37142,33249,89.52,86
CNES/ST,2024,STRS2412.dbc,CO_AGENC,object,37142,33249,89.52,953
CNES/ST,2024,STRS2412.dbc,C_CORREN,object,37142,33249,89.52,3539
CNES/ST,2024,STRS2412.dbc,CONTRATM,object,37142,37142,100.0,0
CNES/ST,2024,STRS2412.dbc,DT_PUBLM,object,37142,37142,100.0,0
CNES/ST,2024,STRS2412.dbc,CONTRATE,object,37142,37142,100.0,0
CNES/ST,2024,STRS2412.dbc,DT_PUBLE,object,37142,37142,100.0,0
CNES/ST,2024,STRS2412.dbc,ALVARA,object,37142,12221,32.9,20852
CNES/ST,2024,STRS2412.dbc,DT_EXPED,object,37142,12151,32.71,6588
CNES/ST,2024,STRS2412.dbc,ORGEXPED,object,37142,11847,31.9,2
CNES/ST,2024,STRS2412.dbc,AV_ACRED,object,37142,37142,100.0,0
CNES/ST,2024,STRS2412.dbc,CLASAVAL,object,37142,37142,100.0,0
CNES/ST,2024,STRS2412.dbc,DT_ACRED,object,37142,37142,100.0,0
CNES/ST,2024,STRS2412.dbc,AV_PNASS,object,37142,37142,100.0,0
CNES/ST,2024,STRS2412.dbc,DT_PNASS,object,37142,37142,100.0,0
CNES/ST,2024,STRS2412.dbc,GESPRG1E,object,37142,0,0.0,2
CNES/ST,2024,STRS2412.dbc,GESPRG1M,object,37142,0,0.0,2
CNES/ST,2024,STRS2412.dbc,GESPRG2E,object,37142,0,0.0,2
CNES/ST,2024,STRS2412.dbc,GESPRG2M,object,37142,0,0.0,2
CNES/ST,2024,STRS2412.dbc,GESPRG4E,object,37142,0,0.0,2
CNES/ST,2024,STRS2412.dbc,GESPRG4M,object,37142,0,0.0,2
CNES/ST,2024,STRS2412.dbc,NIVATE_A,object,37142,0,0.0,2
CNES/ST,2024,STRS2412.dbc,GESPRG3E,object,37142,0,0.0,2
CNES/ST,2024,STRS2412.dbc,GESPRG3M,object,37142,0,0.0,2
CNES/ST,2024,STRS2412.dbc,GESPRG5E,object,37142,0,0.0,2
CNES/ST,2024,STRS2412.dbc,GESPRG5M,object,37142,0,0.0,2
CNES/ST,2024,STRS2412.dbc,GESPRG6E,object,37142,0,0.0,2
CNES/ST,2024,STRS2412.dbc,GESPRG6M,object,37142,0,0.0,2
CNES/ST,2024,STRS2412.dbc,NIVATE_H,object,37142,0,0.0,2
CNES/ST,2024,STRS2412.dbc,QTLEITP1,int64,37142,0,0.0,73
CNES/ST,2024,STRS2412.dbc,QTLEITP2,int64,37142,0,0.0,94
CNES/ST,2024,STRS2412.dbc,QTLEITP3,int64,37142,0,0.0,56
CNES/ST,2024,STRS2412.dbc,LEITHOSP,object,37142,0,0.0,2
CNES/ST,2024,STRS2412.dbc,QTINST01,int64,37142,0,0.0,8
CNES/ST,2024,STRS2412.dbc,QTINST02,int64,37142,0,0.0,3
CNES/ST,2024,STRS2412.dbc,QTINST03,int64,37142,0,0.0,4
CNES/ST,2024,STRS2412.dbc,QTINST04,int64,37142,0,0.0,11
CNES/ST,2024,STRS2412.dbc,QTINST05,int64,37142,0,0.0,4
CNES/ST,2024,STRS2412.dbc,QTINST06,int64,37142,0,0.0,7
CNES/ST,2024,STRS2412.dbc,QTINST07,int64,37142,0,0.0,7
CNES/ST,2024,STRS2412.dbc,QTINST08,int64,37142,0,0.0,11
CNES/ST,2024,STRS2412.dbc,QTINST09,int64,37142,0,0.0,8
CNES/ST,2024,STRS2412.dbc,QTINST10,int64,37142,0,0.0,6
CNES/ST,2024,STRS2412.dbc,QTINST11,int64,37142,0,0.0,7
CNES/ST,2024,STRS2412.dbc,QTINST12,int64,37142,0,0.0,5
CNES/ST,2024,STRS2412.dbc,QTINST13,int64,37142,0,0.0,5
CNES/ST,2024,STRS2412.dbc,QTINST14,int64,37142,0,0.0,18
CNES/ST,2024,STRS2412.dbc,URGEMERG,object,37142,0,0.0,2
CNES/ST,2024,STRS2412.dbc,QTINST15,int64,37142,0,0.0,31
CNES/ST,2024,STRS2412.dbc,QTINST16,int64,37142,0,0.0,36
CNES/ST,2024,STRS2412.dbc,QTINST17,int64,37142,0,0.0,28
CNES/ST,2024,STRS2412.dbc,QTINST18,int64,37142,0,0.0,26
CNES/ST,2024,STRS2412.dbc,QTINST19,int64,37142,0,0.0,10
CNES/ST,2024,STRS2412.dbc,QTINST20,int64,37142,0,0.0,9
CNES/ST,2024,STRS2412.dbc,QTINST21,int64,37142,0,0.0,7
CNES/ST,2024,STRS2412.dbc,QTINST22,int64,37142,0,0.0,14
CNES/ST,2024,STRS2412.dbc,QTINST23,int64,37142,0,0.0,27
CNES/ST,2024,STRS2412.dbc,QTINST24,int64,37142,0,0.0,7
CNES/ST,2024,STRS2412.dbc,QTINST25,int64,37142,0,0.0,13
CNES/ST,2024,STRS2412.dbc,QTINST26,int64,37142,0,0.0,8
CNES/ST,2024,STRS2412.dbc,QTINST27,int64,37142,0,0.0,7
CNES/ST,2024,STRS2412.dbc,QTINST28,int64,37142,0,0.0,8
CNES/ST,2024,STRS2412.dbc,QTINST29,int64,37142,0,0.0,6
CNES/ST,2024,STRS2412.dbc,QTINST30,int64,37142,0,0.0,11
CNES/ST,2024,STRS2412.dbc,ATENDAMB,object,37142,0,0.0,2
CNES/ST,2024,STRS2412.dbc,QTINST31,int64,37142,0,0.0,16
CNES/ST,2024,STRS2412.dbc,QTINST32,int64,37142,0,0.0,8
CNES/ST,2024,STRS2412.dbc,QTINST33,int64,37142,0,0.0,9
CNES/ST,2024,STRS2412.dbc,CENTRCIR,object,37142,0,0.0,2
CNES/ST,2024,STRS2412.dbc,QTINST34,int64,37142,0,0.0,7
CNES/ST,2024,STRS2412.dbc,QTINST35,int64,37142,0,0.0,5
CNES/ST,2024,STRS2412.dbc,QTINST36,int64,37142,0,0.0,4
CNES/ST,2024,STRS2412.dbc,QTINST37,int64,37142,0,0.0,6
CNES/ST,2024,STRS2412.dbc,CENTROBS,object,37142,0,0.0,2
CNES/ST,2024,STRS2412.dbc,QTLEIT05,int64,37142,0,0.0,12
CNES/ST,2024,STRS2412.dbc,QTLEIT06,int64,37142,0,0.0,12
CNES/ST,2024,STRS2412.dbc,QTLEIT07,int64,37142,0,0.0,12
CNES/ST,2024,STRS2412.dbc,QTLEIT08,int64,37142,0,0.0,22
CNES/ST,2024,STRS2412.dbc,QTLEIT09,int64,37142,0,0.0,8
CNES/ST,2024,STRS2412.dbc,QTLEIT19,int64,37142,0,0.0,16
CNES/ST,2024,STRS2412.dbc,QTLEIT20,int64,37142,0,0.0,16
CNES/ST,2024,STRS2412.dbc,QTLEIT21,int64,37142,0,0.0,9
CNES/ST,2024,STRS2412.dbc,QTLEIT22,int64,37142,0,0.0,26
CNES/ST,2024,STRS2412.dbc,QTLEIT23,int64,37142,0,0.0,5
CNES/ST,2024,STRS2412.dbc,QTLEIT32,int64,37142,0,0.0,33
CNES/ST,2024,STRS2412.dbc,QTLEIT34,int64,37142,0,0.0,10
CNES/ST,2024,STRS2412.dbc,QTLEIT38,int64,37142,0,0.0,15
CNES/ST,2024,STRS2412.dbc,QTLEIT39,int64,37142,0,0.0,14
CNES/ST,2024,STRS2412.dbc,QTLEIT40,int64,37142,0,0.0,35
CNES/ST,2024,STRS2412.dbc,CENTRNEO,object,37142,0,0.0,2
CNES/ST,2024,STRS2412.dbc,ATENDHOS,object,37142,0,0.0,2
CNES/ST,2024,STRS2412.dbc,SERAP01P,object,37142,0,0.0,2
CNES/ST,2024,STRS2412.dbc,SERAP01T,object,37142,0,0.0,2
CNES/ST,2024,STRS2412.dbc,SERAP02P,object,37142,0,0.0,2
CNES/ST,2024,STRS2412.dbc,SERAP02T,object,37142,0,0.0,2
CNES/ST,2024,STRS2412.dbc,SERAP03P,object,37142,0,0.0,2
CNES/ST,2024,STRS2412.dbc,SERAP03T,object,37142,0,0.0,2
CNES/ST,2024,STRS2412.dbc,SERAP04P,object,37142,0,0.0,2
CNES/ST,2024,STRS2412.dbc,SERAP04T,object,37142,0,0.0,2
CNES/ST,2024,STRS2412.dbc,SERAP05P,object,37142,0,0.0,2
CNES/ST,2024,STRS2412.dbc,SERAP05T,object,37142,0,0.0,2
CNES/ST,2024,STRS2412.dbc,SERAP06P,object,37142,0,0.0,2
CNES/ST,2024,STRS2412.dbc,SERAP06T,object,37142,0,0.0,2
CNES/ST,2024,STRS2412.dbc,SERAP07P,object,37142,0,0.0,2
CNES/ST,2024,STRS2412.dbc,SERAP07T,object,37142,0,0.0,2
CNES/ST,2024,STRS2412.dbc,SERAP08P,object,37142,0,0.0,2
CNES/ST,2024,STRS2412.dbc,SERAP08T,object,37142,0,0.0,2
CNES/ST,2024,STRS2412.dbc,SERAP09P,object,37142,0,0.0,2
CNES/ST,2024,STRS2412.dbc,SERAP09T,object,37142,0,0.0,2
CNES/ST,2024,STRS2412.dbc,SERAP10P,object,37142,0,0.0,2
CNES/ST,2024,STRS2412.dbc,SERAP10T,object,37142,0,0.0,2
CNES/ST,2024,STRS2412.dbc,SERAP11P,object,37142,0,0.0,2
CNES/ST,2024,STRS2412.dbc,SERAP11T,object,37142,0,0.0,2
CNES/ST,2024,STRS2412.dbc,SERAPOIO,object,37142,0,0.0,2
CNES/ST,2024,STRS2412.dbc,RES_BIOL,object,37142,0,0.0,2
CNES/ST,2024,STRS2412.dbc,RES_QUIM,object,37142,0,0.0,2
CNES/ST,2024,STRS2412.dbc,RES_RADI,object,37142,0,0.0,2
CNES/ST,2024,STRS2412.dbc,RES_COMU,object,37142,0,0.0,2
CNES/ST,2024,STRS2412.dbc,COLETRES,object,37142,0,0.0,2
CNES/ST,2024,STRS2412.dbc,COMISS01,object,37142,0,0.0,2
CNES/ST,2024,STRS2412.dbc,COMISS02,object,37142,0,0.0,2
CNES/ST,2024,STRS2412.dbc,COMISS03,object,37142,0,0.0,2
CNES/ST,2024,STRS2412.dbc,COMISS04,object,37142,0,0.0,2
CNES/ST,2024,STRS2412.dbc,COMISS05,object,37142,0,0.0,2
CNES/ST,2024,STRS2412.dbc,COMISS06,object,37142,0,0.0,2
CNES/ST,2024,STRS2412.dbc,COMISS07,object,37142,0,0.0,2
CNES/ST,2024,STRS2412.dbc,COMISS08,object,37142,0,0.0,2
CNES/ST,2024,STRS2412.dbc,COMISS09,object,37142,0,0.0,2
CNES/ST,2024,STRS2412.dbc,COMISS10,object,37142,0,0.0,2
CNES/ST,2024,STRS2412.dbc,COMISS11,object,37142,0,0.0,2
CNES/ST,2024,STRS2412.dbc,COMISS12,object,37142,0,0.0,2
CNES/ST,2024,STRS2412.dbc,COMISSAO,object,37142,0,0.0,2
CNES/ST,2024,STRS2412.dbc,AP01CV01,object,37142,0,0.0,2
CNES/ST,2024,STRS2412.dbc,AP01CV02,object,37142,0,0.0,2
CNES/ST,2024,STRS2412.dbc,AP01CV03,object,37142,0,0.0,1
CNES/ST,2024,STRS2412.dbc,AP01CV04,object,37142,0,0.0,1
CNES/ST,2024,STRS2412.dbc,AP01CV05,object,37142,0,0.0,2
CNES/ST,2024,STRS2412.dbc,AP01CV06,object,37142,0,0.0,2
CNES/ST,2024,STRS2412.dbc,AP01CV07,object,37142,0,0.0,2
CNES/ST,2024,STRS2412.dbc,AP02CV01,object,37142,0,0.0,2
CNES/ST,2024,STRS2412.dbc,AP02CV02,object,37142,0,0.0,2
CNES/ST,2024,STRS2412.dbc,AP02CV03,object,37142,0,0.0,1
CNES/ST,2024,STRS2412.dbc,AP02CV04,object,37142,0,0.0,1
CNES/ST,2024,STRS2412.dbc,AP02CV05,object,37142,0,0.0,2
CNES/ST,2024,STRS2412.dbc,AP02CV06,object,37142,0,0.0,2
CNES/ST,2024,STRS2412.dbc,AP02CV07,object,37142,0,0.0,2
CNES/ST,2024,STRS2412.dbc,AP03CV01,object,37142,0,0.0,2
CNES/ST,2024,STRS2412.dbc,AP03CV02,object,37142,0,0.0,2
CNES/ST,2024,STRS2412.dbc,AP03CV03,object,37142,0,0.0,1
CNES/ST,2024,STRS2412.dbc,AP03CV04,object,37142,0,0.0,1
CNES/ST,2024,STRS2412.dbc,AP03CV05,object,37142,0,0.0,2
CNES/ST,2024,STRS2412.dbc,AP03CV06,object,37142,0,0.0,2
CNES/ST,2024,STRS2412.dbc,AP03CV07,object,37142,0,0.0,2
CNES/ST,2024,STRS2412.dbc,AP04CV01,object,37142,0,0.0,2
CNES/ST,2024,STRS2412.dbc,AP04CV02,object,37142,0,0.0,2
CNES/ST,2024,STRS2412.dbc,AP04CV03,object,37142,0,0.0,1
CNES/ST,2024,STRS2412.dbc,AP04CV04,object,37142,0,0.0,1
CNES/ST,2024,STRS2412.dbc,AP04CV05,object,37142,0,0.0,2
CNES/ST,2024,STRS2412.dbc,AP04CV06,object,37142,0,0.0,2
CNES/ST,2024,STRS2412.dbc,AP04CV07,object,37142,0,0.0,2
CNES/ST,2024,STRS2412.dbc,AP05CV01,object,37142,0,0.0,2
CNES/ST,2024,STRS2412.dbc,AP05CV02,object,37142,0,0.0,2
CNES/ST,2024,STRS2412.dbc,AP05CV03,object,37142,0,0.0,1
CNES/ST,2024,STRS2412.dbc,AP05CV04,object,37142,0,0.0,1
CNES/ST,2024,STRS2412.dbc,AP05CV05,object,37142,0,0.0,2
CNES/ST,2024,STRS2412.dbc,AP05CV06,object,37142,0,0.0,2
CNES/ST,2024,STRS2412.dbc,AP05CV07,object,37142,0,0.0,2
CNES/ST,2024,STRS2412.dbc,AP06CV01,object,37142,0,0.0,2
CNES/ST,2024,STRS2412.dbc,AP06CV02,object,37142,0,0.0,2
CNES/ST,2024,STRS2412.dbc,AP06CV03,object,37142,0,0.0,1
CNES/ST,2024,STRS2412.dbc,AP06CV04,object,37142,0,0.0,1
CNES/ST,2024,STRS2412.dbc,AP06CV05,object,37142,0,0.0,2
CNES/ST,2024,STRS2412.dbc,AP06CV06,object,37142,0,0.0,2
CNES/ST,2024,STRS2412.dbc,AP06CV07,object,37142,0,0.0,2
CNES/ST,2024,STRS2412.dbc,AP07CV01,object,37142,0,0.0,2
CNES/ST,2024,STRS2412.dbc,AP07CV02,object,37142,0,0.0,2
CNES/ST,2024,STRS2412.dbc,AP07CV03,object,37142,0,0.0,1
CNES/ST,2024,STRS2412.dbc,AP07CV04,object,37142,0,0.0,1
CNES/ST,2024,STRS2412.dbc,AP07CV05,object,37142,0,0.0,2
CNES/ST,2024,STRS2412.dbc,AP07CV06,object,37142,0,0.0,2
CNES/ST,2024,STRS2412.dbc,AP07CV07,object,37142,0,0.0,2
CNES/ST,2024,STRS2412.dbc,ATEND_PR,object,37142,0,0.0,1
CNES/ST,2024,STRS2412.dbc,DT_ATUAL,object,37142,0,0.0,85
CNES/ST,2024,STRS2412.dbc,COMPETEN,object,37142,0,0.0,1
CNES/ST,2024,STRS2412.dbc,NAT_JUR,object,37142,0,0.0,37
