base,arquivo,ano,uf,tipo,formato,status,caminho,observacoes
Outros,arquivo (1).zip,,,arquivo_compactado,ZIP,preservado,data/raw/archives/arquivo (1).zip,Arquivo original preservado.
SINASC,DNRS2023.dbc,2023,RS,nascidos_vivos,DBC,preservado,data/raw/archives/arquivo (1).zip::DNRS2023.dbc,
Outros,arquivo (10).zip,,,arquivo_compactado,ZIP,preservado,data/raw/archives/arquivo (10).zip,Arquivo original preservado.
SINAN,SIFCBR24.dbc,2024,BR,sifilis_congenita,DBC,preservado,data/raw/archives/arquivo (10).zip::SIFCBR24.dbc,
Outros,arquivo (11).zip,,,arquivo_compactado,ZIP,preservado,data/raw/archives/arquivo (11).zip,Arquivo original preservado.
SINAN,SIFCBR23.dbc,2023,BR,sifilis_congenita,DBC,preservado,data/raw/archives/arquivo (11).zip::SIFCBR23.dbc,
Outros,arquivo (12).zip,,,arquivo_compactado,ZIP,preservado,data/raw/archives/arquivo (12).zip,Arquivo original preservado.
SINAN,SIFCBR22.dbc,2022,BR,sifilis_congenita,DBC,preservado,data/raw/archives/arquivo (12).zip::SIFCBR22.dbc,
Outros,arquivo (13).zip,,,arquivo_compactado,ZIP,preservado,data/raw/archives/arquivo (13).zip,Arquivo original preservado.
SINAN,SIFCBR21.dbc,2021,BR,sifilis_congenita,DBC,preservado,data/raw/archives/arquivo (13).zip::SIFCBR21.dbc,
Outros,arquivo (14).zip,,,arquivo_compactado,ZIP,preservado,data/raw/archives/arquivo (14).zip,Arquivo original preservado.
SINAN,SIFCBR20.dbc,2020,BR,sifilis_congenita,DBC,preservado,data/raw/archives/arquivo (14).zip::SIFCBR20.dbc,
Outros,arquivo (15).zip,,,arquivo_compactado,ZIP,preservado,data/raw/archives/arquivo (15).zip,Arquivo original preservado.
SINAN,SIFCBR19.dbc,2019,BR,sifilis_congenita,DBC,preservado,data/raw/archives/arquivo (15).zip::SIFCBR19.dbc,
Outros,arquivo (16).zip,,,arquivo_compactado,ZIP,preservado,data/raw/archives/arquivo (16).zip,Arquivo original preservado.
SINAN,SIFCBR18.dbc,2018,BR,sifilis_congenita,DBC,preservado,data/raw/archives/arquivo (16).zip::SIFCBR18.dbc,
Outros,arquivo (17).zip,,,arquivo_compactado,ZIP,preservado,data/raw/archives/arquivo (17).zip,Arquivo original preservado.
SINAN,SIFCBR17.dbc,2017,BR,sifilis_congenita,DBC,preservado,data/raw/archives/arquivo (17).zip::SIFCBR17.dbc,
Outros,arquivo (18).zip,,,arquivo_compactado,ZIP,preservado,data/raw/archives/arquivo (18).zip,Arquivo original preservado.
SINAN,SIFCBR16.dbc,2016,BR,sifilis_congenita,DBC,preservado,data/raw/archives/arquivo (18).zip::SIFCBR16.dbc,
Outros,arquivo (19).zip,,,arquivo_compactado,ZIP,preservado,data/raw/archives/arquivo (19).zip,Arquivo original preservado.
SINAN,SIFCBR15.dbc,2015,BR,sifilis_congenita,DBC,preservado,data/raw/archives/arquivo (19).zip::SIFCBR15.dbc,
Outros,arquivo (2).zip,,,arquivo_compactado,ZIP,preservado,data/raw/archives/arquivo (2).zip,Arquivo original preservado.
SINASC,DNRS2022.dbc,2022,RS,nascidos_vivos,DBC,preservado,data/raw/archives/arquivo (2).zip::DNRS2022.dbc,
Outros,arquivo (20).zip,,,arquivo_compactado,ZIP,preservado,data/raw/archives/arquivo (20).zip,Arquivo original preservado.
SIM,DORS2024.dbc,2024,RS,obitos_gerais,DBC,preservado,data/raw/archives/arquivo (20).zip::DORS2024.dbc,
Outros,arquivo (21).zip,,,arquivo_compactado,ZIP,preservado,data/raw/archives/arquivo (21).zip,Arquivo original preservado.
SIM,DORS2023.dbc,2023,RS,obitos_gerais,DBC,preservado,data/raw/archives/arquivo (21).zip::DORS2023.dbc,
Outros,arquivo (22).zip,,,arquivo_compactado,ZIP,preservado,data/raw/archives/arquivo (22).zip,Arquivo original preservado.
SIM,DORS2022.dbc,2022,RS,obitos_gerais,DBC,preservado,data/raw/archives/arquivo (22).zip::DORS2022.dbc,
Outros,arquivo (23).zip,,,arquivo_compactado,ZIP,preservado,data/raw/archives/arquivo (23).zip,Arquivo original preservado.
SIM,DORS2021.dbc,2021,RS,obitos_gerais,DBC,preservado,data/raw/archives/arquivo (23).zip::DORS2021.dbc,
Outros,arquivo (24).zip,,,arquivo_compactado,ZIP,preservado,data/raw/archives/arquivo (24).zip,Arquivo original preservado.
SIM,DORS2020.dbc,2020,RS,obitos_gerais,DBC,preservado,data/raw/archives/arquivo (24).zip::DORS2020.dbc,
Outros,arquivo (25).zip,,,arquivo_compactado,ZIP,preservado,data/raw/archives/arquivo (25).zip,Arquivo original preservado.
SIM,DORS2019.dbc,2019,RS,obitos_gerais,DBC,preservado,data/raw/archives/arquivo (25).zip::DORS2019.dbc,
Outros,arquivo (26).zip,,,arquivo_compactado,ZIP,preservado,data/raw/archives/arquivo (26).zip,Arquivo original preservado.
SIM,DORS2018.dbc,2018,RS,obitos_gerais,DBC,preservado,data/raw/archives/arquivo (26).zip::DORS2018.dbc,
Outros,arquivo (27).zip,,,arquivo_compactado,ZIP,preservado,data/raw/archives/arquivo (27).zip,Arquivo original preservado.
SIM,DORS2017.dbc,2017,RS,obitos_gerais,DBC,preservado,data/raw/archives/arquivo (27).zip::DORS2017.dbc,
Outros,arquivo (28).zip,,,arquivo_compactado,ZIP,preservado,data/raw/archives/arquivo (28).zip,Arquivo original preservado.
SIM,DORS2016.dbc,2016,RS,obitos_gerais,DBC,preservado,data/raw/archives/arquivo (28).zip::DORS2016.dbc,
Outros,arquivo (29).zip,,,arquivo_compactado,ZIP,preservado,data/raw/archives/arquivo (29).zip,Arquivo original preservado.
SIM,DORS2015.dbc,2015,RS,obitos_gerais,DBC,preservado,data/raw/archives/arquivo (29).zip::DORS2015.dbc,
Outros,arquivo (3).zip,,,arquivo_compactado,ZIP,preservado,data/raw/archives/arquivo (3).zip,Arquivo original preservado.
SINASC,DNRS2021.dbc,2021,RS,nascidos_vivos,DBC,preservado,data/raw/archives/arquivo (3).zip::DNRS2021.dbc,
Outros,arquivo (30).zip,,,arquivo_compactado,ZIP,preservado,data/raw/archives/arquivo (30).zip,Arquivo original preservado.
SIM,DOFET15.dbc,2015,RS,obitos_fetais,DBC,preservado,data/raw/archives/arquivo (30).zip::DOFET15.dbc,
Outros,arquivo (31).zip,,,arquivo_compactado,ZIP,preservado,data/raw/archives/arquivo (31).zip,Arquivo original preservado.
SIM,DOFET16.dbc,2016,RS,obitos_fetais,DBC,preservado,data/raw/archives/arquivo (31).zip::DOFET16.dbc,
Outros,arquivo (32).zip,,,arquivo_compactado,ZIP,preservado,data/raw/archives/arquivo (32).zip,Arquivo original preservado.
SIM,DOFET17.dbc,2017,RS,obitos_fetais,DBC,preservado,data/raw/archives/arquivo (32).zip::DOFET17.dbc,
Outros,arquivo (33).zip,,,arquivo_compactado,ZIP,preservado,data/raw/archives/arquivo (33).zip,Arquivo original preservado.
SIM,DOFET18.dbc,2018,RS,obitos_fetais,DBC,preservado,data/raw/archives/arquivo (33).zip::DOFET18.dbc,
Outros,arquivo (34).zip,,,arquivo_compactado,ZIP,preservado,data/raw/archives/arquivo (34).zip,Arquivo original preservado.
SIM,DOFET19.dbc,2019,RS,obitos_fetais,DBC,preservado,data/raw/archives/arquivo (34).zip::DOFET19.dbc,
Outros,arquivo (35).zip,,,arquivo_compactado,ZIP,preservado,data/raw/archives/arquivo (35).zip,Arquivo original preservado.
SIM,DOFET20.dbc,2020,RS,obitos_fetais,DBC,preservado,data/raw/archives/arquivo (35).zip::DOFET20.dbc,
Outros,arquivo (36).zip,,,arquivo_compactado,ZIP,preservado,data/raw/archives/arquivo (36).zip,Arquivo original preservado.
SIM,DOFET21.dbc,2021,RS,obitos_fetais,DBC,preservado,data/raw/archives/arquivo (36).zip::DOFET21.dbc,
Outros,arquivo (37).zip,,,arquivo_compactado,ZIP,preservado,data/raw/archives/arquivo (37).zip,Arquivo original preservado.
SIM,DOFET22.dbc,2022,RS,obitos_fetais,DBC,preservado,data/raw/archives/arquivo (37).zip::DOFET22.dbc,
Outros,arquivo (38).zip,,,arquivo_compactado,ZIP,preservado,data/raw/archives/arquivo (38).zip,Arquivo original preservado.
SIM,DOFET23.dbc,2023,RS,obitos_fetais,DBC,preservado,data/raw/archives/arquivo (38).zip::DOFET23.dbc,
Outros,arquivo (39).zip,,,arquivo_compactado,ZIP,preservado,data/raw/archives/arquivo (39).zip,Arquivo original preservado.
SIM,DOFET24.dbc,2024,RS,obitos_fetais,DBC,preservado,data/raw/archives/arquivo (39).zip::DOFET24.dbc,
Outros,arquivo (4).zip,,,arquivo_compactado,ZIP,preservado,data/raw/archives/arquivo (4).zip,Arquivo original preservado.
SINASC,DNRS2020.dbc,2020,RS,nascidos_vivos,DBC,preservado,data/raw/archives/arquivo (4).zip::DNRS2020.dbc,
Outros,arquivo (40).zip,,,arquivo_compactado,ZIP,preservado,data/raw/archives/arquivo (40).zip,Arquivo original preservado.
SIM,DOINF15.dbc,2015,RS,obitos_infantis,DBC,preservado,data/raw/archives/arquivo (40).zip::DOINF15.dbc,
SIM,DOINF16.dbc,2016,RS,obitos_infantis,DBC,preservado,data/raw/archives/arquivo (40).zip::DOINF16.dbc,
SIM,DOINF17.dbc,2017,RS,obitos_infantis,DBC,preservado,data/raw/archives/arquivo (40).zip::DOINF17.dbc,
SIM,DOINF18.dbc,2018,RS,obitos_infantis,DBC,preservado,data/raw/archives/arquivo (40).zip::DOINF18.dbc,
SIM,DOINF19.dbc,2019,RS,obitos_infantis,DBC,preservado,data/raw/archives/arquivo (40).zip::DOINF19.dbc,
SIM,DOINF20.dbc,2020,RS,obitos_infantis,DBC,preservado,data/raw/archives/arquivo (40).zip::DOINF20.dbc,
SIM,DOINF21.dbc,2021,RS,obitos_infantis,DBC,preservado,data/raw/archives/arquivo (40).zip::DOINF21.dbc,
SIM,DOINF22.dbc,2022,RS,obitos_infantis,DBC,preservado,data/raw/archives/arquivo (40).zip::DOINF22.dbc,
SIM,DOINF23.dbc,2023,RS,obitos_infantis,DBC,preservado,data/raw/archives/arquivo (40).zip::DOINF23.dbc,
SIM,DOINF24.dbc,2024,RS,obitos_infantis,DBC,preservado,data/raw/archives/arquivo (40).zip::DOINF24.dbc,
Outros,arquivo (41).zip,,,arquivo_compactado,ZIP,preservado,data/raw/archives/arquivo (41).zip,Arquivo original preservado.
SIM,DOMAT15.dbc,2015,RS,obitos_maternos,DBC,preservado,data/raw/archives/arquivo (41).zip::DOMAT15.dbc,Complementar de baixa prioridade.
SIM,DOMAT16.dbc,2016,RS,obitos_maternos,DBC,preservado,data/raw/archives/arquivo (41).zip::DOMAT16.dbc,Complementar de baixa prioridade.
SIM,DOMAT17.dbc,2017,RS,obitos_maternos,DBC,preservado,data/raw/archives/arquivo (41).zip::DOMAT17.dbc,Complementar de baixa prioridade.
SIM,DOMAT18.dbc,2018,RS,obitos_maternos,DBC,preservado,data/raw/archives/arquivo (41).zip::DOMAT18.dbc,Complementar de baixa prioridade.
SIM,DOMAT19.dbc,2019,RS,obitos_maternos,DBC,preservado,data/raw/archives/arquivo (41).zip::DOMAT19.dbc,Complementar de baixa prioridade.
SIM,DOMAT20.dbc,2020,RS,obitos_maternos,DBC,preservado,data/raw/archives/arquivo (41).zip::DOMAT20.dbc,Complementar de baixa prioridade.
SIM,DOMAT21.dbc,2021,RS,obitos_maternos,DBC,preservado,data/raw/archives/arquivo (41).zip::DOMAT21.dbc,Complementar de baixa prioridade.
SIM,DOMAT22.dbc,2022,RS,obitos_maternos,DBC,preservado,data/raw/archives/arquivo (41).zip::DOMAT22.dbc,Complementar de baixa prioridade.
SIM,DOMAT23.dbc,2023,RS,obitos_maternos,DBC,preservado,data/raw/archives/arquivo (41).zip::DOMAT23.dbc,Complementar de baixa prioridade.
SIM,DOMAT24.dbc,2024,RS,obitos_maternos,DBC,preservado,data/raw/archives/arquivo (41).zip::DOMAT24.dbc,Complementar de baixa prioridade.
Outros,arquivo (42).zip,,,arquivo_compactado,ZIP,preservado,data/raw/archives/arquivo (42).zip,Arquivo original preservado.
SIM,DOMAT15.dbc,2015,RS,obitos_maternos,DBC,preservado,data/raw/archives/arquivo (42).zip::DOMAT15.dbc,Complementar de baixa prioridade.
SIM,DOMAT16.dbc,2016,RS,obitos_maternos,DBC,preservado,data/raw/archives/arquivo (42).zip::DOMAT16.dbc,Complementar de baixa prioridade.
SIM,DOMAT17.dbc,2017,RS,obitos_maternos,DBC,preservado,data/raw/archives/arquivo (42).zip::DOMAT17.dbc,Complementar de baixa prioridade.
SIM,DOMAT18.dbc,2018,RS,obitos_maternos,DBC,preservado,data/raw/archives/arquivo (42).zip::DOMAT18.dbc,Complementar de baixa prioridade.
SIM,DOMAT19.dbc,2019,RS,obitos_maternos,DBC,preservado,data/raw/archives/arquivo (42).zip::DOMAT19.dbc,Complementar de baixa prioridade.
SIM,DOMAT20.dbc,2020,RS,obitos_maternos,DBC,preservado,data/raw/archives/arquivo (42).zip::DOMAT20.dbc,Complementar de baixa prioridade.
SIM,DOMAT21.dbc,2021,RS,obitos_maternos,DBC,preservado,data/raw/archives/arquivo (42).zip::DOMAT21.dbc,Complementar de baixa prioridade.
SIM,DOMAT22.dbc,2022,RS,obitos_maternos,DBC,preservado,data/raw/archives/arquivo (42).zip::DOMAT22.dbc,Complementar de baixa prioridade.
SIM,DOMAT23.dbc,2023,RS,obitos_maternos,DBC,preservado,data/raw/archives/arquivo (42).zip::DOMAT23.dbc,Complementar de baixa prioridade.
SIM,DOMAT24.dbc,2024,RS,obitos_maternos,DBC,preservado,data/raw/archives/arquivo (42).zip::DOMAT24.dbc,Complementar de baixa prioridade.
Outros,arquivo (43).zip,,,arquivo_compactado,ZIP,preservado,data/raw/archives/arquivo (43).zip,Arquivo original preservado.
Populacao DATASUS,POPSBR15.zip,2015,BR,populacao_residente,ZIP,preservado,data/raw/archives/arquivo (43).zip::POPSBR15.zip,Base complementar; nao substitui o denominador SINASC.
Populacao DATASUS,POPSBR16.zip,2016,BR,populacao_residente,ZIP,preservado,data/raw/archives/arquivo (43).zip::POPSBR16.zip,Base complementar; nao substitui o denominador SINASC.
Populacao DATASUS,POPSBR17.zip,2017,BR,populacao_residente,ZIP,preservado,data/raw/archives/arquivo (43).zip::POPSBR17.zip,Base complementar; nao substitui o denominador SINASC.
Populacao DATASUS,POPSBR18.zip,2018,BR,populacao_residente,ZIP,preservado,data/raw/archives/arquivo (43).zip::POPSBR18.zip,Base complementar; nao substitui o denominador SINASC.
Populacao DATASUS,POPSBR19.zip,2019,BR,populacao_residente,ZIP,preservado,data/raw/archives/arquivo (43).zip::POPSBR19.zip,Base complementar; nao substitui o denominador SINASC.
Populacao DATASUS,POPSBR20.zip,2020,BR,populacao_residente,ZIP,preservado,data/raw/archives/arquivo (43).zip::POPSBR20.zip,Base complementar; nao substitui o denominador SINASC.
Populacao DATASUS,POPSBR21.zip,2021,BR,populacao_residente,ZIP,preservado,data/raw/archives/arquivo (43).zip::POPSBR21.zip,Base complementar; nao substitui o denominador SINASC.
Populacao DATASUS,POPSBR22.zip,2022,BR,populacao_residente,ZIP,preservado,data/raw/archives/arquivo (43).zip::POPSBR22.zip,Base complementar; nao substitui o denominador SINASC.
Populacao DATASUS,POPSBR23.zip,2023,BR,populacao_residente,ZIP,preservado,data/raw/archives/arquivo (43).zip::POPSBR23.zip,Base complementar; nao substitui o denominador SINASC.
Populacao DATASUS,POPSBR24.zip,2024,BR,populacao_residente,ZIP,preservado,data/raw/archives/arquivo (43).zip::POPSBR24.zip,Base complementar; nao substitui o denominador SINASC.
Populacao DATASUS,POPTBR15.zip,2015,BR,populacao_residente,ZIP,preservado,data/raw/archives/arquivo (43).zip::POPTBR15.zip,Base complementar; nao substitui o denominador SINASC.
Populacao DATASUS,POPTBR16.zip,2016,BR,populacao_residente,ZIP,preservado,data/raw/archives/arquivo (43).zip::POPTBR16.zip,Base complementar; nao substitui o denominador SINASC.
Populacao DATASUS,POPTBR17.zip,2017,BR,populacao_residente,ZIP,preservado,data/raw/archives/arquivo (43).zip::POPTBR17.zip,Base complementar; nao substitui o denominador SINASC.
Populacao DATASUS,POPTBR18.zip,2018,BR,populacao_residente,ZIP,preservado,data/raw/archives/arquivo (43).zip::POPTBR18.zip,Base complementar; nao substitui o denominador SINASC.
Populacao DATASUS,POPTBR19.zip,2019,BR,populacao_residente,ZIP,preservado,data/raw/archives/arquivo (43).zip::POPTBR19.zip,Base complementar; nao substitui o denominador SINASC.
Populacao DATASUS,POPTBR20.zip,2020,BR,populacao_residente,ZIP,preservado,data/raw/archives/arquivo (43).zip::POPTBR20.zip,Base complementar; nao substitui o denominador SINASC.
Populacao DATASUS,POPTBR21.zip,2021,BR,populacao_residente,ZIP,preservado,data/raw/archives/arquivo (43).zip::POPTBR21.zip,Base complementar; nao substitui o denominador SINASC.
Populacao DATASUS,POPTBR22.zip,2022,BR,populacao_residente,ZIP,preservado,data/raw/archives/arquivo (43).zip::POPTBR22.zip,Base complementar; nao substitui o denominador SINASC.
Populacao DATASUS,POPTBR23.zip,2023,BR,populacao_residente,ZIP,preservado,data/raw/archives/arquivo (43).zip::POPTBR23.zip,Base complementar; nao substitui o denominador SINASC.
Populacao DATASUS,POPTBR24.zip,2024,BR,populacao_residente,ZIP,preservado,data/raw/archives/arquivo (43).zip::POPTBR24.zip,Base complementar; nao substitui o denominador SINASC.
Outros,arquivo (5).zip,,,arquivo_compactado,ZIP,preservado,data/raw/archives/arquivo (5).zip,Arquivo original preservado.
SINASC,DNRS2019.dbc,2019,RS,nascidos_vivos,DBC,preservado,data/raw/archives/arquivo (5).zip::DNRS2019.dbc,
Outros,arquivo (6).zip,,,arquivo_compactado,ZIP,preservado,data/raw/archives/arquivo (6).zip,Arquivo original preservado.
SINASC,DNRS2018.dbc,2018,RS,nascidos_vivos,DBC,preservado,data/raw/archives/arquivo (6).zip::DNRS2018.dbc,
Outros,arquivo (7).zip,,,arquivo_compactado,ZIP,preservado,data/raw/archives/arquivo (7).zip,Arquivo original preservado.
SINASC,DNRS2017.dbc,2017,RS,nascidos_vivos,DBC,preservado,data/raw/archives/arquivo (7).zip::DNRS2017.dbc,
Outros,arquivo (8).zip,,,arquivo_compactado,ZIP,preservado,data/raw/archives/arquivo (8).zip,Arquivo original preservado.
SINASC,DNRS2016.dbc,2016,RS,nascidos_vivos,DBC,preservado,data/raw/archives/arquivo (8).zip::DNRS2016.dbc,
Outros,arquivo (9).zip,,,arquivo_compactado,ZIP,preservado,data/raw/archives/arquivo (9).zip,Arquivo original preservado.
SINASC,DNRS2015.dbc,2015,RS,nascidos_vivos,DBC,preservado,data/raw/archives/arquivo (9).zip::DNRS2015.dbc,
Outros,arquivo.zip,,,arquivo_compactado,ZIP,preservado,data/raw/archives/arquivo.zip,Arquivo original preservado.
SINASC,DNRS2024.dbc,2024,RS,nascidos_vivos,DBC,preservado,data/raw/archives/arquivo.zip::DNRS2024.dbc,
Outros,cnes_rs_2024_st_mensal.zip,,,arquivo_compactado,ZIP,preservado,data/raw/archives/cnes_rs_2024_st_mensal.zip,Arquivo original preservado.
CNES,STRS2401.dbc,2024,RS,st_mes_01,DBC,ignorado,data/raw/archives/cnes_rs_2024_st_mensal.zip::STRS2401.dbc,Fora do recorte principal de CNES.
CNES,STRS2402.dbc,2024,RS,st_mes_02,DBC,ignorado,data/raw/archives/cnes_rs_2024_st_mensal.zip::STRS2402.dbc,Fora do recorte principal de CNES.
CNES,STRS2403.dbc,2024,RS,st_mes_03,DBC,ignorado,data/raw/archives/cnes_rs_2024_st_mensal.zip::STRS2403.dbc,Fora do recorte principal de CNES.
CNES,STRS2404.dbc,2024,RS,st_mes_04,DBC,ignorado,data/raw/archives/cnes_rs_2024_st_mensal.zip::STRS2404.dbc,Fora do recorte principal de CNES.
CNES,STRS2405.dbc,2024,RS,st_mes_05,DBC,ignorado,data/raw/archives/cnes_rs_2024_st_mensal.zip::STRS2405.dbc,Fora do recorte principal de CNES.
CNES,STRS2406.dbc,2024,RS,st_mes_06,DBC,ignorado,data/raw/archives/cnes_rs_2024_st_mensal.zip::STRS2406.dbc,Fora do recorte principal de CNES.
CNES,STRS2407.dbc,2024,RS,st_mes_07,DBC,ignorado,data/raw/archives/cnes_rs_2024_st_mensal.zip::STRS2407.dbc,Fora do recorte principal de CNES.
CNES,STRS2408.dbc,2024,RS,st_mes_08,DBC,ignorado,data/raw/archives/cnes_rs_2024_st_mensal.zip::STRS2408.dbc,Fora do recorte principal de CNES.
CNES,STRS2409.dbc,2024,RS,st_mes_09,DBC,ignorado,data/raw/archives/cnes_rs_2024_st_mensal.zip::STRS2409.dbc,Fora do recorte principal de CNES.
CNES,STRS2410.dbc,2024,RS,st_mes_10,DBC,ignorado,data/raw/archives/cnes_rs_2024_st_mensal.zip::STRS2410.dbc,Fora do recorte principal de CNES.
CNES,STRS2411.dbc,2024,RS,st_mes_11,DBC,ignorado,data/raw/archives/cnes_rs_2024_st_mensal.zip::STRS2411.dbc,Fora do recorte principal de CNES.
CNES,STRS2412.dbc,2024,RS,st_mes_12,DBC,preservado,data/raw/archives/cnes_rs_2024_st_mensal.zip::STRS2412.dbc,Snapshot principal de dezembro para estabelecimentos.
Outros,sim_rs_2024_obitos_fetais_maternos.zip,,,arquivo_compactado,ZIP,preservado,data/raw/archives/sim_rs_2024_obitos_fetais_maternos.zip,Arquivo original preservado.
SIM,DOFET24.dbc,2024,RS,obitos_fetais,DBC,preservado,data/raw/archives/sim_rs_2024_obitos_fetais_maternos.zip::DOFET24.dbc,
SIM,DOMAT24.dbc,2024,RS,obitos_maternos,DBC,preservado,data/raw/archives/sim_rs_2024_obitos_fetais_maternos.zip::DOMAT24.dbc,Complementar de baixa prioridade.
SIM,DORS2024.dbc,2024,RS,obitos_gerais,DBC,preservado,data/raw/archives/sim_rs_2024_obitos_fetais_maternos.zip::DORS2024.dbc,
Outros,sim_rs_2024_obitos_gerais.zip,,,arquivo_compactado,ZIP,preservado,data/raw/archives/sim_rs_2024_obitos_gerais.zip,Arquivo original preservado.
SIM,DORS2024.dbc,2024,RS,obitos_gerais,DBC,preservado,data/raw/archives/sim_rs_2024_obitos_gerais.zip::DORS2024.dbc,
Outros,sinantotal.zip,,,arquivo_compactado,ZIP,preservado,data/raw/archives/sinantotal.zip,Arquivo original preservado.
SINAN,SIFCBR15.dbc,2015,BR,sifilis_congenita,DBC,preservado,data/raw/archives/sinantotal.zip::SIFCBR15.dbc,
SINAN,SIFCBR16.dbc,2016,BR,sifilis_congenita,DBC,preservado,data/raw/archives/sinantotal.zip::SIFCBR16.dbc,
SINAN,SIFCBR17.dbc,2017,BR,sifilis_congenita,DBC,preservado,data/raw/archives/sinantotal.zip::SIFCBR17.dbc,
SINAN,SIFCBR18.dbc,2018,BR,sifilis_congenita,DBC,preservado,data/raw/archives/sinantotal.zip::SIFCBR18.dbc,
SINAN,SIFCBR19.dbc,2019,BR,sifilis_congenita,DBC,preservado,data/raw/archives/sinantotal.zip::SIFCBR19.dbc,
SINAN,SIFCBR20.dbc,2020,BR,sifilis_congenita,DBC,preservado,data/raw/archives/sinantotal.zip::SIFCBR20.dbc,
SINAN,SIFCBR21.dbc,2021,BR,sifilis_congenita,DBC,preservado,data/raw/archives/sinantotal.zip::SIFCBR21.dbc,
SINAN,SIFCBR22.dbc,2022,BR,sifilis_congenita,DBC,preservado,data/raw/archives/sinantotal.zip::SIFCBR22.dbc,
SINAN,SIFCBR23.dbc,2023,BR,sifilis_congenita,DBC,preservado,data/raw/archives/sinantotal.zip::SIFCBR23.dbc,
SINAN,SIFCBR24.dbc,2024,BR,sifilis_congenita,DBC,preservado,data/raw/archives/sinantotal.zip::SIFCBR24.dbc,
Outros,sinasc_rs_2024_dn.zip,,,arquivo_compactado,ZIP,preservado,data/raw/archives/sinasc_rs_2024_dn.zip,Arquivo original preservado.
SINASC,DNRS2024.dbc,2024,RS,nascidos_vivos,DBC,preservado,data/raw/archives/sinasc_rs_2024_dn.zip::DNRS2024.dbc,
Outros,sinasctotal.zip,,,arquivo_compactado,ZIP,preservado,data/raw/archives/sinasctotal.zip,Arquivo original preservado.
SINASC,DNEX2015.dbc,2015,EX,nascidos_vivos_exterior,DBC,fora_de_escopo,data/raw/archives/sinasctotal.zip::DNEX2015.dbc,Arquivo DNEX nao compoe o recorte Rio Grande do Sul.
SINASC,DNEX2016.dbc,2016,EX,nascidos_vivos_exterior,DBC,fora_de_escopo,data/raw/archives/sinasctotal.zip::DNEX2016.dbc,Arquivo DNEX nao compoe o recorte Rio Grande do Sul.
SINASC,DNEX2017.dbc,2017,EX,nascidos_vivos_exterior,DBC,fora_de_escopo,data/raw/archives/sinasctotal.zip::DNEX2017.dbc,Arquivo DNEX nao compoe o recorte Rio Grande do Sul.
SINASC,DNEX2018.dbc,2018,EX,nascidos_vivos_exterior,DBC,fora_de_escopo,data/raw/archives/sinasctotal.zip::DNEX2018.dbc,Arquivo DNEX nao compoe o recorte Rio Grande do Sul.
SINASC,DNEX2019.dbc,2019,EX,nascidos_vivos_exterior,DBC,fora_de_escopo,data/raw/archives/sinasctotal.zip::DNEX2019.dbc,Arquivo DNEX nao compoe o recorte Rio Grande do Sul.
SINASC,DNEX2020.dbc,2020,EX,nascidos_vivos_exterior,DBC,fora_de_escopo,data/raw/archives/sinasctotal.zip::DNEX2020.dbc,Arquivo DNEX nao compoe o recorte Rio Grande do Sul.
SINASC,DNEX2021.dbc,2021,EX,nascidos_vivos_exterior,DBC,fora_de_escopo,data/raw/archives/sinasctotal.zip::DNEX2021.dbc,Arquivo DNEX nao compoe o recorte Rio Grande do Sul.
SINASC,DNEX2022.dbc,2022,EX,nascidos_vivos_exterior,DBC,fora_de_escopo,data/raw/archives/sinasctotal.zip::DNEX2022.dbc,Arquivo DNEX nao compoe o recorte Rio Grande do Sul.
SINASC,DNEX2023.dbc,2023,EX,nascidos_vivos_exterior,DBC,fora_de_escopo,data/raw/archives/sinasctotal.zip::DNEX2023.dbc,Arquivo DNEX nao compoe o recorte Rio Grande do Sul.
SINASC,DNEX2024.dbc,2024,EX,nascidos_vivos_exterior,DBC,fora_de_escopo,data/raw/archives/sinasctotal.zip::DNEX2024.dbc,Arquivo DNEX nao compoe o recorte Rio Grande do Sul.
SINASC,DNRS2015.dbc,2015,RS,nascidos_vivos,DBC,preservado,data/raw/archives/sinasctotal.zip::DNRS2015.dbc,
SINASC,DNRS2016.dbc,2016,RS,nascidos_vivos,DBC,preservado,data/raw/archives/sinasctotal.zip::DNRS2016.dbc,
SINASC,DNRS2017.dbc,2017,RS,nascidos_vivos,DBC,preservado,data/raw/archives/sinasctotal.zip::DNRS2017.dbc,
SINASC,DNRS2018.dbc,2018,RS,nascidos_vivos,DBC,preservado,data/raw/archives/sinasctotal.zip::DNRS2018.dbc,
SINASC,DNRS2019.dbc,2019,RS,nascidos_vivos,DBC,preservado,data/raw/archives/sinasctotal.zip::DNRS2019.dbc,
SINASC,DNRS2020.dbc,2020,RS,nascidos_vivos,DBC,preservado,data/raw/archives/sinasctotal.zip::DNRS2020.dbc,
SINASC,DNRS2021.dbc,2021,RS,nascidos_vivos,DBC,preservado,data/raw/archives/sinasctotal.zip::DNRS2021.dbc,
SINASC,DNRS2022.dbc,2022,RS,nascidos_vivos,DBC,preservado,data/raw/archives/sinasctotal.zip::DNRS2022.dbc,
SINASC,DNRS2023.dbc,2023,RS,nascidos_vivos,DBC,preservado,data/raw/archives/sinasctotal.zip::DNRS2023.dbc,
SINASC,DNRS2024.dbc,2024,RS,nascidos_vivos,DBC,preservado,data/raw/archives/sinasctotal.zip::DNRS2024.dbc,
CNES,EPRS1512.dbc,2015,RS,ep_mes_12,DBC,disponivel,data/raw/cnes/ep/EPRS1512.dbc,Snapshot complementar de dezembro.
CNES,EPRS1612.dbc,2016,RS,ep_mes_12,DBC,disponivel,data/raw/cnes/ep/EPRS1612.dbc,Snapshot complementar de dezembro.
CNES,EPRS1712.dbc,2017,RS,ep_mes_12,DBC,disponivel,data/raw/cnes/ep/EPRS1712.dbc,Snapshot complementar de dezembro.
CNES,EPRS1812.dbc,2018,RS,ep_mes_12,DBC,disponivel,data/raw/cnes/ep/EPRS1812.dbc,Snapshot complementar de dezembro.
CNES,EPRS1912.dbc,2019,RS,ep_mes_12,DBC,disponivel,data/raw/cnes/ep/EPRS1912.dbc,Snapshot complementar de dezembro.
CNES,EPRS2012.dbc,2020,RS,ep_mes_12,DBC,disponivel,data/raw/cnes/ep/EPRS2012.dbc,Snapshot complementar de dezembro.
CNES,EPRS2112.dbc,2021,RS,ep_mes_12,DBC,disponivel,data/raw/cnes/ep/EPRS2112.dbc,Snapshot complementar de dezembro.
CNES,EPRS2212.dbc,2022,RS,ep_mes_12,DBC,disponivel,data/raw/cnes/ep/EPRS2212.dbc,Snapshot complementar de dezembro.
CNES,EPRS2312.dbc,2023,RS,ep_mes_12,DBC,disponivel,data/raw/cnes/ep/EPRS2312.dbc,Snapshot complementar de dezembro.
CNES,EPRS2412.dbc,2024,RS,ep_mes_12,DBC,disponivel,data/raw/cnes/ep/EPRS2412.dbc,Snapshot complementar de dezembro.
CNES,SRRS1512.dbc,2015,RS,sr_mes_12,DBC,disponivel,data/raw/cnes/sr/SRRS1512.dbc,Snapshot complementar de dezembro.
CNES,SRRS1612.dbc,2016,RS,sr_mes_12,DBC,disponivel,data/raw/cnes/sr/SRRS1612.dbc,Snapshot complementar de dezembro.
CNES,SRRS1712.dbc,2017,RS,sr_mes_12,DBC,disponivel,data/raw/cnes/sr/SRRS1712.dbc,Snapshot complementar de dezembro.
CNES,SRRS1812.dbc,2018,RS,sr_mes_12,DBC,disponivel,data/raw/cnes/sr/SRRS1812.dbc,Snapshot complementar de dezembro.
CNES,SRRS1912.dbc,2019,RS,sr_mes_12,DBC,disponivel,data/raw/cnes/sr/SRRS1912.dbc,Snapshot complementar de dezembro.
CNES,SRRS2012.dbc,2020,RS,sr_mes_12,DBC,disponivel,data/raw/cnes/sr/SRRS2012.dbc,Snapshot complementar de dezembro.
CNES,SRRS2112.dbc,2021,RS,sr_mes_12,DBC,disponivel,data/raw/cnes/sr/SRRS2112.dbc,Snapshot complementar de dezembro.
CNES,SRRS2212.dbc,2022,RS,sr_mes_12,DBC,disponivel,data/raw/cnes/sr/SRRS2212.dbc,Snapshot complementar de dezembro.
CNES,SRRS2312.dbc,2023,RS,sr_mes_12,DBC,disponivel,data/raw/cnes/sr/SRRS2312.dbc,Snapshot complementar de dezembro.
CNES,SRRS2412.dbc,2024,RS,sr_mes_12,DBC,disponivel,data/raw/cnes/sr/SRRS2412.dbc,Snapshot complementar de dezembro.
CNES,STRS1512.dbc,2015,RS,st_mes_12,DBC,disponivel,data/raw/cnes/st/STRS1512.dbc,Snapshot principal de dezembro para estabelecimentos.
CNES,STRS1612.dbc,2016,RS,st_mes_12,DBC,disponivel,data/raw/cnes/st/STRS1612.dbc,Snapshot principal de dezembro para estabelecimentos.
CNES,STRS1712.dbc,2017,RS,st_mes_12,DBC,disponivel,data/raw/cnes/st/STRS1712.dbc,Snapshot principal de dezembro para estabelecimentos.
CNES,STRS1812.dbc,2018,RS,st_mes_12,DBC,disponivel,data/raw/cnes/st/STRS1812.dbc,Snapshot principal de dezembro para estabelecimentos.
CNES,STRS1912.dbc,2019,RS,st_mes_12,DBC,disponivel,data/raw/cnes/st/STRS1912.dbc,Snapshot principal de dezembro para estabelecimentos.
CNES,STRS2012.dbc,2020,RS,st_mes_12,DBC,disponivel,data/raw/cnes/st/STRS2012.dbc,Snapshot principal de dezembro para estabelecimentos.
CNES,STRS2112.dbc,2021,RS,st_mes_12,DBC,disponivel,data/raw/cnes/st/STRS2112.dbc,Snapshot principal de dezembro para estabelecimentos.
CNES,STRS2212.dbc,2022,RS,st_mes_12,DBC,disponivel,data/raw/cnes/st/STRS2212.dbc,Snapshot principal de dezembro para estabelecimentos.
CNES,STRS2312.dbc,2023,RS,st_mes_12,DBC,disponivel,data/raw/cnes/st/STRS2312.dbc,Snapshot principal de dezembro para estabelecimentos.
CNES,STRS2412.dbc,2024,RS,st_mes_12,DBC,disponivel,data/raw/cnes/st/STRS2412.dbc,Snapshot principal de dezembro para estabelecimentos.
Populacao DATASUS,pop15.dbf,2015,BR,populacao_residente,DBF,disponivel,data/raw/populacao_datasus/pop15.dbf,Base complementar; nao substitui o denominador SINASC.
Populacao DATASUS,pop16.dbf,2016,BR,populacao_residente,DBF,disponivel,data/raw/populacao_datasus/pop16.dbf,Base complementar; nao substitui o denominador SINASC.
Populacao DATASUS,pop17.dbf,2017,BR,populacao_residente,DBF,disponivel,data/raw/populacao_datasus/pop17.dbf,Base complementar; nao substitui o denominador SINASC.
Populacao DATASUS,pop18.dbf,2018,BR,populacao_residente,DBF,disponivel,data/raw/populacao_datasus/pop18.dbf,Base complementar; nao substitui o denominador SINASC.
Populacao DATASUS,pop19.dbf,2019,BR,populacao_residente,DBF,disponivel,data/raw/populacao_datasus/pop19.dbf,Base complementar; nao substitui o denominador SINASC.
Populacao DATASUS,pop20.dbf,2020,BR,populacao_residente,DBF,disponivel,data/raw/populacao_datasus/pop20.dbf,Base complementar; nao substitui o denominador SINASC.
Populacao DATASUS,pop21.dbf,2021,BR,populacao_residente,DBF,disponivel,data/raw/populacao_datasus/pop21.dbf,Base complementar; nao substitui o denominador SINASC.
Populacao DATASUS,POP22.dbf,2022,BR,populacao_residente,DBF,disponivel,data/raw/populacao_datasus/POP22.dbf,Base complementar; nao substitui o denominador SINASC.
Populacao DATASUS,POP23.dbf,2023,BR,populacao_residente,DBF,disponivel,data/raw/populacao_datasus/POP23.dbf,Base complementar; nao substitui o denominador SINASC.
Populacao DATASUS,POP24.dbf,2024,BR,populacao_residente,DBF,disponivel,data/raw/populacao_datasus/POP24.dbf,Base complementar; nao substitui o denominador SINASC.
Populacao DATASUS,POPSBR15.zip,2015,BR,populacao_residente,ZIP,disponivel,data/raw/populacao_datasus/POPSBR15.zip,Base complementar; nao substitui o denominador SINASC.
Populacao DATASUS,pop15.dbf,2015,BR,populacao_residente,DBF,preservado,data/raw/populacao_datasus/POPSBR15.zip::pop15.dbf,Base complementar; nao substitui o denominador SINASC.
Populacao DATASUS,POPSBR16.zip,2016,BR,populacao_residente,ZIP,disponivel,data/raw/populacao_datasus/POPSBR16.zip,Base complementar; nao substitui o denominador SINASC.
Populacao DATASUS,pop16.dbf,2016,BR,populacao_residente,DBF,preservado,data/raw/populacao_datasus/POPSBR16.zip::pop16.dbf,Base complementar; nao substitui o denominador SINASC.
Populacao DATASUS,POPSBR17.zip,2017,BR,populacao_residente,ZIP,disponivel,data/raw/populacao_datasus/POPSBR17.zip,Base complementar; nao substitui o denominador SINASC.
Populacao DATASUS,pop17.dbf,2017,BR,populacao_residente,DBF,preservado,data/raw/populacao_datasus/POPSBR17.zip::pop17.dbf,Base complementar; nao substitui o denominador SINASC.
Populacao DATASUS,POPSBR18.zip,2018,BR,populacao_residente,ZIP,disponivel,data/raw/populacao_datasus/POPSBR18.zip,Base complementar; nao substitui o denominador SINASC.
Populacao DATASUS,pop18.dbf,2018,BR,populacao_residente,DBF,preservado,data/raw/populacao_datasus/POPSBR18.zip::pop18.dbf,Base complementar; nao substitui o denominador SINASC.
Populacao DATASUS,POPSBR19.zip,2019,BR,populacao_residente,ZIP,disponivel,data/raw/populacao_datasus/POPSBR19.zip,Base complementar; nao substitui o denominador SINASC.
Populacao DATASUS,pop19.dbf,2019,BR,populacao_residente,DBF,preservado,data/raw/populacao_datasus/POPSBR19.zip::pop19.dbf,Base complementar; nao substitui o denominador SINASC.
Populacao DATASUS,POPSBR20.zip,2020,BR,populacao_residente,ZIP,disponivel,data/raw/populacao_datasus/POPSBR20.zip,Base complementar; nao substitui o denominador SINASC.
Populacao DATASUS,pop20.dbf,2020,BR,populacao_residente,DBF,preservado,data/raw/populacao_datasus/POPSBR20.zip::pop20.dbf,Base complementar; nao substitui o denominador SINASC.
Populacao DATASUS,POPSBR21.zip,2021,BR,populacao_residente,ZIP,disponivel,data/raw/populacao_datasus/POPSBR21.zip,Base complementar; nao substitui o denominador SINASC.
Populacao DATASUS,pop21.dbf,2021,BR,populacao_residente,DBF,preservado,data/raw/populacao_datasus/POPSBR21.zip::pop21.dbf,Base complementar; nao substitui o denominador SINASC.
Populacao DATASUS,POPSBR22.zip,2022,BR,populacao_residente,ZIP,disponivel,data/raw/populacao_datasus/POPSBR22.zip,Base complementar; nao substitui o denominador SINASC.
Populacao DATASUS,POP22.dbf,2022,BR,populacao_residente,DBF,preservado,data/raw/populacao_datasus/POPSBR22.zip::POP22.dbf,Base complementar; nao substitui o denominador SINASC.
Populacao DATASUS,POPSBR23.zip,2023,BR,populacao_residente,ZIP,disponivel,data/raw/populacao_datasus/POPSBR23.zip,Base complementar; nao substitui o denominador SINASC.
Populacao DATASUS,POP23.dbf,2023,BR,populacao_residente,DBF,preservado,data/raw/populacao_datasus/POPSBR23.zip::POP23.dbf,Base complementar; nao substitui o denominador SINASC.
Populacao DATASUS,POPSBR24.zip,2024,BR,populacao_residente,ZIP,disponivel,data/raw/populacao_datasus/POPSBR24.zip,Base complementar; nao substitui o denominador SINASC.
Populacao DATASUS,POP24.dbf,2024,BR,populacao_residente,DBF,preservado,data/raw/populacao_datasus/POPSBR24.zip::POP24.dbf,Base complementar; nao substitui o denominador SINASC.
Populacao DATASUS,POPTBR15.DBF,2015,BR,populacao_residente,DBF,disponivel,data/raw/populacao_datasus/POPTBR15.DBF,Base complementar; nao substitui o denominador SINASC.
Populacao DATASUS,POPTBR15.zip,2015,BR,populacao_residente,ZIP,disponivel,data/raw/populacao_datasus/POPTBR15.zip,Base complementar; nao substitui o denominador SINASC.
Populacao DATASUS,POPTBR15.DBF,2015,BR,populacao_residente,DBF,preservado,data/raw/populacao_datasus/POPTBR15.zip::POPTBR15.DBF,Base complementar; nao substitui o denominador SINASC.
Populacao DATASUS,POPTBR16.DBF,2016,BR,populacao_residente,DBF,disponivel,data/raw/populacao_datasus/POPTBR16.DBF,Base complementar; nao substitui o denominador SINASC.
Populacao DATASUS,POPTBR16.zip,2016,BR,populacao_residente,ZIP,disponivel,data/raw/populacao_datasus/POPTBR16.zip,Base complementar; nao substitui o denominador SINASC.
Populacao DATASUS,POPTBR16.DBF,2016,BR,populacao_residente,DBF,preservado,data/raw/populacao_datasus/POPTBR16.zip::POPTBR16.DBF,Base complementar; nao substitui o denominador SINASC.
Populacao DATASUS,POPTBR17.dbf,2017,BR,populacao_residente,DBF,disponivel,data/raw/populacao_datasus/POPTBR17.dbf,Base complementar; nao substitui o denominador SINASC.
Populacao DATASUS,POPTBR17.zip,2017,BR,populacao_residente,ZIP,disponivel,data/raw/populacao_datasus/POPTBR17.zip,Base complementar; nao substitui o denominador SINASC.
Populacao DATASUS,POPTBR17.dbf,2017,BR,populacao_residente,DBF,preservado,data/raw/populacao_datasus/POPTBR17.zip::POPTBR17.dbf,Base complementar; nao substitui o denominador SINASC.
Populacao DATASUS,POPTBR18.dbf,2018,BR,populacao_residente,DBF,disponivel,data/raw/populacao_datasus/POPTBR18.dbf,Base complementar; nao substitui o denominador SINASC.
Populacao DATASUS,POPTBR18.zip,2018,BR,populacao_residente,ZIP,disponivel,data/raw/populacao_datasus/POPTBR18.zip,Base complementar; nao substitui o denominador SINASC.
Populacao DATASUS,POPTBR18.dbf,2018,BR,populacao_residente,DBF,preservado,data/raw/populacao_datasus/POPTBR18.zip::POPTBR18.dbf,Base complementar; nao substitui o denominador SINASC.
Populacao DATASUS,POPTBR19.dbf,2019,BR,populacao_residente,DBF,disponivel,data/raw/populacao_datasus/POPTBR19.dbf,Base complementar; nao substitui o denominador SINASC.
Populacao DATASUS,POPTBR19.zip,2019,BR,populacao_residente,ZIP,disponivel,data/raw/populacao_datasus/POPTBR19.zip,Base complementar; nao substitui o denominador SINASC.
Populacao DATASUS,POPTBR19.dbf,2019,BR,populacao_residente,DBF,preservado,data/raw/populacao_datasus/POPTBR19.zip::POPTBR19.dbf,Base complementar; nao substitui o denominador SINASC.
Populacao DATASUS,POPTBR20.dbf,2020,BR,populacao_residente,DBF,disponivel,data/raw/populacao_datasus/POPTBR20.dbf,Base complementar; nao substitui o denominador SINASC.
Populacao DATASUS,POPTBR20.zip,2020,BR,populacao_residente,ZIP,disponivel,data/raw/populacao_datasus/POPTBR20.zip,Base complementar; nao substitui o denominador SINASC.
Populacao DATASUS,POPTBR20.dbf,2020,BR,populacao_residente,DBF,preservado,data/raw/populacao_datasus/POPTBR20.zip::POPTBR20.dbf,Base complementar; nao substitui o denominador SINASC.
Populacao DATASUS,POPTBR21.dbf,2021,BR,populacao_residente,DBF,disponivel,data/raw/populacao_datasus/POPTBR21.dbf,Base complementar; nao substitui o denominador SINASC.
Populacao DATASUS,POPTBR21.zip,2021,BR,populacao_residente,ZIP,disponivel,data/raw/populacao_datasus/POPTBR21.zip,Base complementar; nao substitui o denominador SINASC.
Populacao DATASUS,POPTBR21.dbf,2021,BR,populacao_residente,DBF,preservado,data/raw/populacao_datasus/POPTBR21.zip::POPTBR21.dbf,Base complementar; nao substitui o denominador SINASC.
Populacao DATASUS,POPTBR22.dbf,2022,BR,populacao_residente,DBF,disponivel,data/raw/populacao_datasus/POPTBR22.dbf,Base complementar; nao substitui o denominador SINASC.
Populacao DATASUS,POPTBR22.zip,2022,BR,populacao_residente,ZIP,disponivel,data/raw/populacao_datasus/POPTBR22.zip,Base complementar; nao substitui o denominador SINASC.
Populacao DATASUS,POPTPR22.dbf,2022,PR,populacao_residente_uf,DBF,ignorado,data/raw/populacao_datasus/POPTBR22.zip::POPTPR22.dbf,UF fora do recorte principal.
Populacao DATASUS,POPTRJ22.dbf,2022,RJ,populacao_residente_uf,DBF,ignorado,data/raw/populacao_datasus/POPTBR22.zip::POPTRJ22.dbf,UF fora do recorte principal.
Populacao DATASUS,POPTRN22.dbf,2022,RN,populacao_residente_uf,DBF,ignorado,data/raw/populacao_datasus/POPTBR22.zip::POPTRN22.dbf,UF fora do recorte principal.
Populacao DATASUS,POPTRO22.dbf,2022,RO,populacao_residente_uf,DBF,ignorado,data/raw/populacao_datasus/POPTBR22.zip::POPTRO22.dbf,UF fora do recorte principal.
Populacao DATASUS,POPTRR22.dbf,2022,RR,populacao_residente_uf,DBF,ignorado,data/raw/populacao_datasus/POPTBR22.zip::POPTRR22.dbf,UF fora do recorte principal.
Populacao DATASUS,POPTRS22.dbf,2022,RS,populacao_residente_uf,DBF,preservado,data/raw/populacao_datasus/POPTBR22.zip::POPTRS22.dbf,Base complementar; nao substitui o denominador SINASC.
Populacao DATASUS,POPTSC22.dbf,2022,SC,populacao_residente_uf,DBF,ignorado,data/raw/populacao_datasus/POPTBR22.zip::POPTSC22.dbf,UF fora do recorte principal.
Populacao DATASUS,POPTSE22.dbf,2022,SE,populacao_residente_uf,DBF,ignorado,data/raw/populacao_datasus/POPTBR22.zip::POPTSE22.dbf,UF fora do recorte principal.
Populacao DATASUS,POPTSP22.dbf,2022,SP,populacao_residente_uf,DBF,ignorado,data/raw/populacao_datasus/POPTBR22.zip::POPTSP22.dbf,UF fora do recorte principal.
Populacao DATASUS,POPTTO22.dbf,2022,TO,populacao_residente_uf,DBF,ignorado,data/raw/populacao_datasus/POPTBR22.zip::POPTTO22.dbf,UF fora do recorte principal.
Populacao DATASUS,POPTAC22.dbf,2022,AC,populacao_residente_uf,DBF,ignorado,data/raw/populacao_datasus/POPTBR22.zip::POPTAC22.dbf,UF fora do recorte principal.
Populacao DATASUS,POPTAL22.dbf,2022,AL,populacao_residente_uf,DBF,ignorado,data/raw/populacao_datasus/POPTBR22.zip::POPTAL22.dbf,UF fora do recorte principal.
Populacao DATASUS,POPTAM22.dbf,2022,AM,populacao_residente_uf,DBF,ignorado,data/raw/populacao_datasus/POPTBR22.zip::POPTAM22.dbf,UF fora do recorte principal.
Populacao DATASUS,POPTAP22.dbf,2022,AP,populacao_residente_uf,DBF,ignorado,data/raw/populacao_datasus/POPTBR22.zip::POPTAP22.dbf,UF fora do recorte principal.
Populacao DATASUS,POPTBA22.dbf,2022,BA,populacao_residente_uf,DBF,ignorado,data/raw/populacao_datasus/POPTBR22.zip::POPTBA22.dbf,UF fora do recorte principal.
Populacao DATASUS,POPTBR22.dbf,2022,BR,populacao_residente,DBF,preservado,data/raw/populacao_datasus/POPTBR22.zip::POPTBR22.dbf,Base complementar; nao substitui o denominador SINASC.
Populacao DATASUS,POPTCE22.dbf,2022,CE,populacao_residente_uf,DBF,ignorado,data/raw/populacao_datasus/POPTBR22.zip::POPTCE22.dbf,UF fora do recorte principal.
Populacao DATASUS,POPTDF22.dbf,2022,DF,populacao_residente_uf,DBF,ignorado,data/raw/populacao_datasus/POPTBR22.zip::POPTDF22.dbf,UF fora do recorte principal.
Populacao DATASUS,POPTES22.dbf,2022,ES,populacao_residente_uf,DBF,ignorado,data/raw/populacao_datasus/POPTBR22.zip::POPTES22.dbf,UF fora do recorte principal.
Populacao DATASUS,POPTGO22.dbf,2022,GO,populacao_residente_uf,DBF,ignorado,data/raw/populacao_datasus/POPTBR22.zip::POPTGO22.dbf,UF fora do recorte principal.
Populacao DATASUS,POPTMA22.dbf,2022,MA,populacao_residente_uf,DBF,ignorado,data/raw/populacao_datasus/POPTBR22.zip::POPTMA22.dbf,UF fora do recorte principal.
Populacao DATASUS,POPTMG22.dbf,2022,MG,populacao_residente_uf,DBF,ignorado,data/raw/populacao_datasus/POPTBR22.zip::POPTMG22.dbf,UF fora do recorte principal.
Populacao DATASUS,POPTMS22.dbf,2022,MS,populacao_residente_uf,DBF,ignorado,data/raw/populacao_datasus/POPTBR22.zip::POPTMS22.dbf,UF fora do recorte principal.
Populacao DATASUS,POPTMT22.dbf,2022,MT,populacao_residente_uf,DBF,ignorado,data/raw/populacao_datasus/POPTBR22.zip::POPTMT22.dbf,UF fora do recorte principal.
Populacao DATASUS,POPTPA22.dbf,2022,PA,populacao_residente_uf,DBF,ignorado,data/raw/populacao_datasus/POPTBR22.zip::POPTPA22.dbf,UF fora do recorte principal.
Populacao DATASUS,POPTPB22.dbf,2022,PB,populacao_residente_uf,DBF,ignorado,data/raw/populacao_datasus/POPTBR22.zip::POPTPB22.dbf,UF fora do recorte principal.
Populacao DATASUS,POPTPE22.dbf,2022,PE,populacao_residente_uf,DBF,ignorado,data/raw/populacao_datasus/POPTBR22.zip::POPTPE22.dbf,UF fora do recorte principal.
Populacao DATASUS,POPTPI22.dbf,2022,PI,populacao_residente_uf,DBF,ignorado,data/raw/populacao_datasus/POPTBR22.zip::POPTPI22.dbf,UF fora do recorte principal.
Populacao DATASUS,POPTBR23.dbf,2023,BR,populacao_residente,DBF,disponivel,data/raw/populacao_datasus/POPTBR23.dbf,Base complementar; nao substitui o denominador SINASC.
Populacao DATASUS,POPTBR23.zip,2023,BR,populacao_residente,ZIP,disponivel,data/raw/populacao_datasus/POPTBR23.zip,Base complementar; nao substitui o denominador SINASC.
Populacao DATASUS,POPTRN23.dbf,2023,RN,populacao_residente_uf,DBF,ignorado,data/raw/populacao_datasus/POPTBR23.zip::POPTRN23.dbf,UF fora do recorte principal.
Populacao DATASUS,POPTRO23.dbf,2023,RO,populacao_residente_uf,DBF,ignorado,data/raw/populacao_datasus/POPTBR23.zip::POPTRO23.dbf,UF fora do recorte principal.
Populacao DATASUS,POPTRR23.dbf,2023,RR,populacao_residente_uf,DBF,ignorado,data/raw/populacao_datasus/POPTBR23.zip::POPTRR23.dbf,UF fora do recorte principal.
Populacao DATASUS,POPTRS23.dbf,2023,RS,populacao_residente_uf,DBF,preservado,data/raw/populacao_datasus/POPTBR23.zip::POPTRS23.dbf,Base complementar; nao substitui o denominador SINASC.
Populacao DATASUS,POPTSC23.dbf,2023,SC,populacao_residente_uf,DBF,ignorado,data/raw/populacao_datasus/POPTBR23.zip::POPTSC23.dbf,UF fora do recorte principal.
Populacao DATASUS,POPTSE23.dbf,2023,SE,populacao_residente_uf,DBF,ignorado,data/raw/populacao_datasus/POPTBR23.zip::POPTSE23.dbf,UF fora do recorte principal.
Populacao DATASUS,POPTSP23.dbf,2023,SP,populacao_residente_uf,DBF,ignorado,data/raw/populacao_datasus/POPTBR23.zip::POPTSP23.dbf,UF fora do recorte principal.
Populacao DATASUS,POPTTO23.dbf,2023,TO,populacao_residente_uf,DBF,ignorado,data/raw/populacao_datasus/POPTBR23.zip::POPTTO23.dbf,UF fora do recorte principal.
Populacao DATASUS,POPTAC23.dbf,2023,AC,populacao_residente_uf,DBF,ignorado,data/raw/populacao_datasus/POPTBR23.zip::POPTAC23.dbf,UF fora do recorte principal.
Populacao DATASUS,POPTAL23.dbf,2023,AL,populacao_residente_uf,DBF,ignorado,data/raw/populacao_datasus/POPTBR23.zip::POPTAL23.dbf,UF fora do recorte principal.
Populacao DATASUS,POPTAM23.dbf,2023,AM,populacao_residente_uf,DBF,ignorado,data/raw/populacao_datasus/POPTBR23.zip::POPTAM23.dbf,UF fora do recorte principal.
Populacao DATASUS,POPTAP23.dbf,2023,AP,populacao_residente_uf,DBF,ignorado,data/raw/populacao_datasus/POPTBR23.zip::POPTAP23.dbf,UF fora do recorte principal.
Populacao DATASUS,POPTBA23.dbf,2023,BA,populacao_residente_uf,DBF,ignorado,data/raw/populacao_datasus/POPTBR23.zip::POPTBA23.dbf,UF fora do recorte principal.
Populacao DATASUS,POPTBR23.dbf,2023,BR,populacao_residente,DBF,preservado,data/raw/populacao_datasus/POPTBR23.zip::POPTBR23.dbf,Base complementar; nao substitui o denominador SINASC.
Populacao DATASUS,POPTCE23.dbf,2023,CE,populacao_residente_uf,DBF,ignorado,data/raw/populacao_datasus/POPTBR23.zip::POPTCE23.dbf,UF fora do recorte principal.
Populacao DATASUS,POPTDF23.dbf,2023,DF,populacao_residente_uf,DBF,ignorado,data/raw/populacao_datasus/POPTBR23.zip::POPTDF23.dbf,UF fora do recorte principal.
Populacao DATASUS,POPTES23.dbf,2023,ES,populacao_residente_uf,DBF,ignorado,data/raw/populacao_datasus/POPTBR23.zip::POPTES23.dbf,UF fora do recorte principal.
Populacao DATASUS,POPTGO23.dbf,2023,GO,populacao_residente_uf,DBF,ignorado,data/raw/populacao_datasus/POPTBR23.zip::POPTGO23.dbf,UF fora do recorte principal.
Populacao DATASUS,POPTMA23.dbf,2023,MA,populacao_residente_uf,DBF,ignorado,data/raw/populacao_datasus/POPTBR23.zip::POPTMA23.dbf,UF fora do recorte principal.
Populacao DATASUS,POPTMG23.dbf,2023,MG,populacao_residente_uf,DBF,ignorado,data/raw/populacao_datasus/POPTBR23.zip::POPTMG23.dbf,UF fora do recorte principal.
Populacao DATASUS,POPTMS23.dbf,2023,MS,populacao_residente_uf,DBF,ignorado,data/raw/populacao_datasus/POPTBR23.zip::POPTMS23.dbf,UF fora do recorte principal.
Populacao DATASUS,POPTMT23.dbf,2023,MT,populacao_residente_uf,DBF,ignorado,data/raw/populacao_datasus/POPTBR23.zip::POPTMT23.dbf,UF fora do recorte principal.
Populacao DATASUS,POPTPA23.dbf,2023,PA,populacao_residente_uf,DBF,ignorado,data/raw/populacao_datasus/POPTBR23.zip::POPTPA23.dbf,UF fora do recorte principal.
Populacao DATASUS,POPTPB23.dbf,2023,PB,populacao_residente_uf,DBF,ignorado,data/raw/populacao_datasus/POPTBR23.zip::POPTPB23.dbf,UF fora do recorte principal.
Populacao DATASUS,POPTPE23.dbf,2023,PE,populacao_residente_uf,DBF,ignorado,data/raw/populacao_datasus/POPTBR23.zip::POPTPE23.dbf,UF fora do recorte principal.
Populacao DATASUS,POPTPI23.dbf,2023,PI,populacao_residente_uf,DBF,ignorado,data/raw/populacao_datasus/POPTBR23.zip::POPTPI23.dbf,UF fora do recorte principal.
Populacao DATASUS,POPTPR23.dbf,2023,PR,populacao_residente_uf,DBF,ignorado,data/raw/populacao_datasus/POPTBR23.zip::POPTPR23.dbf,UF fora do recorte principal.
Populacao DATASUS,POPTRJ23.dbf,2023,RJ,populacao_residente_uf,DBF,ignorado,data/raw/populacao_datasus/POPTBR23.zip::POPTRJ23.dbf,UF fora do recorte principal.
Populacao DATASUS,poptbr24.dbf,2024,BR,populacao_residente,DBF,disponivel,data/raw/populacao_datasus/poptbr24.dbf,Base complementar; nao substitui o denominador SINASC.
Populacao DATASUS,POPTBR24.zip,2024,BR,populacao_residente,ZIP,disponivel,data/raw/populacao_datasus/POPTBR24.zip,Base complementar; nao substitui o denominador SINASC.
Populacao DATASUS,poptbr24.dbf,2024,BR,populacao_residente,DBF,preservado,data/raw/populacao_datasus/POPTBR24.zip::poptbr24.dbf,Base complementar; nao substitui o denominador SINASC.
Populacao DATASUS,POPTRS22.dbf,2022,RS,populacao_residente_uf,DBF,disponivel,data/raw/populacao_datasus/POPTRS22.dbf,Base complementar; nao substitui o denominador SINASC.
Populacao DATASUS,POPTRS23.dbf,2023,RS,populacao_residente_uf,DBF,disponivel,data/raw/populacao_datasus/POPTRS23.dbf,Base complementar; nao substitui o denominador SINASC.
SINAN,SIFCBR24.dbc,2024,BR,sifilis_congenita,DBC,disponivel,data/raw/SIFCBR24.dbc,
SIM,DORS2015.dbc,2015,RS,obitos_gerais,DBC,disponivel,data/raw/sim/do/DORS2015.dbc,
SIM,DORS2016.dbc,2016,RS,obitos_gerais,DBC,disponivel,data/raw/sim/do/DORS2016.dbc,
SIM,DORS2017.dbc,2017,RS,obitos_gerais,DBC,disponivel,data/raw/sim/do/DORS2017.dbc,
SIM,DORS2018.dbc,2018,RS,obitos_gerais,DBC,disponivel,data/raw/sim/do/DORS2018.dbc,
SIM,DORS2019.dbc,2019,RS,obitos_gerais,DBC,disponivel,data/raw/sim/do/DORS2019.dbc,
SIM,DORS2020.dbc,2020,RS,obitos_gerais,DBC,disponivel,data/raw/sim/do/DORS2020.dbc,
SIM,DORS2021.dbc,2021,RS,obitos_gerais,DBC,disponivel,data/raw/sim/do/DORS2021.dbc,
SIM,DORS2022.dbc,2022,RS,obitos_gerais,DBC,disponivel,data/raw/sim/do/DORS2022.dbc,
SIM,DORS2023.dbc,2023,RS,obitos_gerais,DBC,disponivel,data/raw/sim/do/DORS2023.dbc,
SIM,DORS2024.dbc,2024,RS,obitos_gerais,DBC,disponivel,data/raw/sim/do/DORS2024.dbc,
SIM,DOFET15.dbc,2015,RS,obitos_fetais,DBC,disponivel,data/raw/sim/dofet/DOFET15.dbc,
SIM,DOFET16.dbc,2016,RS,obitos_fetais,DBC,disponivel,data/raw/sim/dofet/DOFET16.dbc,
SIM,DOFET17.dbc,2017,RS,obitos_fetais,DBC,disponivel,data/raw/sim/dofet/DOFET17.dbc,
SIM,DOFET18.dbc,2018,RS,obitos_fetais,DBC,disponivel,data/raw/sim/dofet/DOFET18.dbc,
SIM,DOFET19.dbc,2019,RS,obitos_fetais,DBC,disponivel,data/raw/sim/dofet/DOFET19.dbc,
SIM,DOFET20.dbc,2020,RS,obitos_fetais,DBC,disponivel,data/raw/sim/dofet/DOFET20.dbc,
SIM,DOFET21.dbc,2021,RS,obitos_fetais,DBC,disponivel,data/raw/sim/dofet/DOFET21.dbc,
SIM,DOFET22.dbc,2022,RS,obitos_fetais,DBC,disponivel,data/raw/sim/dofet/DOFET22.dbc,
SIM,DOFET23.dbc,2023,RS,obitos_fetais,DBC,disponivel,data/raw/sim/dofet/DOFET23.dbc,
SIM,DOFET24.dbc,2024,RS,obitos_fetais,DBC,disponivel,data/raw/sim/dofet/DOFET24.dbc,
SIM,DOFET24.dbc,2024,RS,obitos_fetais,DBC,disponivel,data/raw/sim/DOFET24.dbc,
SIM,DOINF15.dbc,2015,RS,obitos_infantis,DBC,disponivel,data/raw/sim/doinf/DOINF15.dbc,
SIM,DOINF16.dbc,2016,RS,obitos_infantis,DBC,disponivel,data/raw/sim/doinf/DOINF16.dbc,
SIM,DOINF17.dbc,2017,RS,obitos_infantis,DBC,disponivel,data/raw/sim/doinf/DOINF17.dbc,
SIM,DOINF18.dbc,2018,RS,obitos_infantis,DBC,disponivel,data/raw/sim/doinf/DOINF18.dbc,
SIM,DOINF19.dbc,2019,RS,obitos_infantis,DBC,disponivel,data/raw/sim/doinf/DOINF19.dbc,
SIM,DOINF20.dbc,2020,RS,obitos_infantis,DBC,disponivel,data/raw/sim/doinf/DOINF20.dbc,
SIM,DOINF21.dbc,2021,RS,obitos_infantis,DBC,disponivel,data/raw/sim/doinf/DOINF21.dbc,
SIM,DOINF22.dbc,2022,RS,obitos_infantis,DBC,disponivel,data/raw/sim/doinf/DOINF22.dbc,
SIM,DOINF23.dbc,2023,RS,obitos_infantis,DBC,disponivel,data/raw/sim/doinf/DOINF23.dbc,
SIM,DOINF24.dbc,2024,RS,obitos_infantis,DBC,disponivel,data/raw/sim/doinf/DOINF24.dbc,
SIM,DOMAT15.dbc,2015,RS,obitos_maternos,DBC,disponivel,data/raw/sim/domat/DOMAT15.dbc,Complementar de baixa prioridade.
SIM,DOMAT16.dbc,2016,RS,obitos_maternos,DBC,disponivel,data/raw/sim/domat/DOMAT16.dbc,Complementar de baixa prioridade.
SIM,DOMAT17.dbc,2017,RS,obitos_maternos,DBC,disponivel,data/raw/sim/domat/DOMAT17.dbc,Complementar de baixa prioridade.
SIM,DOMAT18.dbc,2018,RS,obitos_maternos,DBC,disponivel,data/raw/sim/domat/DOMAT18.dbc,Complementar de baixa prioridade.
SIM,DOMAT19.dbc,2019,RS,obitos_maternos,DBC,disponivel,data/raw/sim/domat/DOMAT19.dbc,Complementar de baixa prioridade.
SIM,DOMAT20.dbc,2020,RS,obitos_maternos,DBC,disponivel,data/raw/sim/domat/DOMAT20.dbc,Complementar de baixa prioridade.
SIM,DOMAT21.dbc,2021,RS,obitos_maternos,DBC,disponivel,data/raw/sim/domat/DOMAT21.dbc,Complementar de baixa prioridade.
SIM,DOMAT22.dbc,2022,RS,obitos_maternos,DBC,disponivel,data/raw/sim/domat/DOMAT22.dbc,Complementar de baixa prioridade.
SIM,DOMAT23.dbc,2023,RS,obitos_maternos,DBC,disponivel,data/raw/sim/domat/DOMAT23.dbc,Complementar de baixa prioridade.
SIM,DOMAT24.dbc,2024,RS,obitos_maternos,DBC,disponivel,data/raw/sim/domat/DOMAT24.dbc,Complementar de baixa prioridade.
SIM,DOMAT24.dbc,2024,RS,obitos_maternos,DBC,disponivel,data/raw/sim/DOMAT24.dbc,Complementar de baixa prioridade.
SIM,DORS2024.dbc,2024,RS,obitos_gerais,DBC,disponivel,data/raw/sim/DORS2024.dbc,
SINAN,SIFCBR15.dbc,2015,BR,sifilis_congenita,DBC,disponivel,data/raw/sinan/sifilis_congenita/SIFCBR15.dbc,
SINAN,SIFCBR16.dbc,2016,BR,sifilis_congenita,DBC,disponivel,data/raw/sinan/sifilis_congenita/SIFCBR16.dbc,
SINAN,SIFCBR17.dbc,2017,BR,sifilis_congenita,DBC,disponivel,data/raw/sinan/sifilis_congenita/SIFCBR17.dbc,
SINAN,SIFCBR18.dbc,2018,BR,sifilis_congenita,DBC,disponivel,data/raw/sinan/sifilis_congenita/SIFCBR18.dbc,
SINAN,SIFCBR19.dbc,2019,BR,sifilis_congenita,DBC,disponivel,data/raw/sinan/sifilis_congenita/SIFCBR19.dbc,
SINAN,SIFCBR20.dbc,2020,BR,sifilis_congenita,DBC,disponivel,data/raw/sinan/sifilis_congenita/SIFCBR20.dbc,
SINAN,SIFCBR21.dbc,2021,BR,sifilis_congenita,DBC,disponivel,data/raw/sinan/sifilis_congenita/SIFCBR21.dbc,
SINAN,SIFCBR22.dbc,2022,BR,sifilis_congenita,DBC,disponivel,data/raw/sinan/sifilis_congenita/SIFCBR22.dbc,
SINAN,SIFCBR23.dbc,2023,BR,sifilis_congenita,DBC,disponivel,data/raw/sinan/sifilis_congenita/SIFCBR23.dbc,
SINAN,SIFCBR24.dbc,2024,BR,sifilis_congenita,DBC,disponivel,data/raw/sinan/sifilis_congenita/SIFCBR24.dbc,
SINASC,DNRS2015.dbc,2015,RS,nascidos_vivos,DBC,disponivel,data/raw/sinasc/DNRS2015.dbc,
SINASC,DNRS2016.dbc,2016,RS,nascidos_vivos,DBC,disponivel,data/raw/sinasc/DNRS2016.dbc,
SINASC,DNRS2017.dbc,2017,RS,nascidos_vivos,DBC,disponivel,data/raw/sinasc/DNRS2017.dbc,
SINASC,DNRS2018.dbc,2018,RS,nascidos_vivos,DBC,disponivel,data/raw/sinasc/DNRS2018.dbc,
SINASC,DNRS2019.dbc,2019,RS,nascidos_vivos,DBC,disponivel,data/raw/sinasc/DNRS2019.dbc,
SINASC,DNRS2020.dbc,2020,RS,nascidos_vivos,DBC,disponivel,data/raw/sinasc/DNRS2020.dbc,
SINASC,DNRS2021.dbc,2021,RS,nascidos_vivos,DBC,disponivel,data/raw/sinasc/DNRS2021.dbc,
SINASC,DNRS2022.dbc,2022,RS,nascidos_vivos,DBC,disponivel,data/raw/sinasc/DNRS2022.dbc,
SINASC,DNRS2023.dbc,2023,RS,nascidos_vivos,DBC,disponivel,data/raw/sinasc/DNRS2023.dbc,
SINASC,DNRS2024.dbc,2024,RS,nascidos_vivos,DBC,disponivel,data/raw/sinasc/DNRS2024.dbc,
CNES,STRS2401.dbc,2024,RS,st_mes_01,DBC,ignorado,data/ignored/cnes/duplicates/STRS2401.dbc,Fora do recorte principal de CNES.
CNES,STRS2402.dbc,2024,RS,st_mes_02,DBC,ignorado,data/ignored/cnes/duplicates/STRS2402.dbc,Fora do recorte principal de CNES.
CNES,STRS2403.dbc,2024,RS,st_mes_03,DBC,ignorado,data/ignored/cnes/duplicates/STRS2403.dbc,Fora do recorte principal de CNES.
CNES,STRS2404.dbc,2024,RS,st_mes_04,DBC,ignorado,data/ignored/cnes/duplicates/STRS2404.dbc,Fora do recorte principal de CNES.
CNES,STRS2405.dbc,2024,RS,st_mes_05,DBC,ignorado,data/ignored/cnes/duplicates/STRS2405.dbc,Fora do recorte principal de CNES.
CNES,STRS2406.dbc,2024,RS,st_mes_06,DBC,ignorado,data/ignored/cnes/duplicates/STRS2406.dbc,Fora do recorte principal de CNES.
CNES,STRS2407.dbc,2024,RS,st_mes_07,DBC,ignorado,data/ignored/cnes/duplicates/STRS2407.dbc,Fora do recorte principal de CNES.
CNES,STRS2408.dbc,2024,RS,st_mes_08,DBC,ignorado,data/ignored/cnes/duplicates/STRS2408.dbc,Fora do recorte principal de CNES.
CNES,STRS2409.dbc,2024,RS,st_mes_09,DBC,ignorado,data/ignored/cnes/duplicates/STRS2409.dbc,Fora do recorte principal de CNES.
CNES,STRS2410.dbc,2024,RS,st_mes_10,DBC,ignorado,data/ignored/cnes/duplicates/STRS2410.dbc,Fora do recorte principal de CNES.
CNES,STRS2411.dbc,2024,RS,st_mes_11,DBC,ignorado,data/ignored/cnes/duplicates/STRS2411.dbc,Fora do recorte principal de CNES.
CNES,STRS2412.dbc,2024,RS,st_mes_12,DBC,ignorado,data/ignored/cnes/duplicates/STRS2412.dbc,Snapshot principal de dezembro para estabelecimentos.
CNES,EPRS0704.dbc,2007,RS,ep_mes_04,DBC,ignorado,data/ignored/cnes/EPRS0704.dbc,Fora do recorte principal de CNES.
CNES,EPRS0705.dbc,2007,RS,ep_mes_05,DBC,ignorado,data/ignored/cnes/EPRS0705.dbc,Fora do recorte principal de CNES.
CNES,EPRS0706.dbc,2007,RS,ep_mes_06,DBC,ignorado,data/ignored/cnes/EPRS0706.dbc,Fora do recorte principal de CNES.
CNES,EPRS0707.dbc,2007,RS,ep_mes_07,DBC,ignorado,data/ignored/cnes/EPRS0707.dbc,Fora do recorte principal de CNES.
CNES,EPRS0708.dbc,2007,RS,ep_mes_08,DBC,ignorado,data/ignored/cnes/EPRS0708.dbc,Fora do recorte principal de CNES.
CNES,EPRS0709.dbc,2007,RS,ep_mes_09,DBC,ignorado,data/ignored/cnes/EPRS0709.dbc,Fora do recorte principal de CNES.
CNES,EPRS0710.dbc,2007,RS,ep_mes_10,DBC,ignorado,data/ignored/cnes/EPRS0710.dbc,Fora do recorte principal de CNES.
CNES,EPRS0711.dbc,2007,RS,ep_mes_11,DBC,ignorado,data/ignored/cnes/EPRS0711.dbc,Fora do recorte principal de CNES.
CNES,EPRS0712.dbc,2007,RS,ep_mes_12,DBC,ignorado,data/ignored/cnes/EPRS0712.dbc,Fora do recorte principal de CNES.
CNES,EPRS0801.dbc,2008,RS,ep_mes_01,DBC,ignorado,data/ignored/cnes/EPRS0801.dbc,Fora do recorte principal de CNES.
CNES,EPRS0802.dbc,2008,RS,ep_mes_02,DBC,ignorado,data/ignored/cnes/EPRS0802.dbc,Fora do recorte principal de CNES.
CNES,EPRS0803.dbc,2008,RS,ep_mes_03,DBC,ignorado,data/ignored/cnes/EPRS0803.dbc,Fora do recorte principal de CNES.
CNES,EPRS0804.dbc,2008,RS,ep_mes_04,DBC,ignorado,data/ignored/cnes/EPRS0804.dbc,Fora do recorte principal de CNES.
CNES,EPRS0805.dbc,2008,RS,ep_mes_05,DBC,ignorado,data/ignored/cnes/EPRS0805.dbc,Fora do recorte principal de CNES.
CNES,EPRS0806.dbc,2008,RS,ep_mes_06,DBC,ignorado,data/ignored/cnes/EPRS0806.dbc,Fora do recorte principal de CNES.
CNES,EPRS0807.dbc,2008,RS,ep_mes_07,DBC,ignorado,data/ignored/cnes/EPRS0807.dbc,Fora do recorte principal de CNES.
CNES,EPRS0808.dbc,2008,RS,ep_mes_08,DBC,ignorado,data/ignored/cnes/EPRS0808.dbc,Fora do recorte principal de CNES.
CNES,EPRS0809.dbc,2008,RS,ep_mes_09,DBC,ignorado,data/ignored/cnes/EPRS0809.dbc,Fora do recorte principal de CNES.
CNES,EPRS0810.dbc,2008,RS,ep_mes_10,DBC,ignorado,data/ignored/cnes/EPRS0810.dbc,Fora do recorte principal de CNES.
CNES,EPRS0811.dbc,2008,RS,ep_mes_11,DBC,ignorado,data/ignored/cnes/EPRS0811.dbc,Fora do recorte principal de CNES.
CNES,EPRS0812.dbc,2008,RS,ep_mes_12,DBC,ignorado,data/ignored/cnes/EPRS0812.dbc,Fora do recorte principal de CNES.
CNES,EPRS0901.dbc,2009,RS,ep_mes_01,DBC,ignorado,data/ignored/cnes/EPRS0901.dbc,Fora do recorte principal de CNES.
CNES,EPRS0902.dbc,2009,RS,ep_mes_02,DBC,ignorado,data/ignored/cnes/EPRS0902.dbc,Fora do recorte principal de CNES.
CNES,EPRS0903.dbc,2009,RS,ep_mes_03,DBC,ignorado,data/ignored/cnes/EPRS0903.dbc,Fora do recorte principal de CNES.
CNES,EPRS0904.dbc,2009,RS,ep_mes_04,DBC,ignorado,data/ignored/cnes/EPRS0904.dbc,Fora do recorte principal de CNES.
CNES,EPRS0905.dbc,2009,RS,ep_mes_05,DBC,ignorado,data/ignored/cnes/EPRS0905.dbc,Fora do recorte principal de CNES.
CNES,EPRS0906.dbc,2009,RS,ep_mes_06,DBC,ignorado,data/ignored/cnes/EPRS0906.dbc,Fora do recorte principal de CNES.
CNES,EPRS0907.dbc,2009,RS,ep_mes_07,DBC,ignorado,data/ignored/cnes/EPRS0907.dbc,Fora do recorte principal de CNES.
CNES,EPRS0908.dbc,2009,RS,ep_mes_08,DBC,ignorado,data/ignored/cnes/EPRS0908.dbc,Fora do recorte principal de CNES.
CNES,EPRS0909.dbc,2009,RS,ep_mes_09,DBC,ignorado,data/ignored/cnes/EPRS0909.dbc,Fora do recorte principal de CNES.
CNES,EPRS0910.dbc,2009,RS,ep_mes_10,DBC,ignorado,data/ignored/cnes/EPRS0910.dbc,Fora do recorte principal de CNES.
CNES,EPRS0911.dbc,2009,RS,ep_mes_11,DBC,ignorado,data/ignored/cnes/EPRS0911.dbc,Fora do recorte principal de CNES.
CNES,EPRS0912.dbc,2009,RS,ep_mes_12,DBC,ignorado,data/ignored/cnes/EPRS0912.dbc,Fora do recorte principal de CNES.
CNES,EPRS1001.dbc,2010,RS,ep_mes_01,DBC,ignorado,data/ignored/cnes/EPRS1001.dbc,Fora do recorte principal de CNES.
CNES,EPRS1002.dbc,2010,RS,ep_mes_02,DBC,ignorado,data/ignored/cnes/EPRS1002.dbc,Fora do recorte principal de CNES.
CNES,EPRS1003.dbc,2010,RS,ep_mes_03,DBC,ignorado,data/ignored/cnes/EPRS1003.dbc,Fora do recorte principal de CNES.
CNES,EPRS1004.dbc,2010,RS,ep_mes_04,DBC,ignorado,data/ignored/cnes/EPRS1004.dbc,Fora do recorte principal de CNES.
CNES,EPRS1005.dbc,2010,RS,ep_mes_05,DBC,ignorado,data/ignored/cnes/EPRS1005.dbc,Fora do recorte principal de CNES.
CNES,EPRS1006.dbc,2010,RS,ep_mes_06,DBC,ignorado,data/ignored/cnes/EPRS1006.dbc,Fora do recorte principal de CNES.
CNES,EPRS1007.dbc,2010,RS,ep_mes_07,DBC,ignorado,data/ignored/cnes/EPRS1007.dbc,Fora do recorte principal de CNES.
CNES,EPRS1008.dbc,2010,RS,ep_mes_08,DBC,ignorado,data/ignored/cnes/EPRS1008.dbc,Fora do recorte principal de CNES.
CNES,EPRS1009.dbc,2010,RS,ep_mes_09,DBC,ignorado,data/ignored/cnes/EPRS1009.dbc,Fora do recorte principal de CNES.
CNES,EPRS1010.dbc,2010,RS,ep_mes_10,DBC,ignorado,data/ignored/cnes/EPRS1010.dbc,Fora do recorte principal de CNES.
CNES,EPRS1011.dbc,2010,RS,ep_mes_11,DBC,ignorado,data/ignored/cnes/EPRS1011.dbc,Fora do recorte principal de CNES.
CNES,EPRS1012.dbc,2010,RS,ep_mes_12,DBC,ignorado,data/ignored/cnes/EPRS1012.dbc,Fora do recorte principal de CNES.
CNES,EPRS1101.dbc,2011,RS,ep_mes_01,DBC,ignorado,data/ignored/cnes/EPRS1101.dbc,Fora do recorte principal de CNES.
CNES,EPRS1102.dbc,2011,RS,ep_mes_02,DBC,ignorado,data/ignored/cnes/EPRS1102.dbc,Fora do recorte principal de CNES.
CNES,EPRS1103.dbc,2011,RS,ep_mes_03,DBC,ignorado,data/ignored/cnes/EPRS1103.dbc,Fora do recorte principal de CNES.
CNES,EPRS1104.dbc,2011,RS,ep_mes_04,DBC,ignorado,data/ignored/cnes/EPRS1104.dbc,Fora do recorte principal de CNES.
CNES,EPRS1105.dbc,2011,RS,ep_mes_05,DBC,ignorado,data/ignored/cnes/EPRS1105.dbc,Fora do recorte principal de CNES.
CNES,EPRS1106.dbc,2011,RS,ep_mes_06,DBC,ignorado,data/ignored/cnes/EPRS1106.dbc,Fora do recorte principal de CNES.
CNES,EPRS1107.dbc,2011,RS,ep_mes_07,DBC,ignorado,data/ignored/cnes/EPRS1107.dbc,Fora do recorte principal de CNES.
CNES,EPRS1108.dbc,2011,RS,ep_mes_08,DBC,ignorado,data/ignored/cnes/EPRS1108.dbc,Fora do recorte principal de CNES.
CNES,EPRS1109.dbc,2011,RS,ep_mes_09,DBC,ignorado,data/ignored/cnes/EPRS1109.dbc,Fora do recorte principal de CNES.
CNES,EPRS1110.dbc,2011,RS,ep_mes_10,DBC,ignorado,data/ignored/cnes/EPRS1110.dbc,Fora do recorte principal de CNES.
CNES,EPRS1111.dbc,2011,RS,ep_mes_11,DBC,ignorado,data/ignored/cnes/EPRS1111.dbc,Fora do recorte principal de CNES.
CNES,EPRS1112.dbc,2011,RS,ep_mes_12,DBC,ignorado,data/ignored/cnes/EPRS1112.dbc,Fora do recorte principal de CNES.
CNES,EPRS1201.dbc,2012,RS,ep_mes_01,DBC,ignorado,data/ignored/cnes/EPRS1201.dbc,Fora do recorte principal de CNES.
CNES,EPRS1202.dbc,2012,RS,ep_mes_02,DBC,ignorado,data/ignored/cnes/EPRS1202.dbc,Fora do recorte principal de CNES.
CNES,EPRS1203.dbc,2012,RS,ep_mes_03,DBC,ignorado,data/ignored/cnes/EPRS1203.dbc,Fora do recorte principal de CNES.
CNES,EPRS1204.dbc,2012,RS,ep_mes_04,DBC,ignorado,data/ignored/cnes/EPRS1204.dbc,Fora do recorte principal de CNES.
CNES,EPRS1205.dbc,2012,RS,ep_mes_05,DBC,ignorado,data/ignored/cnes/EPRS1205.dbc,Fora do recorte principal de CNES.
CNES,EPRS1206.dbc,2012,RS,ep_mes_06,DBC,ignorado,data/ignored/cnes/EPRS1206.dbc,Fora do recorte principal de CNES.
CNES,EPRS1207.dbc,2012,RS,ep_mes_07,DBC,ignorado,data/ignored/cnes/EPRS1207.dbc,Fora do recorte principal de CNES.
CNES,EPRS1208.dbc,2012,RS,ep_mes_08,DBC,ignorado,data/ignored/cnes/EPRS1208.dbc,Fora do recorte principal de CNES.
CNES,EPRS1209.dbc,2012,RS,ep_mes_09,DBC,ignorado,data/ignored/cnes/EPRS1209.dbc,Fora do recorte principal de CNES.
CNES,EPRS1210.dbc,2012,RS,ep_mes_10,DBC,ignorado,data/ignored/cnes/EPRS1210.dbc,Fora do recorte principal de CNES.
CNES,EPRS1211.dbc,2012,RS,ep_mes_11,DBC,ignorado,data/ignored/cnes/EPRS1211.dbc,Fora do recorte principal de CNES.
CNES,EPRS1212.dbc,2012,RS,ep_mes_12,DBC,ignorado,data/ignored/cnes/EPRS1212.dbc,Fora do recorte principal de CNES.
CNES,EPRS1301.dbc,2013,RS,ep_mes_01,DBC,ignorado,data/ignored/cnes/EPRS1301.dbc,Fora do recorte principal de CNES.
CNES,EPRS1302.dbc,2013,RS,ep_mes_02,DBC,ignorado,data/ignored/cnes/EPRS1302.dbc,Fora do recorte principal de CNES.
CNES,EPRS1303.dbc,2013,RS,ep_mes_03,DBC,ignorado,data/ignored/cnes/EPRS1303.dbc,Fora do recorte principal de CNES.
CNES,EPRS1304.dbc,2013,RS,ep_mes_04,DBC,ignorado,data/ignored/cnes/EPRS1304.dbc,Fora do recorte principal de CNES.
CNES,EPRS1305.dbc,2013,RS,ep_mes_05,DBC,ignorado,data/ignored/cnes/EPRS1305.dbc,Fora do recorte principal de CNES.
CNES,EPRS1306.dbc,2013,RS,ep_mes_06,DBC,ignorado,data/ignored/cnes/EPRS1306.dbc,Fora do recorte principal de CNES.
CNES,EPRS1307.dbc,2013,RS,ep_mes_07,DBC,ignorado,data/ignored/cnes/EPRS1307.dbc,Fora do recorte principal de CNES.
CNES,EPRS1308.dbc,2013,RS,ep_mes_08,DBC,ignorado,data/ignored/cnes/EPRS1308.dbc,Fora do recorte principal de CNES.
CNES,EPRS1309.dbc,2013,RS,ep_mes_09,DBC,ignorado,data/ignored/cnes/EPRS1309.dbc,Fora do recorte principal de CNES.
CNES,EPRS1310.dbc,2013,RS,ep_mes_10,DBC,ignorado,data/ignored/cnes/EPRS1310.dbc,Fora do recorte principal de CNES.
CNES,EPRS1311.dbc,2013,RS,ep_mes_11,DBC,ignorado,data/ignored/cnes/EPRS1311.dbc,Fora do recorte principal de CNES.
CNES,EPRS1312.dbc,2013,RS,ep_mes_12,DBC,ignorado,data/ignored/cnes/EPRS1312.dbc,Fora do recorte principal de CNES.
CNES,EPRS1401.dbc,2014,RS,ep_mes_01,DBC,ignorado,data/ignored/cnes/EPRS1401.dbc,Fora do recorte principal de CNES.
CNES,EPRS1402.dbc,2014,RS,ep_mes_02,DBC,ignorado,data/ignored/cnes/EPRS1402.dbc,Fora do recorte principal de CNES.
CNES,EPRS1403.dbc,2014,RS,ep_mes_03,DBC,ignorado,data/ignored/cnes/EPRS1403.dbc,Fora do recorte principal de CNES.
CNES,EPRS1404.dbc,2014,RS,ep_mes_04,DBC,ignorado,data/ignored/cnes/EPRS1404.dbc,Fora do recorte principal de CNES.
CNES,EPRS1405.dbc,2014,RS,ep_mes_05,DBC,ignorado,data/ignored/cnes/EPRS1405.dbc,Fora do recorte principal de CNES.
CNES,EPRS1406.dbc,2014,RS,ep_mes_06,DBC,ignorado,data/ignored/cnes/EPRS1406.dbc,Fora do recorte principal de CNES.
CNES,EPRS1407.dbc,2014,RS,ep_mes_07,DBC,ignorado,data/ignored/cnes/EPRS1407.dbc,Fora do recorte principal de CNES.
CNES,EPRS1408.dbc,2014,RS,ep_mes_08,DBC,ignorado,data/ignored/cnes/EPRS1408.dbc,Fora do recorte principal de CNES.
CNES,EPRS1409.dbc,2014,RS,ep_mes_09,DBC,ignorado,data/ignored/cnes/EPRS1409.dbc,Fora do recorte principal de CNES.
CNES,EPRS1410.dbc,2014,RS,ep_mes_10,DBC,ignorado,data/ignored/cnes/EPRS1410.dbc,Fora do recorte principal de CNES.
CNES,EPRS1411.dbc,2014,RS,ep_mes_11,DBC,ignorado,data/ignored/cnes/EPRS1411.dbc,Fora do recorte principal de CNES.
CNES,EPRS1412.dbc,2014,RS,ep_mes_12,DBC,ignorado,data/ignored/cnes/EPRS1412.dbc,Fora do recorte principal de CNES.
CNES,EPRS1501.dbc,2015,RS,ep_mes_01,DBC,ignorado,data/ignored/cnes/EPRS1501.dbc,Fora do recorte principal de CNES.
CNES,EPRS1502.dbc,2015,RS,ep_mes_02,DBC,ignorado,data/ignored/cnes/EPRS1502.dbc,Fora do recorte principal de CNES.
CNES,EPRS1503.dbc,2015,RS,ep_mes_03,DBC,ignorado,data/ignored/cnes/EPRS1503.dbc,Fora do recorte principal de CNES.
CNES,EPRS1504.dbc,2015,RS,ep_mes_04,DBC,ignorado,data/ignored/cnes/EPRS1504.dbc,Fora do recorte principal de CNES.
CNES,EPRS1505.dbc,2015,RS,ep_mes_05,DBC,ignorado,data/ignored/cnes/EPRS1505.dbc,Fora do recorte principal de CNES.
CNES,EPRS1506.dbc,2015,RS,ep_mes_06,DBC,ignorado,data/ignored/cnes/EPRS1506.dbc,Fora do recorte principal de CNES.
CNES,EPRS1507.dbc,2015,RS,ep_mes_07,DBC,ignorado,data/ignored/cnes/EPRS1507.dbc,Fora do recorte principal de CNES.
CNES,EPRS1508.dbc,2015,RS,ep_mes_08,DBC,ignorado,data/ignored/cnes/EPRS1508.dbc,Fora do recorte principal de CNES.
CNES,EPRS1509.dbc,2015,RS,ep_mes_09,DBC,ignorado,data/ignored/cnes/EPRS1509.dbc,Fora do recorte principal de CNES.
CNES,EPRS1510.dbc,2015,RS,ep_mes_10,DBC,ignorado,data/ignored/cnes/EPRS1510.dbc,Fora do recorte principal de CNES.
CNES,EPRS1511.dbc,2015,RS,ep_mes_11,DBC,ignorado,data/ignored/cnes/EPRS1511.dbc,Fora do recorte principal de CNES.
CNES,EPRS1601.dbc,2016,RS,ep_mes_01,DBC,ignorado,data/ignored/cnes/EPRS1601.dbc,Fora do recorte principal de CNES.
CNES,EPRS1602.dbc,2016,RS,ep_mes_02,DBC,ignorado,data/ignored/cnes/EPRS1602.dbc,Fora do recorte principal de CNES.
CNES,EPRS1603.dbc,2016,RS,ep_mes_03,DBC,ignorado,data/ignored/cnes/EPRS1603.dbc,Fora do recorte principal de CNES.
CNES,EPRS1604.dbc,2016,RS,ep_mes_04,DBC,ignorado,data/ignored/cnes/EPRS1604.dbc,Fora do recorte principal de CNES.
CNES,EPRS1605.dbc,2016,RS,ep_mes_05,DBC,ignorado,data/ignored/cnes/EPRS1605.dbc,Fora do recorte principal de CNES.
CNES,EPRS1606.dbc,2016,RS,ep_mes_06,DBC,ignorado,data/ignored/cnes/EPRS1606.dbc,Fora do recorte principal de CNES.
CNES,EPRS1607.dbc,2016,RS,ep_mes_07,DBC,ignorado,data/ignored/cnes/EPRS1607.dbc,Fora do recorte principal de CNES.
CNES,EPRS1608.dbc,2016,RS,ep_mes_08,DBC,ignorado,data/ignored/cnes/EPRS1608.dbc,Fora do recorte principal de CNES.
CNES,EPRS1609.dbc,2016,RS,ep_mes_09,DBC,ignorado,data/ignored/cnes/EPRS1609.dbc,Fora do recorte principal de CNES.
CNES,EPRS1610.dbc,2016,RS,ep_mes_10,DBC,ignorado,data/ignored/cnes/EPRS1610.dbc,Fora do recorte principal de CNES.
CNES,EPRS1611.dbc,2016,RS,ep_mes_11,DBC,ignorado,data/ignored/cnes/EPRS1611.dbc,Fora do recorte principal de CNES.
CNES,EPRS1701.dbc,2017,RS,ep_mes_01,DBC,ignorado,data/ignored/cnes/EPRS1701.dbc,Fora do recorte principal de CNES.
CNES,EPRS1702.dbc,2017,RS,ep_mes_02,DBC,ignorado,data/ignored/cnes/EPRS1702.dbc,Fora do recorte principal de CNES.
CNES,EPRS1703.dbc,2017,RS,ep_mes_03,DBC,ignorado,data/ignored/cnes/EPRS1703.dbc,Fora do recorte principal de CNES.
CNES,EPRS1704.dbc,2017,RS,ep_mes_04,DBC,ignorado,data/ignored/cnes/EPRS1704.dbc,Fora do recorte principal de CNES.
CNES,EPRS1705.dbc,2017,RS,ep_mes_05,DBC,ignorado,data/ignored/cnes/EPRS1705.dbc,Fora do recorte principal de CNES.
CNES,EPRS1706.dbc,2017,RS,ep_mes_06,DBC,ignorado,data/ignored/cnes/EPRS1706.dbc,Fora do recorte principal de CNES.
CNES,EPRS1707.dbc,2017,RS,ep_mes_07,DBC,ignorado,data/ignored/cnes/EPRS1707.dbc,Fora do recorte principal de CNES.
CNES,EPRS1708.dbc,2017,RS,ep_mes_08,DBC,ignorado,data/ignored/cnes/EPRS1708.dbc,Fora do recorte principal de CNES.
CNES,EPRS1709.dbc,2017,RS,ep_mes_09,DBC,ignorado,data/ignored/cnes/EPRS1709.dbc,Fora do recorte principal de CNES.
CNES,EPRS1710.dbc,2017,RS,ep_mes_10,DBC,ignorado,data/ignored/cnes/EPRS1710.dbc,Fora do recorte principal de CNES.
CNES,EPRS1711.dbc,2017,RS,ep_mes_11,DBC,ignorado,data/ignored/cnes/EPRS1711.dbc,Fora do recorte principal de CNES.
CNES,EPRS1801.dbc,2018,RS,ep_mes_01,DBC,ignorado,data/ignored/cnes/EPRS1801.dbc,Fora do recorte principal de CNES.
CNES,EPRS1802.dbc,2018,RS,ep_mes_02,DBC,ignorado,data/ignored/cnes/EPRS1802.dbc,Fora do recorte principal de CNES.
CNES,EPRS1803.dbc,2018,RS,ep_mes_03,DBC,ignorado,data/ignored/cnes/EPRS1803.dbc,Fora do recorte principal de CNES.
CNES,EPRS1804.dbc,2018,RS,ep_mes_04,DBC,ignorado,data/ignored/cnes/EPRS1804.dbc,Fora do recorte principal de CNES.
CNES,EPRS1805.dbc,2018,RS,ep_mes_05,DBC,ignorado,data/ignored/cnes/EPRS1805.dbc,Fora do recorte principal de CNES.
CNES,EPRS1806.dbc,2018,RS,ep_mes_06,DBC,ignorado,data/ignored/cnes/EPRS1806.dbc,Fora do recorte principal de CNES.
CNES,EPRS1807.dbc,2018,RS,ep_mes_07,DBC,ignorado,data/ignored/cnes/EPRS1807.dbc,Fora do recorte principal de CNES.
CNES,EPRS1808.dbc,2018,RS,ep_mes_08,DBC,ignorado,data/ignored/cnes/EPRS1808.dbc,Fora do recorte principal de CNES.
CNES,EPRS1809.dbc,2018,RS,ep_mes_09,DBC,ignorado,data/ignored/cnes/EPRS1809.dbc,Fora do recorte principal de CNES.
CNES,EPRS1810.dbc,2018,RS,ep_mes_10,DBC,ignorado,data/ignored/cnes/EPRS1810.dbc,Fora do recorte principal de CNES.
CNES,EPRS1811.dbc,2018,RS,ep_mes_11,DBC,ignorado,data/ignored/cnes/EPRS1811.dbc,Fora do recorte principal de CNES.
CNES,EPRS1901.dbc,2019,RS,ep_mes_01,DBC,ignorado,data/ignored/cnes/EPRS1901.dbc,Fora do recorte principal de CNES.
CNES,EPRS1902.dbc,2019,RS,ep_mes_02,DBC,ignorado,data/ignored/cnes/EPRS1902.dbc,Fora do recorte principal de CNES.
CNES,EPRS1903.dbc,2019,RS,ep_mes_03,DBC,ignorado,data/ignored/cnes/EPRS1903.dbc,Fora do recorte principal de CNES.
CNES,EPRS1904.dbc,2019,RS,ep_mes_04,DBC,ignorado,data/ignored/cnes/EPRS1904.dbc,Fora do recorte principal de CNES.
CNES,EPRS1905.dbc,2019,RS,ep_mes_05,DBC,ignorado,data/ignored/cnes/EPRS1905.dbc,Fora do recorte principal de CNES.
CNES,EPRS1906.dbc,2019,RS,ep_mes_06,DBC,ignorado,data/ignored/cnes/EPRS1906.dbc,Fora do recorte principal de CNES.
CNES,EPRS1907.dbc,2019,RS,ep_mes_07,DBC,ignorado,data/ignored/cnes/EPRS1907.dbc,Fora do recorte principal de CNES.
CNES,EPRS1908.dbc,2019,RS,ep_mes_08,DBC,ignorado,data/ignored/cnes/EPRS1908.dbc,Fora do recorte principal de CNES.
CNES,EPRS1909.dbc,2019,RS,ep_mes_09,DBC,ignorado,data/ignored/cnes/EPRS1909.dbc,Fora do recorte principal de CNES.
CNES,EPRS1910.dbc,2019,RS,ep_mes_10,DBC,ignorado,data/ignored/cnes/EPRS1910.dbc,Fora do recorte principal de CNES.
CNES,EPRS1911.dbc,2019,RS,ep_mes_11,DBC,ignorado,data/ignored/cnes/EPRS1911.dbc,Fora do recorte principal de CNES.
CNES,EPRS2001.dbc,2020,RS,ep_mes_01,DBC,ignorado,data/ignored/cnes/EPRS2001.dbc,Fora do recorte principal de CNES.
CNES,EPRS2002.dbc,2020,RS,ep_mes_02,DBC,ignorado,data/ignored/cnes/EPRS2002.dbc,Fora do recorte principal de CNES.
CNES,EPRS2003.dbc,2020,RS,ep_mes_03,DBC,ignorado,data/ignored/cnes/EPRS2003.dbc,Fora do recorte principal de CNES.
CNES,EPRS2004.dbc,2020,RS,ep_mes_04,DBC,ignorado,data/ignored/cnes/EPRS2004.dbc,Fora do recorte principal de CNES.
CNES,EPRS2005.dbc,2020,RS,ep_mes_05,DBC,ignorado,data/ignored/cnes/EPRS2005.dbc,Fora do recorte principal de CNES.
CNES,EPRS2006.dbc,2020,RS,ep_mes_06,DBC,ignorado,data/ignored/cnes/EPRS2006.dbc,Fora do recorte principal de CNES.
CNES,EPRS2007.dbc,2020,RS,ep_mes_07,DBC,ignorado,data/ignored/cnes/EPRS2007.dbc,Fora do recorte principal de CNES.
CNES,EPRS2008.dbc,2020,RS,ep_mes_08,DBC,ignorado,data/ignored/cnes/EPRS2008.dbc,Fora do recorte principal de CNES.
CNES,EPRS2009.dbc,2020,RS,ep_mes_09,DBC,ignorado,data/ignored/cnes/EPRS2009.dbc,Fora do recorte principal de CNES.
CNES,EPRS2010.dbc,2020,RS,ep_mes_10,DBC,ignorado,data/ignored/cnes/EPRS2010.dbc,Fora do recorte principal de CNES.
CNES,EPRS2011.dbc,2020,RS,ep_mes_11,DBC,ignorado,data/ignored/cnes/EPRS2011.dbc,Fora do recorte principal de CNES.
CNES,EPRS2101.dbc,2021,RS,ep_mes_01,DBC,ignorado,data/ignored/cnes/EPRS2101.dbc,Fora do recorte principal de CNES.
CNES,EPRS2102.dbc,2021,RS,ep_mes_02,DBC,ignorado,data/ignored/cnes/EPRS2102.dbc,Fora do recorte principal de CNES.
CNES,EPRS2103.dbc,2021,RS,ep_mes_03,DBC,ignorado,data/ignored/cnes/EPRS2103.dbc,Fora do recorte principal de CNES.
CNES,EPRS2104.dbc,2021,RS,ep_mes_04,DBC,ignorado,data/ignored/cnes/EPRS2104.dbc,Fora do recorte principal de CNES.
CNES,EPRS2105.dbc,2021,RS,ep_mes_05,DBC,ignorado,data/ignored/cnes/EPRS2105.dbc,Fora do recorte principal de CNES.
CNES,EPRS2106.dbc,2021,RS,ep_mes_06,DBC,ignorado,data/ignored/cnes/EPRS2106.dbc,Fora do recorte principal de CNES.
CNES,EPRS2107.dbc,2021,RS,ep_mes_07,DBC,ignorado,data/ignored/cnes/EPRS2107.dbc,Fora do recorte principal de CNES.
CNES,EPRS2108.dbc,2021,RS,ep_mes_08,DBC,ignorado,data/ignored/cnes/EPRS2108.dbc,Fora do recorte principal de CNES.
CNES,EPRS2109.dbc,2021,RS,ep_mes_09,DBC,ignorado,data/ignored/cnes/EPRS2109.dbc,Fora do recorte principal de CNES.
CNES,EPRS2110.dbc,2021,RS,ep_mes_10,DBC,ignorado,data/ignored/cnes/EPRS2110.dbc,Fora do recorte principal de CNES.
CNES,EPRS2111.dbc,2021,RS,ep_mes_11,DBC,ignorado,data/ignored/cnes/EPRS2111.dbc,Fora do recorte principal de CNES.
CNES,EPRS2201.dbc,2022,RS,ep_mes_01,DBC,ignorado,data/ignored/cnes/EPRS2201.dbc,Fora do recorte principal de CNES.
CNES,EPRS2202.dbc,2022,RS,ep_mes_02,DBC,ignorado,data/ignored/cnes/EPRS2202.dbc,Fora do recorte principal de CNES.
CNES,EPRS2203.dbc,2022,RS,ep_mes_03,DBC,ignorado,data/ignored/cnes/EPRS2203.dbc,Fora do recorte principal de CNES.
CNES,EPRS2204.dbc,2022,RS,ep_mes_04,DBC,ignorado,data/ignored/cnes/EPRS2204.dbc,Fora do recorte principal de CNES.
CNES,EPRS2205.dbc,2022,RS,ep_mes_05,DBC,ignorado,data/ignored/cnes/EPRS2205.dbc,Fora do recorte principal de CNES.
CNES,EPRS2206.dbc,2022,RS,ep_mes_06,DBC,ignorado,data/ignored/cnes/EPRS2206.dbc,Fora do recorte principal de CNES.
CNES,EPRS2207.dbc,2022,RS,ep_mes_07,DBC,ignorado,data/ignored/cnes/EPRS2207.dbc,Fora do recorte principal de CNES.
CNES,EPRS2208.dbc,2022,RS,ep_mes_08,DBC,ignorado,data/ignored/cnes/EPRS2208.dbc,Fora do recorte principal de CNES.
CNES,EPRS2209.dbc,2022,RS,ep_mes_09,DBC,ignorado,data/ignored/cnes/EPRS2209.dbc,Fora do recorte principal de CNES.
CNES,EPRS2210.dbc,2022,RS,ep_mes_10,DBC,ignorado,data/ignored/cnes/EPRS2210.dbc,Fora do recorte principal de CNES.
CNES,EPRS2211.dbc,2022,RS,ep_mes_11,DBC,ignorado,data/ignored/cnes/EPRS2211.dbc,Fora do recorte principal de CNES.
CNES,EPRS2301.dbc,2023,RS,ep_mes_01,DBC,ignorado,data/ignored/cnes/EPRS2301.dbc,Fora do recorte principal de CNES.
CNES,EPRS2302.dbc,2023,RS,ep_mes_02,DBC,ignorado,data/ignored/cnes/EPRS2302.dbc,Fora do recorte principal de CNES.
CNES,EPRS2303.dbc,2023,RS,ep_mes_03,DBC,ignorado,data/ignored/cnes/EPRS2303.dbc,Fora do recorte principal de CNES.
CNES,EPRS2304.dbc,2023,RS,ep_mes_04,DBC,ignorado,data/ignored/cnes/EPRS2304.dbc,Fora do recorte principal de CNES.
CNES,EPRS2305.dbc,2023,RS,ep_mes_05,DBC,ignorado,data/ignored/cnes/EPRS2305.dbc,Fora do recorte principal de CNES.
CNES,EPRS2306.dbc,2023,RS,ep_mes_06,DBC,ignorado,data/ignored/cnes/EPRS2306.dbc,Fora do recorte principal de CNES.
CNES,EPRS2307.dbc,2023,RS,ep_mes_07,DBC,ignorado,data/ignored/cnes/EPRS2307.dbc,Fora do recorte principal de CNES.
CNES,EPRS2308.dbc,2023,RS,ep_mes_08,DBC,ignorado,data/ignored/cnes/EPRS2308.dbc,Fora do recorte principal de CNES.
CNES,EPRS2309.dbc,2023,RS,ep_mes_09,DBC,ignorado,data/ignored/cnes/EPRS2309.dbc,Fora do recorte principal de CNES.
CNES,EPRS2310.dbc,2023,RS,ep_mes_10,DBC,ignorado,data/ignored/cnes/EPRS2310.dbc,Fora do recorte principal de CNES.
CNES,EPRS2311.dbc,2023,RS,ep_mes_11,DBC,ignorado,data/ignored/cnes/EPRS2311.dbc,Fora do recorte principal de CNES.
CNES,EPRS2401.dbc,2024,RS,ep_mes_01,DBC,ignorado,data/ignored/cnes/EPRS2401.dbc,Fora do recorte principal de CNES.
CNES,EPRS2402.dbc,2024,RS,ep_mes_02,DBC,ignorado,data/ignored/cnes/EPRS2402.dbc,Fora do recorte principal de CNES.
CNES,EPRS2403.dbc,2024,RS,ep_mes_03,DBC,ignorado,data/ignored/cnes/EPRS2403.dbc,Fora do recorte principal de CNES.
CNES,EPRS2404.dbc,2024,RS,ep_mes_04,DBC,ignorado,data/ignored/cnes/EPRS2404.dbc,Fora do recorte principal de CNES.
CNES,EPRS2405.dbc,2024,RS,ep_mes_05,DBC,ignorado,data/ignored/cnes/EPRS2405.dbc,Fora do recorte principal de CNES.
CNES,EPRS2406.dbc,2024,RS,ep_mes_06,DBC,ignorado,data/ignored/cnes/EPRS2406.dbc,Fora do recorte principal de CNES.
CNES,EPRS2407.dbc,2024,RS,ep_mes_07,DBC,ignorado,data/ignored/cnes/EPRS2407.dbc,Fora do recorte principal de CNES.
CNES,EPRS2408.dbc,2024,RS,ep_mes_08,DBC,ignorado,data/ignored/cnes/EPRS2408.dbc,Fora do recorte principal de CNES.
CNES,EPRS2409.dbc,2024,RS,ep_mes_09,DBC,ignorado,data/ignored/cnes/EPRS2409.dbc,Fora do recorte principal de CNES.
CNES,EPRS2410.dbc,2024,RS,ep_mes_10,DBC,ignorado,data/ignored/cnes/EPRS2410.dbc,Fora do recorte principal de CNES.
CNES,EPRS2411.dbc,2024,RS,ep_mes_11,DBC,ignorado,data/ignored/cnes/EPRS2411.dbc,Fora do recorte principal de CNES.
CNES,EPRS2501.dbc,2025,RS,ep_mes_01,DBC,ignorado,data/ignored/cnes/EPRS2501.dbc,Fora do recorte principal de CNES.
CNES,EPRS2502.dbc,2025,RS,ep_mes_02,DBC,ignorado,data/ignored/cnes/EPRS2502.dbc,Fora do recorte principal de CNES.
CNES,EPRS2503.dbc,2025,RS,ep_mes_03,DBC,ignorado,data/ignored/cnes/EPRS2503.dbc,Fora do recorte principal de CNES.
CNES,EPRS2504.dbc,2025,RS,ep_mes_04,DBC,ignorado,data/ignored/cnes/EPRS2504.dbc,Fora do recorte principal de CNES.
CNES,EPRS2505.dbc,2025,RS,ep_mes_05,DBC,ignorado,data/ignored/cnes/EPRS2505.dbc,Fora do recorte principal de CNES.
CNES,EPRS2506.dbc,2025,RS,ep_mes_06,DBC,ignorado,data/ignored/cnes/EPRS2506.dbc,Fora do recorte principal de CNES.
CNES,EPRS2507.dbc,2025,RS,ep_mes_07,DBC,ignorado,data/ignored/cnes/EPRS2507.dbc,Fora do recorte principal de CNES.
CNES,EPRS2508.dbc,2025,RS,ep_mes_08,DBC,ignorado,data/ignored/cnes/EPRS2508.dbc,Fora do recorte principal de CNES.
CNES,EPRS2509.dbc,2025,RS,ep_mes_09,DBC,ignorado,data/ignored/cnes/EPRS2509.dbc,Fora do recorte principal de CNES.
CNES,EPRS2510.dbc,2025,RS,ep_mes_10,DBC,ignorado,data/ignored/cnes/EPRS2510.dbc,Fora do recorte principal de CNES.
CNES,EPRS2511.dbc,2025,RS,ep_mes_11,DBC,ignorado,data/ignored/cnes/EPRS2511.dbc,Fora do recorte principal de CNES.
CNES,EPRS2512.dbc,2025,RS,ep_mes_12,DBC,ignorado,data/ignored/cnes/EPRS2512.dbc,Fora do recorte principal de CNES.
CNES,EPRS2601.dbc,2026,RS,ep_mes_01,DBC,ignorado,data/ignored/cnes/EPRS2601.dbc,Fora do recorte principal de CNES.
CNES,EPRS2602.dbc,2026,RS,ep_mes_02,DBC,ignorado,data/ignored/cnes/EPRS2602.dbc,Fora do recorte principal de CNES.
CNES,EPRS2603.dbc,2026,RS,ep_mes_03,DBC,ignorado,data/ignored/cnes/EPRS2603.dbc,Fora do recorte principal de CNES.
CNES,EPRS2604.dbc,2026,RS,ep_mes_04,DBC,ignorado,data/ignored/cnes/EPRS2604.dbc,Fora do recorte principal de CNES.
CNES,EPRS2605.dbc,2026,RS,ep_mes_05,DBC,ignorado,data/ignored/cnes/EPRS2605.dbc,Fora do recorte principal de CNES.
CNES,LTRS0510.dbc,2005,RS,lt_mes_10,DBC,ignorado,data/ignored/cnes/LTRS0510.dbc,Fora do recorte principal de CNES.
CNES,LTRS0511.dbc,2005,RS,lt_mes_11,DBC,ignorado,data/ignored/cnes/LTRS0511.dbc,Fora do recorte principal de CNES.
CNES,LTRS0512.dbc,2005,RS,lt_mes_12,DBC,ignorado,data/ignored/cnes/LTRS0512.dbc,Fora do recorte principal de CNES.
CNES,LTRS0601.dbc,2006,RS,lt_mes_01,DBC,ignorado,data/ignored/cnes/LTRS0601.dbc,Fora do recorte principal de CNES.
CNES,LTRS0602.dbc,2006,RS,lt_mes_02,DBC,ignorado,data/ignored/cnes/LTRS0602.dbc,Fora do recorte principal de CNES.
CNES,LTRS0603.dbc,2006,RS,lt_mes_03,DBC,ignorado,data/ignored/cnes/LTRS0603.dbc,Fora do recorte principal de CNES.
CNES,LTRS0604.dbc,2006,RS,lt_mes_04,DBC,ignorado,data/ignored/cnes/LTRS0604.dbc,Fora do recorte principal de CNES.
CNES,LTRS0605.dbc,2006,RS,lt_mes_05,DBC,ignorado,data/ignored/cnes/LTRS0605.dbc,Fora do recorte principal de CNES.
CNES,LTRS0606.dbc,2006,RS,lt_mes_06,DBC,ignorado,data/ignored/cnes/LTRS0606.dbc,Fora do recorte principal de CNES.
CNES,LTRS0607.dbc,2006,RS,lt_mes_07,DBC,ignorado,data/ignored/cnes/LTRS0607.dbc,Fora do recorte principal de CNES.
CNES,LTRS0608.dbc,2006,RS,lt_mes_08,DBC,ignorado,data/ignored/cnes/LTRS0608.dbc,Fora do recorte principal de CNES.
CNES,LTRS0609.dbc,2006,RS,lt_mes_09,DBC,ignorado,data/ignored/cnes/LTRS0609.dbc,Fora do recorte principal de CNES.
CNES,LTRS0610.dbc,2006,RS,lt_mes_10,DBC,ignorado,data/ignored/cnes/LTRS0610.dbc,Fora do recorte principal de CNES.
CNES,LTRS0611.dbc,2006,RS,lt_mes_11,DBC,ignorado,data/ignored/cnes/LTRS0611.dbc,Fora do recorte principal de CNES.
CNES,LTRS0612.dbc,2006,RS,lt_mes_12,DBC,ignorado,data/ignored/cnes/LTRS0612.dbc,Fora do recorte principal de CNES.
CNES,LTRS0701.dbc,2007,RS,lt_mes_01,DBC,ignorado,data/ignored/cnes/LTRS0701.dbc,Fora do recorte principal de CNES.
CNES,LTRS0702.dbc,2007,RS,lt_mes_02,DBC,ignorado,data/ignored/cnes/LTRS0702.dbc,Fora do recorte principal de CNES.
CNES,LTRS0703.dbc,2007,RS,lt_mes_03,DBC,ignorado,data/ignored/cnes/LTRS0703.dbc,Fora do recorte principal de CNES.
CNES,LTRS0704.dbc,2007,RS,lt_mes_04,DBC,ignorado,data/ignored/cnes/LTRS0704.dbc,Fora do recorte principal de CNES.
CNES,LTRS0705.dbc,2007,RS,lt_mes_05,DBC,ignorado,data/ignored/cnes/LTRS0705.dbc,Fora do recorte principal de CNES.
CNES,LTRS0706.dbc,2007,RS,lt_mes_06,DBC,ignorado,data/ignored/cnes/LTRS0706.dbc,Fora do recorte principal de CNES.
CNES,LTRS0707.dbc,2007,RS,lt_mes_07,DBC,ignorado,data/ignored/cnes/LTRS0707.dbc,Fora do recorte principal de CNES.
CNES,LTRS0708.dbc,2007,RS,lt_mes_08,DBC,ignorado,data/ignored/cnes/LTRS0708.dbc,Fora do recorte principal de CNES.
CNES,LTRS0709.dbc,2007,RS,lt_mes_09,DBC,ignorado,data/ignored/cnes/LTRS0709.dbc,Fora do recorte principal de CNES.
CNES,LTRS0710.dbc,2007,RS,lt_mes_10,DBC,ignorado,data/ignored/cnes/LTRS0710.dbc,Fora do recorte principal de CNES.
CNES,LTRS0711.dbc,2007,RS,lt_mes_11,DBC,ignorado,data/ignored/cnes/LTRS0711.dbc,Fora do recorte principal de CNES.
CNES,LTRS0712.dbc,2007,RS,lt_mes_12,DBC,ignorado,data/ignored/cnes/LTRS0712.dbc,Fora do recorte principal de CNES.
CNES,LTRS0801.dbc,2008,RS,lt_mes_01,DBC,ignorado,data/ignored/cnes/LTRS0801.dbc,Fora do recorte principal de CNES.
CNES,LTRS0802.dbc,2008,RS,lt_mes_02,DBC,ignorado,data/ignored/cnes/LTRS0802.dbc,Fora do recorte principal de CNES.
CNES,LTRS0803.dbc,2008,RS,lt_mes_03,DBC,ignorado,data/ignored/cnes/LTRS0803.dbc,Fora do recorte principal de CNES.
CNES,LTRS0804.dbc,2008,RS,lt_mes_04,DBC,ignorado,data/ignored/cnes/LTRS0804.dbc,Fora do recorte principal de CNES.
CNES,LTRS0805.dbc,2008,RS,lt_mes_05,DBC,ignorado,data/ignored/cnes/LTRS0805.dbc,Fora do recorte principal de CNES.
CNES,LTRS0806.dbc,2008,RS,lt_mes_06,DBC,ignorado,data/ignored/cnes/LTRS0806.dbc,Fora do recorte principal de CNES.
CNES,LTRS0807.dbc,2008,RS,lt_mes_07,DBC,ignorado,data/ignored/cnes/LTRS0807.dbc,Fora do recorte principal de CNES.
CNES,LTRS0808.dbc,2008,RS,lt_mes_08,DBC,ignorado,data/ignored/cnes/LTRS0808.dbc,Fora do recorte principal de CNES.
CNES,LTRS0809.dbc,2008,RS,lt_mes_09,DBC,ignorado,data/ignored/cnes/LTRS0809.dbc,Fora do recorte principal de CNES.
CNES,LTRS0810.dbc,2008,RS,lt_mes_10,DBC,ignorado,data/ignored/cnes/LTRS0810.dbc,Fora do recorte principal de CNES.
CNES,LTRS0811.dbc,2008,RS,lt_mes_11,DBC,ignorado,data/ignored/cnes/LTRS0811.dbc,Fora do recorte principal de CNES.
CNES,LTRS0812.dbc,2008,RS,lt_mes_12,DBC,ignorado,data/ignored/cnes/LTRS0812.dbc,Fora do recorte principal de CNES.
CNES,LTRS0901.dbc,2009,RS,lt_mes_01,DBC,ignorado,data/ignored/cnes/LTRS0901.dbc,Fora do recorte principal de CNES.
CNES,LTRS0902.dbc,2009,RS,lt_mes_02,DBC,ignorado,data/ignored/cnes/LTRS0902.dbc,Fora do recorte principal de CNES.
CNES,LTRS0903.dbc,2009,RS,lt_mes_03,DBC,ignorado,data/ignored/cnes/LTRS0903.dbc,Fora do recorte principal de CNES.
CNES,LTRS0904.dbc,2009,RS,lt_mes_04,DBC,ignorado,data/ignored/cnes/LTRS0904.dbc,Fora do recorte principal de CNES.
CNES,LTRS0905.dbc,2009,RS,lt_mes_05,DBC,ignorado,data/ignored/cnes/LTRS0905.dbc,Fora do recorte principal de CNES.
CNES,LTRS0906.dbc,2009,RS,lt_mes_06,DBC,ignorado,data/ignored/cnes/LTRS0906.dbc,Fora do recorte principal de CNES.
CNES,LTRS0907.dbc,2009,RS,lt_mes_07,DBC,ignorado,data/ignored/cnes/LTRS0907.dbc,Fora do recorte principal de CNES.
CNES,LTRS0908.dbc,2009,RS,lt_mes_08,DBC,ignorado,data/ignored/cnes/LTRS0908.dbc,Fora do recorte principal de CNES.
CNES,LTRS0909.dbc,2009,RS,lt_mes_09,DBC,ignorado,data/ignored/cnes/LTRS0909.dbc,Fora do recorte principal de CNES.
CNES,LTRS0910.dbc,2009,RS,lt_mes_10,DBC,ignorado,data/ignored/cnes/LTRS0910.dbc,Fora do recorte principal de CNES.
CNES,LTRS0911.dbc,2009,RS,lt_mes_11,DBC,ignorado,data/ignored/cnes/LTRS0911.dbc,Fora do recorte principal de CNES.
CNES,LTRS0912.dbc,2009,RS,lt_mes_12,DBC,ignorado,data/ignored/cnes/LTRS0912.dbc,Fora do recorte principal de CNES.
CNES,LTRS1001.dbc,2010,RS,lt_mes_01,DBC,ignorado,data/ignored/cnes/LTRS1001.dbc,Fora do recorte principal de CNES.
CNES,LTRS1002.dbc,2010,RS,lt_mes_02,DBC,ignorado,data/ignored/cnes/LTRS1002.dbc,Fora do recorte principal de CNES.
CNES,LTRS1003.dbc,2010,RS,lt_mes_03,DBC,ignorado,data/ignored/cnes/LTRS1003.dbc,Fora do recorte principal de CNES.
CNES,LTRS1004.dbc,2010,RS,lt_mes_04,DBC,ignorado,data/ignored/cnes/LTRS1004.dbc,Fora do recorte principal de CNES.
CNES,LTRS1005.dbc,2010,RS,lt_mes_05,DBC,ignorado,data/ignored/cnes/LTRS1005.dbc,Fora do recorte principal de CNES.
CNES,LTRS1006.dbc,2010,RS,lt_mes_06,DBC,ignorado,data/ignored/cnes/LTRS1006.dbc,Fora do recorte principal de CNES.
CNES,LTRS1007.dbc,2010,RS,lt_mes_07,DBC,ignorado,data/ignored/cnes/LTRS1007.dbc,Fora do recorte principal de CNES.
CNES,LTRS1008.dbc,2010,RS,lt_mes_08,DBC,ignorado,data/ignored/cnes/LTRS1008.dbc,Fora do recorte principal de CNES.
CNES,LTRS1009.dbc,2010,RS,lt_mes_09,DBC,ignorado,data/ignored/cnes/LTRS1009.dbc,Fora do recorte principal de CNES.
CNES,LTRS1010.dbc,2010,RS,lt_mes_10,DBC,ignorado,data/ignored/cnes/LTRS1010.dbc,Fora do recorte principal de CNES.
CNES,LTRS1011.dbc,2010,RS,lt_mes_11,DBC,ignorado,data/ignored/cnes/LTRS1011.dbc,Fora do recorte principal de CNES.
CNES,LTRS1012.dbc,2010,RS,lt_mes_12,DBC,ignorado,data/ignored/cnes/LTRS1012.dbc,Fora do recorte principal de CNES.
CNES,LTRS1101.dbc,2011,RS,lt_mes_01,DBC,ignorado,data/ignored/cnes/LTRS1101.dbc,Fora do recorte principal de CNES.
CNES,LTRS1102.dbc,2011,RS,lt_mes_02,DBC,ignorado,data/ignored/cnes/LTRS1102.dbc,Fora do recorte principal de CNES.
CNES,LTRS1103.dbc,2011,RS,lt_mes_03,DBC,ignorado,data/ignored/cnes/LTRS1103.dbc,Fora do recorte principal de CNES.
CNES,LTRS1104.dbc,2011,RS,lt_mes_04,DBC,ignorado,data/ignored/cnes/LTRS1104.dbc,Fora do recorte principal de CNES.
CNES,LTRS1105.dbc,2011,RS,lt_mes_05,DBC,ignorado,data/ignored/cnes/LTRS1105.dbc,Fora do recorte principal de CNES.
CNES,LTRS1106.dbc,2011,RS,lt_mes_06,DBC,ignorado,data/ignored/cnes/LTRS1106.dbc,Fora do recorte principal de CNES.
CNES,LTRS1107.dbc,2011,RS,lt_mes_07,DBC,ignorado,data/ignored/cnes/LTRS1107.dbc,Fora do recorte principal de CNES.
CNES,LTRS1108.dbc,2011,RS,lt_mes_08,DBC,ignorado,data/ignored/cnes/LTRS1108.dbc,Fora do recorte principal de CNES.
CNES,LTRS1109.dbc,2011,RS,lt_mes_09,DBC,ignorado,data/ignored/cnes/LTRS1109.dbc,Fora do recorte principal de CNES.
CNES,LTRS1110.dbc,2011,RS,lt_mes_10,DBC,ignorado,data/ignored/cnes/LTRS1110.dbc,Fora do recorte principal de CNES.
CNES,LTRS1111.dbc,2011,RS,lt_mes_11,DBC,ignorado,data/ignored/cnes/LTRS1111.dbc,Fora do recorte principal de CNES.
CNES,LTRS1112.dbc,2011,RS,lt_mes_12,DBC,ignorado,data/ignored/cnes/LTRS1112.dbc,Fora do recorte principal de CNES.
CNES,LTRS1201.dbc,2012,RS,lt_mes_01,DBC,ignorado,data/ignored/cnes/LTRS1201.dbc,Fora do recorte principal de CNES.
CNES,LTRS1202.dbc,2012,RS,lt_mes_02,DBC,ignorado,data/ignored/cnes/LTRS1202.dbc,Fora do recorte principal de CNES.
CNES,LTRS1203.dbc,2012,RS,lt_mes_03,DBC,ignorado,data/ignored/cnes/LTRS1203.dbc,Fora do recorte principal de CNES.
CNES,LTRS1204.dbc,2012,RS,lt_mes_04,DBC,ignorado,data/ignored/cnes/LTRS1204.dbc,Fora do recorte principal de CNES.
CNES,LTRS1205.dbc,2012,RS,lt_mes_05,DBC,ignorado,data/ignored/cnes/LTRS1205.dbc,Fora do recorte principal de CNES.
CNES,LTRS1206.dbc,2012,RS,lt_mes_06,DBC,ignorado,data/ignored/cnes/LTRS1206.dbc,Fora do recorte principal de CNES.
CNES,LTRS1207.dbc,2012,RS,lt_mes_07,DBC,ignorado,data/ignored/cnes/LTRS1207.dbc,Fora do recorte principal de CNES.
CNES,LTRS1208.dbc,2012,RS,lt_mes_08,DBC,ignorado,data/ignored/cnes/LTRS1208.dbc,Fora do recorte principal de CNES.
CNES,LTRS1209.dbc,2012,RS,lt_mes_09,DBC,ignorado,data/ignored/cnes/LTRS1209.dbc,Fora do recorte principal de CNES.
CNES,LTRS1210.dbc,2012,RS,lt_mes_10,DBC,ignorado,data/ignored/cnes/LTRS1210.dbc,Fora do recorte principal de CNES.
CNES,LTRS1211.dbc,2012,RS,lt_mes_11,DBC,ignorado,data/ignored/cnes/LTRS1211.dbc,Fora do recorte principal de CNES.
CNES,LTRS1212.dbc,2012,RS,lt_mes_12,DBC,ignorado,data/ignored/cnes/LTRS1212.dbc,Fora do recorte principal de CNES.
CNES,LTRS1301.dbc,2013,RS,lt_mes_01,DBC,ignorado,data/ignored/cnes/LTRS1301.dbc,Fora do recorte principal de CNES.
CNES,LTRS1302.dbc,2013,RS,lt_mes_02,DBC,ignorado,data/ignored/cnes/LTRS1302.dbc,Fora do recorte principal de CNES.
CNES,LTRS1303.dbc,2013,RS,lt_mes_03,DBC,ignorado,data/ignored/cnes/LTRS1303.dbc,Fora do recorte principal de CNES.
CNES,LTRS1304.dbc,2013,RS,lt_mes_04,DBC,ignorado,data/ignored/cnes/LTRS1304.dbc,Fora do recorte principal de CNES.
CNES,LTRS1305.dbc,2013,RS,lt_mes_05,DBC,ignorado,data/ignored/cnes/LTRS1305.dbc,Fora do recorte principal de CNES.
CNES,LTRS1306.dbc,2013,RS,lt_mes_06,DBC,ignorado,data/ignored/cnes/LTRS1306.dbc,Fora do recorte principal de CNES.
CNES,LTRS1307.dbc,2013,RS,lt_mes_07,DBC,ignorado,data/ignored/cnes/LTRS1307.dbc,Fora do recorte principal de CNES.
CNES,LTRS1308.dbc,2013,RS,lt_mes_08,DBC,ignorado,data/ignored/cnes/LTRS1308.dbc,Fora do recorte principal de CNES.
CNES,LTRS1309.dbc,2013,RS,lt_mes_09,DBC,ignorado,data/ignored/cnes/LTRS1309.dbc,Fora do recorte principal de CNES.
CNES,LTRS1310.dbc,2013,RS,lt_mes_10,DBC,ignorado,data/ignored/cnes/LTRS1310.dbc,Fora do recorte principal de CNES.
CNES,LTRS1311.dbc,2013,RS,lt_mes_11,DBC,ignorado,data/ignored/cnes/LTRS1311.dbc,Fora do recorte principal de CNES.
CNES,LTRS1312.dbc,2013,RS,lt_mes_12,DBC,ignorado,data/ignored/cnes/LTRS1312.dbc,Fora do recorte principal de CNES.
CNES,LTRS1401.dbc,2014,RS,lt_mes_01,DBC,ignorado,data/ignored/cnes/LTRS1401.dbc,Fora do recorte principal de CNES.
CNES,LTRS1402.dbc,2014,RS,lt_mes_02,DBC,ignorado,data/ignored/cnes/LTRS1402.dbc,Fora do recorte principal de CNES.
CNES,LTRS1403.dbc,2014,RS,lt_mes_03,DBC,ignorado,data/ignored/cnes/LTRS1403.dbc,Fora do recorte principal de CNES.
CNES,LTRS1404.dbc,2014,RS,lt_mes_04,DBC,ignorado,data/ignored/cnes/LTRS1404.dbc,Fora do recorte principal de CNES.
CNES,LTRS1405.dbc,2014,RS,lt_mes_05,DBC,ignorado,data/ignored/cnes/LTRS1405.dbc,Fora do recorte principal de CNES.
CNES,LTRS1406.dbc,2014,RS,lt_mes_06,DBC,ignorado,data/ignored/cnes/LTRS1406.dbc,Fora do recorte principal de CNES.
CNES,LTRS1407.dbc,2014,RS,lt_mes_07,DBC,ignorado,data/ignored/cnes/LTRS1407.dbc,Fora do recorte principal de CNES.
CNES,LTRS1408.dbc,2014,RS,lt_mes_08,DBC,ignorado,data/ignored/cnes/LTRS1408.dbc,Fora do recorte principal de CNES.
CNES,LTRS1409.dbc,2014,RS,lt_mes_09,DBC,ignorado,data/ignored/cnes/LTRS1409.dbc,Fora do recorte principal de CNES.
CNES,LTRS1410.dbc,2014,RS,lt_mes_10,DBC,ignorado,data/ignored/cnes/LTRS1410.dbc,Fora do recorte principal de CNES.
CNES,LTRS1411.dbc,2014,RS,lt_mes_11,DBC,ignorado,data/ignored/cnes/LTRS1411.dbc,Fora do recorte principal de CNES.
CNES,LTRS1412.dbc,2014,RS,lt_mes_12,DBC,ignorado,data/ignored/cnes/LTRS1412.dbc,Fora do recorte principal de CNES.
CNES,LTRS1501.dbc,2015,RS,lt_mes_01,DBC,ignorado,data/ignored/cnes/LTRS1501.dbc,Fora do recorte principal de CNES.
CNES,LTRS1502.dbc,2015,RS,lt_mes_02,DBC,ignorado,data/ignored/cnes/LTRS1502.dbc,Fora do recorte principal de CNES.
CNES,LTRS1503.dbc,2015,RS,lt_mes_03,DBC,ignorado,data/ignored/cnes/LTRS1503.dbc,Fora do recorte principal de CNES.
CNES,LTRS1504.dbc,2015,RS,lt_mes_04,DBC,ignorado,data/ignored/cnes/LTRS1504.dbc,Fora do recorte principal de CNES.
CNES,LTRS1505.dbc,2015,RS,lt_mes_05,DBC,ignorado,data/ignored/cnes/LTRS1505.dbc,Fora do recorte principal de CNES.
CNES,LTRS1506.dbc,2015,RS,lt_mes_06,DBC,ignorado,data/ignored/cnes/LTRS1506.dbc,Fora do recorte principal de CNES.
CNES,LTRS1507.dbc,2015,RS,lt_mes_07,DBC,ignorado,data/ignored/cnes/LTRS1507.dbc,Fora do recorte principal de CNES.
CNES,LTRS1508.dbc,2015,RS,lt_mes_08,DBC,ignorado,data/ignored/cnes/LTRS1508.dbc,Fora do recorte principal de CNES.
CNES,LTRS1509.dbc,2015,RS,lt_mes_09,DBC,ignorado,data/ignored/cnes/LTRS1509.dbc,Fora do recorte principal de CNES.
CNES,LTRS1510.dbc,2015,RS,lt_mes_10,DBC,ignorado,data/ignored/cnes/LTRS1510.dbc,Fora do recorte principal de CNES.
CNES,LTRS1511.dbc,2015,RS,lt_mes_11,DBC,ignorado,data/ignored/cnes/LTRS1511.dbc,Fora do recorte principal de CNES.
CNES,LTRS1512.dbc,2015,RS,lt_mes_12,DBC,ignorado,data/ignored/cnes/LTRS1512.dbc,Fora do recorte principal de CNES.
CNES,LTRS1601.dbc,2016,RS,lt_mes_01,DBC,ignorado,data/ignored/cnes/LTRS1601.dbc,Fora do recorte principal de CNES.
CNES,LTRS1602.dbc,2016,RS,lt_mes_02,DBC,ignorado,data/ignored/cnes/LTRS1602.dbc,Fora do recorte principal de CNES.
CNES,LTRS1603.dbc,2016,RS,lt_mes_03,DBC,ignorado,data/ignored/cnes/LTRS1603.dbc,Fora do recorte principal de CNES.
CNES,LTRS1604.dbc,2016,RS,lt_mes_04,DBC,ignorado,data/ignored/cnes/LTRS1604.dbc,Fora do recorte principal de CNES.
CNES,LTRS1605.dbc,2016,RS,lt_mes_05,DBC,ignorado,data/ignored/cnes/LTRS1605.dbc,Fora do recorte principal de CNES.
CNES,LTRS1606.dbc,2016,RS,lt_mes_06,DBC,ignorado,data/ignored/cnes/LTRS1606.dbc,Fora do recorte principal de CNES.
CNES,LTRS1607.dbc,2016,RS,lt_mes_07,DBC,ignorado,data/ignored/cnes/LTRS1607.dbc,Fora do recorte principal de CNES.
CNES,LTRS1608.dbc,2016,RS,lt_mes_08,DBC,ignorado,data/ignored/cnes/LTRS1608.dbc,Fora do recorte principal de CNES.
CNES,LTRS1609.dbc,2016,RS,lt_mes_09,DBC,ignorado,data/ignored/cnes/LTRS1609.dbc,Fora do recorte principal de CNES.
CNES,LTRS1610.dbc,2016,RS,lt_mes_10,DBC,ignorado,data/ignored/cnes/LTRS1610.dbc,Fora do recorte principal de CNES.
CNES,LTRS1611.dbc,2016,RS,lt_mes_11,DBC,ignorado,data/ignored/cnes/LTRS1611.dbc,Fora do recorte principal de CNES.
CNES,LTRS1612.dbc,2016,RS,lt_mes_12,DBC,ignorado,data/ignored/cnes/LTRS1612.dbc,Fora do recorte principal de CNES.
CNES,LTRS1701.dbc,2017,RS,lt_mes_01,DBC,ignorado,data/ignored/cnes/LTRS1701.dbc,Fora do recorte principal de CNES.
CNES,LTRS1702.dbc,2017,RS,lt_mes_02,DBC,ignorado,data/ignored/cnes/LTRS1702.dbc,Fora do recorte principal de CNES.
CNES,LTRS1703.dbc,2017,RS,lt_mes_03,DBC,ignorado,data/ignored/cnes/LTRS1703.dbc,Fora do recorte principal de CNES.
CNES,LTRS1704.dbc,2017,RS,lt_mes_04,DBC,ignorado,data/ignored/cnes/LTRS1704.dbc,Fora do recorte principal de CNES.
CNES,LTRS1705.dbc,2017,RS,lt_mes_05,DBC,ignorado,data/ignored/cnes/LTRS1705.dbc,Fora do recorte principal de CNES.
CNES,LTRS1706.dbc,2017,RS,lt_mes_06,DBC,ignorado,data/ignored/cnes/LTRS1706.dbc,Fora do recorte principal de CNES.
CNES,LTRS1707.dbc,2017,RS,lt_mes_07,DBC,ignorado,data/ignored/cnes/LTRS1707.dbc,Fora do recorte principal de CNES.
CNES,LTRS1708.dbc,2017,RS,lt_mes_08,DBC,ignorado,data/ignored/cnes/LTRS1708.dbc,Fora do recorte principal de CNES.
CNES,LTRS1709.dbc,2017,RS,lt_mes_09,DBC,ignorado,data/ignored/cnes/LTRS1709.dbc,Fora do recorte principal de CNES.
CNES,LTRS1710.dbc,2017,RS,lt_mes_10,DBC,ignorado,data/ignored/cnes/LTRS1710.dbc,Fora do recorte principal de CNES.
CNES,LTRS1711.dbc,2017,RS,lt_mes_11,DBC,ignorado,data/ignored/cnes/LTRS1711.dbc,Fora do recorte principal de CNES.
CNES,LTRS1712.dbc,2017,RS,lt_mes_12,DBC,ignorado,data/ignored/cnes/LTRS1712.dbc,Fora do recorte principal de CNES.
CNES,LTRS1801.dbc,2018,RS,lt_mes_01,DBC,ignorado,data/ignored/cnes/LTRS1801.dbc,Fora do recorte principal de CNES.
CNES,LTRS1802.dbc,2018,RS,lt_mes_02,DBC,ignorado,data/ignored/cnes/LTRS1802.dbc,Fora do recorte principal de CNES.
CNES,LTRS1803.dbc,2018,RS,lt_mes_03,DBC,ignorado,data/ignored/cnes/LTRS1803.dbc,Fora do recorte principal de CNES.
CNES,LTRS1804.dbc,2018,RS,lt_mes_04,DBC,ignorado,data/ignored/cnes/LTRS1804.dbc,Fora do recorte principal de CNES.
CNES,LTRS1805.dbc,2018,RS,lt_mes_05,DBC,ignorado,data/ignored/cnes/LTRS1805.dbc,Fora do recorte principal de CNES.
CNES,LTRS1806.dbc,2018,RS,lt_mes_06,DBC,ignorado,data/ignored/cnes/LTRS1806.dbc,Fora do recorte principal de CNES.
CNES,LTRS1807.dbc,2018,RS,lt_mes_07,DBC,ignorado,data/ignored/cnes/LTRS1807.dbc,Fora do recorte principal de CNES.
CNES,LTRS1808.dbc,2018,RS,lt_mes_08,DBC,ignorado,data/ignored/cnes/LTRS1808.dbc,Fora do recorte principal de CNES.
CNES,LTRS1809.dbc,2018,RS,lt_mes_09,DBC,ignorado,data/ignored/cnes/LTRS1809.dbc,Fora do recorte principal de CNES.
CNES,LTRS1810.dbc,2018,RS,lt_mes_10,DBC,ignorado,data/ignored/cnes/LTRS1810.dbc,Fora do recorte principal de CNES.
CNES,LTRS1811.dbc,2018,RS,lt_mes_11,DBC,ignorado,data/ignored/cnes/LTRS1811.dbc,Fora do recorte principal de CNES.
CNES,LTRS1812.dbc,2018,RS,lt_mes_12,DBC,ignorado,data/ignored/cnes/LTRS1812.dbc,Fora do recorte principal de CNES.
CNES,LTRS1901.dbc,2019,RS,lt_mes_01,DBC,ignorado,data/ignored/cnes/LTRS1901.dbc,Fora do recorte principal de CNES.
CNES,LTRS1902.dbc,2019,RS,lt_mes_02,DBC,ignorado,data/ignored/cnes/LTRS1902.dbc,Fora do recorte principal de CNES.
CNES,LTRS1903.dbc,2019,RS,lt_mes_03,DBC,ignorado,data/ignored/cnes/LTRS1903.dbc,Fora do recorte principal de CNES.
CNES,LTRS1904.dbc,2019,RS,lt_mes_04,DBC,ignorado,data/ignored/cnes/LTRS1904.dbc,Fora do recorte principal de CNES.
CNES,LTRS1905.dbc,2019,RS,lt_mes_05,DBC,ignorado,data/ignored/cnes/LTRS1905.dbc,Fora do recorte principal de CNES.
CNES,LTRS1906.dbc,2019,RS,lt_mes_06,DBC,ignorado,data/ignored/cnes/LTRS1906.dbc,Fora do recorte principal de CNES.
CNES,LTRS1907.dbc,2019,RS,lt_mes_07,DBC,ignorado,data/ignored/cnes/LTRS1907.dbc,Fora do recorte principal de CNES.
CNES,LTRS1908.dbc,2019,RS,lt_mes_08,DBC,ignorado,data/ignored/cnes/LTRS1908.dbc,Fora do recorte principal de CNES.
CNES,LTRS1909.dbc,2019,RS,lt_mes_09,DBC,ignorado,data/ignored/cnes/LTRS1909.dbc,Fora do recorte principal de CNES.
CNES,LTRS1910.dbc,2019,RS,lt_mes_10,DBC,ignorado,data/ignored/cnes/LTRS1910.dbc,Fora do recorte principal de CNES.
CNES,LTRS1911.dbc,2019,RS,lt_mes_11,DBC,ignorado,data/ignored/cnes/LTRS1911.dbc,Fora do recorte principal de CNES.
CNES,LTRS1912.dbc,2019,RS,lt_mes_12,DBC,ignorado,data/ignored/cnes/LTRS1912.dbc,Fora do recorte principal de CNES.
CNES,LTRS2001.dbc,2020,RS,lt_mes_01,DBC,ignorado,data/ignored/cnes/LTRS2001.dbc,Fora do recorte principal de CNES.
CNES,LTRS2002.dbc,2020,RS,lt_mes_02,DBC,ignorado,data/ignored/cnes/LTRS2002.dbc,Fora do recorte principal de CNES.
CNES,LTRS2003.dbc,2020,RS,lt_mes_03,DBC,ignorado,data/ignored/cnes/LTRS2003.dbc,Fora do recorte principal de CNES.
CNES,LTRS2004.dbc,2020,RS,lt_mes_04,DBC,ignorado,data/ignored/cnes/LTRS2004.dbc,Fora do recorte principal de CNES.
CNES,LTRS2005.dbc,2020,RS,lt_mes_05,DBC,ignorado,data/ignored/cnes/LTRS2005.dbc,Fora do recorte principal de CNES.
CNES,LTRS2006.dbc,2020,RS,lt_mes_06,DBC,ignorado,data/ignored/cnes/LTRS2006.dbc,Fora do recorte principal de CNES.
CNES,LTRS2007.dbc,2020,RS,lt_mes_07,DBC,ignorado,data/ignored/cnes/LTRS2007.dbc,Fora do recorte principal de CNES.
CNES,LTRS2008.dbc,2020,RS,lt_mes_08,DBC,ignorado,data/ignored/cnes/LTRS2008.dbc,Fora do recorte principal de CNES.
CNES,LTRS2009.dbc,2020,RS,lt_mes_09,DBC,ignorado,data/ignored/cnes/LTRS2009.dbc,Fora do recorte principal de CNES.
CNES,LTRS2010.dbc,2020,RS,lt_mes_10,DBC,ignorado,data/ignored/cnes/LTRS2010.dbc,Fora do recorte principal de CNES.
CNES,LTRS2011.dbc,2020,RS,lt_mes_11,DBC,ignorado,data/ignored/cnes/LTRS2011.dbc,Fora do recorte principal de CNES.
CNES,LTRS2012.dbc,2020,RS,lt_mes_12,DBC,ignorado,data/ignored/cnes/LTRS2012.dbc,Fora do recorte principal de CNES.
CNES,LTRS2101.dbc,2021,RS,lt_mes_01,DBC,ignorado,data/ignored/cnes/LTRS2101.dbc,Fora do recorte principal de CNES.
CNES,LTRS2102.dbc,2021,RS,lt_mes_02,DBC,ignorado,data/ignored/cnes/LTRS2102.dbc,Fora do recorte principal de CNES.
CNES,LTRS2103.dbc,2021,RS,lt_mes_03,DBC,ignorado,data/ignored/cnes/LTRS2103.dbc,Fora do recorte principal de CNES.
CNES,LTRS2104.dbc,2021,RS,lt_mes_04,DBC,ignorado,data/ignored/cnes/LTRS2104.dbc,Fora do recorte principal de CNES.
CNES,LTRS2105.dbc,2021,RS,lt_mes_05,DBC,ignorado,data/ignored/cnes/LTRS2105.dbc,Fora do recorte principal de CNES.
CNES,LTRS2106.dbc,2021,RS,lt_mes_06,DBC,ignorado,data/ignored/cnes/LTRS2106.dbc,Fora do recorte principal de CNES.
CNES,LTRS2107.dbc,2021,RS,lt_mes_07,DBC,ignorado,data/ignored/cnes/LTRS2107.dbc,Fora do recorte principal de CNES.
CNES,LTRS2108.dbc,2021,RS,lt_mes_08,DBC,ignorado,data/ignored/cnes/LTRS2108.dbc,Fora do recorte principal de CNES.
CNES,LTRS2109.dbc,2021,RS,lt_mes_09,DBC,ignorado,data/ignored/cnes/LTRS2109.dbc,Fora do recorte principal de CNES.
CNES,LTRS2110.dbc,2021,RS,lt_mes_10,DBC,ignorado,data/ignored/cnes/LTRS2110.dbc,Fora do recorte principal de CNES.
CNES,LTRS2111.dbc,2021,RS,lt_mes_11,DBC,ignorado,data/ignored/cnes/LTRS2111.dbc,Fora do recorte principal de CNES.
CNES,LTRS2112.dbc,2021,RS,lt_mes_12,DBC,ignorado,data/ignored/cnes/LTRS2112.dbc,Fora do recorte principal de CNES.
CNES,LTRS2201.dbc,2022,RS,lt_mes_01,DBC,ignorado,data/ignored/cnes/LTRS2201.dbc,Fora do recorte principal de CNES.
CNES,LTRS2202.dbc,2022,RS,lt_mes_02,DBC,ignorado,data/ignored/cnes/LTRS2202.dbc,Fora do recorte principal de CNES.
CNES,LTRS2203.dbc,2022,RS,lt_mes_03,DBC,ignorado,data/ignored/cnes/LTRS2203.dbc,Fora do recorte principal de CNES.
CNES,LTRS2204.dbc,2022,RS,lt_mes_04,DBC,ignorado,data/ignored/cnes/LTRS2204.dbc,Fora do recorte principal de CNES.
CNES,LTRS2205.dbc,2022,RS,lt_mes_05,DBC,ignorado,data/ignored/cnes/LTRS2205.dbc,Fora do recorte principal de CNES.
CNES,LTRS2206.dbc,2022,RS,lt_mes_06,DBC,ignorado,data/ignored/cnes/LTRS2206.dbc,Fora do recorte principal de CNES.
CNES,LTRS2207.dbc,2022,RS,lt_mes_07,DBC,ignorado,data/ignored/cnes/LTRS2207.dbc,Fora do recorte principal de CNES.
CNES,LTRS2208.dbc,2022,RS,lt_mes_08,DBC,ignorado,data/ignored/cnes/LTRS2208.dbc,Fora do recorte principal de CNES.
CNES,LTRS2209.dbc,2022,RS,lt_mes_09,DBC,ignorado,data/ignored/cnes/LTRS2209.dbc,Fora do recorte principal de CNES.
CNES,LTRS2210.dbc,2022,RS,lt_mes_10,DBC,ignorado,data/ignored/cnes/LTRS2210.dbc,Fora do recorte principal de CNES.
CNES,LTRS2211.dbc,2022,RS,lt_mes_11,DBC,ignorado,data/ignored/cnes/LTRS2211.dbc,Fora do recorte principal de CNES.
CNES,LTRS2212.dbc,2022,RS,lt_mes_12,DBC,ignorado,data/ignored/cnes/LTRS2212.dbc,Fora do recorte principal de CNES.
CNES,LTRS2301.dbc,2023,RS,lt_mes_01,DBC,ignorado,data/ignored/cnes/LTRS2301.dbc,Fora do recorte principal de CNES.
CNES,LTRS2302.dbc,2023,RS,lt_mes_02,DBC,ignorado,data/ignored/cnes/LTRS2302.dbc,Fora do recorte principal de CNES.
CNES,LTRS2303.dbc,2023,RS,lt_mes_03,DBC,ignorado,data/ignored/cnes/LTRS2303.dbc,Fora do recorte principal de CNES.
CNES,LTRS2304.dbc,2023,RS,lt_mes_04,DBC,ignorado,data/ignored/cnes/LTRS2304.dbc,Fora do recorte principal de CNES.
CNES,LTRS2305.dbc,2023,RS,lt_mes_05,DBC,ignorado,data/ignored/cnes/LTRS2305.dbc,Fora do recorte principal de CNES.
CNES,LTRS2306.dbc,2023,RS,lt_mes_06,DBC,ignorado,data/ignored/cnes/LTRS2306.dbc,Fora do recorte principal de CNES.
CNES,LTRS2307.dbc,2023,RS,lt_mes_07,DBC,ignorado,data/ignored/cnes/LTRS2307.dbc,Fora do recorte principal de CNES.
CNES,LTRS2308.dbc,2023,RS,lt_mes_08,DBC,ignorado,data/ignored/cnes/LTRS2308.dbc,Fora do recorte principal de CNES.
CNES,LTRS2309.dbc,2023,RS,lt_mes_09,DBC,ignorado,data/ignored/cnes/LTRS2309.dbc,Fora do recorte principal de CNES.
CNES,LTRS2310.dbc,2023,RS,lt_mes_10,DBC,ignorado,data/ignored/cnes/LTRS2310.dbc,Fora do recorte principal de CNES.
CNES,LTRS2311.dbc,2023,RS,lt_mes_11,DBC,ignorado,data/ignored/cnes/LTRS2311.dbc,Fora do recorte principal de CNES.
CNES,LTRS2312.dbc,2023,RS,lt_mes_12,DBC,ignorado,data/ignored/cnes/LTRS2312.dbc,Fora do recorte principal de CNES.
CNES,LTRS2401.dbc,2024,RS,lt_mes_01,DBC,ignorado,data/ignored/cnes/LTRS2401.dbc,Fora do recorte principal de CNES.
CNES,LTRS2402.dbc,2024,RS,lt_mes_02,DBC,ignorado,data/ignored/cnes/LTRS2402.dbc,Fora do recorte principal de CNES.
CNES,LTRS2403.dbc,2024,RS,lt_mes_03,DBC,ignorado,data/ignored/cnes/LTRS2403.dbc,Fora do recorte principal de CNES.
CNES,LTRS2404.dbc,2024,RS,lt_mes_04,DBC,ignorado,data/ignored/cnes/LTRS2404.dbc,Fora do recorte principal de CNES.
CNES,LTRS2405.dbc,2024,RS,lt_mes_05,DBC,ignorado,data/ignored/cnes/LTRS2405.dbc,Fora do recorte principal de CNES.
CNES,LTRS2406.dbc,2024,RS,lt_mes_06,DBC,ignorado,data/ignored/cnes/LTRS2406.dbc,Fora do recorte principal de CNES.
CNES,LTRS2407.dbc,2024,RS,lt_mes_07,DBC,ignorado,data/ignored/cnes/LTRS2407.dbc,Fora do recorte principal de CNES.
CNES,LTRS2408.dbc,2024,RS,lt_mes_08,DBC,ignorado,data/ignored/cnes/LTRS2408.dbc,Fora do recorte principal de CNES.
CNES,LTRS2409.dbc,2024,RS,lt_mes_09,DBC,ignorado,data/ignored/cnes/LTRS2409.dbc,Fora do recorte principal de CNES.
CNES,LTRS2410.dbc,2024,RS,lt_mes_10,DBC,ignorado,data/ignored/cnes/LTRS2410.dbc,Fora do recorte principal de CNES.
CNES,LTRS2411.dbc,2024,RS,lt_mes_11,DBC,ignorado,data/ignored/cnes/LTRS2411.dbc,Fora do recorte principal de CNES.
CNES,LTRS2412.dbc,2024,RS,lt_mes_12,DBC,ignorado,data/ignored/cnes/LTRS2412.dbc,Fora do recorte principal de CNES.
CNES,LTRS2501.dbc,2025,RS,lt_mes_01,DBC,ignorado,data/ignored/cnes/LTRS2501.dbc,Fora do recorte principal de CNES.
CNES,LTRS2502.dbc,2025,RS,lt_mes_02,DBC,ignorado,data/ignored/cnes/LTRS2502.dbc,Fora do recorte principal de CNES.
CNES,LTRS2503.dbc,2025,RS,lt_mes_03,DBC,ignorado,data/ignored/cnes/LTRS2503.dbc,Fora do recorte principal de CNES.
CNES,LTRS2504.dbc,2025,RS,lt_mes_04,DBC,ignorado,data/ignored/cnes/LTRS2504.dbc,Fora do recorte principal de CNES.
CNES,LTRS2505.dbc,2025,RS,lt_mes_05,DBC,ignorado,data/ignored/cnes/LTRS2505.dbc,Fora do recorte principal de CNES.
CNES,LTRS2506.dbc,2025,RS,lt_mes_06,DBC,ignorado,data/ignored/cnes/LTRS2506.dbc,Fora do recorte principal de CNES.
CNES,LTRS2507.dbc,2025,RS,lt_mes_07,DBC,ignorado,data/ignored/cnes/LTRS2507.dbc,Fora do recorte principal de CNES.
CNES,LTRS2508.dbc,2025,RS,lt_mes_08,DBC,ignorado,data/ignored/cnes/LTRS2508.dbc,Fora do recorte principal de CNES.
CNES,LTRS2509.dbc,2025,RS,lt_mes_09,DBC,ignorado,data/ignored/cnes/LTRS2509.dbc,Fora do recorte principal de CNES.
CNES,LTRS2510.dbc,2025,RS,lt_mes_10,DBC,ignorado,data/ignored/cnes/LTRS2510.dbc,Fora do recorte principal de CNES.
CNES,LTRS2511.dbc,2025,RS,lt_mes_11,DBC,ignorado,data/ignored/cnes/LTRS2511.dbc,Fora do recorte principal de CNES.
CNES,LTRS2512.dbc,2025,RS,lt_mes_12,DBC,ignorado,data/ignored/cnes/LTRS2512.dbc,Fora do recorte principal de CNES.
CNES,LTRS2601.dbc,2026,RS,lt_mes_01,DBC,ignorado,data/ignored/cnes/LTRS2601.dbc,Fora do recorte principal de CNES.
CNES,LTRS2602.dbc,2026,RS,lt_mes_02,DBC,ignorado,data/ignored/cnes/LTRS2602.dbc,Fora do recorte principal de CNES.
CNES,LTRS2603.dbc,2026,RS,lt_mes_03,DBC,ignorado,data/ignored/cnes/LTRS2603.dbc,Fora do recorte principal de CNES.
CNES,LTRS2604.dbc,2026,RS,lt_mes_04,DBC,ignorado,data/ignored/cnes/LTRS2604.dbc,Fora do recorte principal de CNES.
CNES,LTRS2605.dbc,2026,RS,lt_mes_05,DBC,ignorado,data/ignored/cnes/LTRS2605.dbc,Fora do recorte principal de CNES.
CNES,PFRS0508.dbc,2005,RS,pf_mes_08,DBC,ignorado,data/ignored/cnes/PFRS0508.dbc,Fora do recorte principal de CNES.
CNES,PFRS0509.dbc,2005,RS,pf_mes_09,DBC,ignorado,data/ignored/cnes/PFRS0509.dbc,Fora do recorte principal de CNES.
CNES,PFRS0510.dbc,2005,RS,pf_mes_10,DBC,ignorado,data/ignored/cnes/PFRS0510.dbc,Fora do recorte principal de CNES.
CNES,PFRS0511.dbc,2005,RS,pf_mes_11,DBC,ignorado,data/ignored/cnes/PFRS0511.dbc,Fora do recorte principal de CNES.
CNES,PFRS0512.dbc,2005,RS,pf_mes_12,DBC,ignorado,data/ignored/cnes/PFRS0512.dbc,Fora do recorte principal de CNES.
CNES,PFRS0601.dbc,2006,RS,pf_mes_01,DBC,ignorado,data/ignored/cnes/PFRS0601.dbc,Fora do recorte principal de CNES.
CNES,PFRS0602.dbc,2006,RS,pf_mes_02,DBC,ignorado,data/ignored/cnes/PFRS0602.dbc,Fora do recorte principal de CNES.
CNES,PFRS0603.dbc,2006,RS,pf_mes_03,DBC,ignorado,data/ignored/cnes/PFRS0603.dbc,Fora do recorte principal de CNES.
CNES,PFRS0604.dbc,2006,RS,pf_mes_04,DBC,ignorado,data/ignored/cnes/PFRS0604.dbc,Fora do recorte principal de CNES.
CNES,PFRS0605.dbc,2006,RS,pf_mes_05,DBC,ignorado,data/ignored/cnes/PFRS0605.dbc,Fora do recorte principal de CNES.
CNES,PFRS0606.dbc,2006,RS,pf_mes_06,DBC,ignorado,data/ignored/cnes/PFRS0606.dbc,Fora do recorte principal de CNES.
CNES,PFRS0607.dbc,2006,RS,pf_mes_07,DBC,ignorado,data/ignored/cnes/PFRS0607.dbc,Fora do recorte principal de CNES.
CNES,PFRS0608.dbc,2006,RS,pf_mes_08,DBC,ignorado,data/ignored/cnes/PFRS0608.dbc,Fora do recorte principal de CNES.
CNES,PFRS0609.dbc,2006,RS,pf_mes_09,DBC,ignorado,data/ignored/cnes/PFRS0609.dbc,Fora do recorte principal de CNES.
CNES,PFRS0610.dbc,2006,RS,pf_mes_10,DBC,ignorado,data/ignored/cnes/PFRS0610.dbc,Fora do recorte principal de CNES.
CNES,PFRS0611.dbc,2006,RS,pf_mes_11,DBC,ignorado,data/ignored/cnes/PFRS0611.dbc,Fora do recorte principal de CNES.
CNES,PFRS0612.dbc,2006,RS,pf_mes_12,DBC,ignorado,data/ignored/cnes/PFRS0612.dbc,Fora do recorte principal de CNES.
CNES,PFRS0701.dbc,2007,RS,pf_mes_01,DBC,ignorado,data/ignored/cnes/PFRS0701.dbc,Fora do recorte principal de CNES.
CNES,PFRS0702.dbc,2007,RS,pf_mes_02,DBC,ignorado,data/ignored/cnes/PFRS0702.dbc,Fora do recorte principal de CNES.
CNES,PFRS0703.dbc,2007,RS,pf_mes_03,DBC,ignorado,data/ignored/cnes/PFRS0703.dbc,Fora do recorte principal de CNES.
CNES,PFRS0704.dbc,2007,RS,pf_mes_04,DBC,ignorado,data/ignored/cnes/PFRS0704.dbc,Fora do recorte principal de CNES.
CNES,PFRS0705.dbc,2007,RS,pf_mes_05,DBC,ignorado,data/ignored/cnes/PFRS0705.dbc,Fora do recorte principal de CNES.
CNES,PFRS0706.dbc,2007,RS,pf_mes_06,DBC,ignorado,data/ignored/cnes/PFRS0706.dbc,Fora do recorte principal de CNES.
CNES,PFRS0707.dbc,2007,RS,pf_mes_07,DBC,ignorado,data/ignored/cnes/PFRS0707.dbc,Fora do recorte principal de CNES.
CNES,PFRS0708.dbc,2007,RS,pf_mes_08,DBC,ignorado,data/ignored/cnes/PFRS0708.dbc,Fora do recorte principal de CNES.
CNES,PFRS0709.dbc,2007,RS,pf_mes_09,DBC,ignorado,data/ignored/cnes/PFRS0709.dbc,Fora do recorte principal de CNES.
CNES,PFRS0710.dbc,2007,RS,pf_mes_10,DBC,ignorado,data/ignored/cnes/PFRS0710.dbc,Fora do recorte principal de CNES.
CNES,PFRS0711.dbc,2007,RS,pf_mes_11,DBC,ignorado,data/ignored/cnes/PFRS0711.dbc,Fora do recorte principal de CNES.
CNES,PFRS0712.dbc,2007,RS,pf_mes_12,DBC,ignorado,data/ignored/cnes/PFRS0712.dbc,Fora do recorte principal de CNES.
CNES,PFRS0801.dbc,2008,RS,pf_mes_01,DBC,ignorado,data/ignored/cnes/PFRS0801.dbc,Fora do recorte principal de CNES.
CNES,PFRS0802.dbc,2008,RS,pf_mes_02,DBC,ignorado,data/ignored/cnes/PFRS0802.dbc,Fora do recorte principal de CNES.
CNES,PFRS0803.dbc,2008,RS,pf_mes_03,DBC,ignorado,data/ignored/cnes/PFRS0803.dbc,Fora do recorte principal de CNES.
CNES,PFRS0804.dbc,2008,RS,pf_mes_04,DBC,ignorado,data/ignored/cnes/PFRS0804.dbc,Fora do recorte principal de CNES.
CNES,PFRS0805.dbc,2008,RS,pf_mes_05,DBC,ignorado,data/ignored/cnes/PFRS0805.dbc,Fora do recorte principal de CNES.
CNES,PFRS0806.dbc,2008,RS,pf_mes_06,DBC,ignorado,data/ignored/cnes/PFRS0806.dbc,Fora do recorte principal de CNES.
CNES,PFRS0807.dbc,2008,RS,pf_mes_07,DBC,ignorado,data/ignored/cnes/PFRS0807.dbc,Fora do recorte principal de CNES.
CNES,PFRS0808.dbc,2008,RS,pf_mes_08,DBC,ignorado,data/ignored/cnes/PFRS0808.dbc,Fora do recorte principal de CNES.
CNES,PFRS0809.dbc,2008,RS,pf_mes_09,DBC,ignorado,data/ignored/cnes/PFRS0809.dbc,Fora do recorte principal de CNES.
CNES,PFRS0810.dbc,2008,RS,pf_mes_10,DBC,ignorado,data/ignored/cnes/PFRS0810.dbc,Fora do recorte principal de CNES.
CNES,PFRS0811.dbc,2008,RS,pf_mes_11,DBC,ignorado,data/ignored/cnes/PFRS0811.dbc,Fora do recorte principal de CNES.
CNES,PFRS0812.dbc,2008,RS,pf_mes_12,DBC,ignorado,data/ignored/cnes/PFRS0812.dbc,Fora do recorte principal de CNES.
CNES,PFRS0901.dbc,2009,RS,pf_mes_01,DBC,ignorado,data/ignored/cnes/PFRS0901.dbc,Fora do recorte principal de CNES.
CNES,PFRS0902.dbc,2009,RS,pf_mes_02,DBC,ignorado,data/ignored/cnes/PFRS0902.dbc,Fora do recorte principal de CNES.
CNES,PFRS0903.dbc,2009,RS,pf_mes_03,DBC,ignorado,data/ignored/cnes/PFRS0903.dbc,Fora do recorte principal de CNES.
CNES,PFRS0904.dbc,2009,RS,pf_mes_04,DBC,ignorado,data/ignored/cnes/PFRS0904.dbc,Fora do recorte principal de CNES.
CNES,PFRS0905.dbc,2009,RS,pf_mes_05,DBC,ignorado,data/ignored/cnes/PFRS0905.dbc,Fora do recorte principal de CNES.
CNES,PFRS0906.dbc,2009,RS,pf_mes_06,DBC,ignorado,data/ignored/cnes/PFRS0906.dbc,Fora do recorte principal de CNES.
CNES,PFRS0907.dbc,2009,RS,pf_mes_07,DBC,ignorado,data/ignored/cnes/PFRS0907.dbc,Fora do recorte principal de CNES.
CNES,PFRS0908.dbc,2009,RS,pf_mes_08,DBC,ignorado,data/ignored/cnes/PFRS0908.dbc,Fora do recorte principal de CNES.
CNES,PFRS0909.dbc,2009,RS,pf_mes_09,DBC,ignorado,data/ignored/cnes/PFRS0909.dbc,Fora do recorte principal de CNES.
CNES,PFRS0910.dbc,2009,RS,pf_mes_10,DBC,ignorado,data/ignored/cnes/PFRS0910.dbc,Fora do recorte principal de CNES.
CNES,PFRS0911.dbc,2009,RS,pf_mes_11,DBC,ignorado,data/ignored/cnes/PFRS0911.dbc,Fora do recorte principal de CNES.
CNES,PFRS0912.dbc,2009,RS,pf_mes_12,DBC,ignorado,data/ignored/cnes/PFRS0912.dbc,Fora do recorte principal de CNES.
CNES,PFRS1001.dbc,2010,RS,pf_mes_01,DBC,ignorado,data/ignored/cnes/PFRS1001.dbc,Fora do recorte principal de CNES.
CNES,PFRS1002.dbc,2010,RS,pf_mes_02,DBC,ignorado,data/ignored/cnes/PFRS1002.dbc,Fora do recorte principal de CNES.
CNES,PFRS1003.dbc,2010,RS,pf_mes_03,DBC,ignorado,data/ignored/cnes/PFRS1003.dbc,Fora do recorte principal de CNES.
CNES,PFRS1004.dbc,2010,RS,pf_mes_04,DBC,ignorado,data/ignored/cnes/PFRS1004.dbc,Fora do recorte principal de CNES.
CNES,PFRS1005.dbc,2010,RS,pf_mes_05,DBC,ignorado,data/ignored/cnes/PFRS1005.dbc,Fora do recorte principal de CNES.
CNES,PFRS1006.dbc,2010,RS,pf_mes_06,DBC,ignorado,data/ignored/cnes/PFRS1006.dbc,Fora do recorte principal de CNES.
CNES,PFRS1007.dbc,2010,RS,pf_mes_07,DBC,ignorado,data/ignored/cnes/PFRS1007.dbc,Fora do recorte principal de CNES.
CNES,PFRS1008.dbc,2010,RS,pf_mes_08,DBC,ignorado,data/ignored/cnes/PFRS1008.dbc,Fora do recorte principal de CNES.
CNES,PFRS1009.dbc,2010,RS,pf_mes_09,DBC,ignorado,data/ignored/cnes/PFRS1009.dbc,Fora do recorte principal de CNES.
CNES,PFRS1010.dbc,2010,RS,pf_mes_10,DBC,ignorado,data/ignored/cnes/PFRS1010.dbc,Fora do recorte principal de CNES.
CNES,PFRS1011.dbc,2010,RS,pf_mes_11,DBC,ignorado,data/ignored/cnes/PFRS1011.dbc,Fora do recorte principal de CNES.
CNES,PFRS1012.dbc,2010,RS,pf_mes_12,DBC,ignorado,data/ignored/cnes/PFRS1012.dbc,Fora do recorte principal de CNES.
CNES,PFRS1101.dbc,2011,RS,pf_mes_01,DBC,ignorado,data/ignored/cnes/PFRS1101.dbc,Fora do recorte principal de CNES.
CNES,PFRS1102.dbc,2011,RS,pf_mes_02,DBC,ignorado,data/ignored/cnes/PFRS1102.dbc,Fora do recorte principal de CNES.
CNES,PFRS1103.dbc,2011,RS,pf_mes_03,DBC,ignorado,data/ignored/cnes/PFRS1103.dbc,Fora do recorte principal de CNES.
CNES,PFRS1104.dbc,2011,RS,pf_mes_04,DBC,ignorado,data/ignored/cnes/PFRS1104.dbc,Fora do recorte principal de CNES.
CNES,PFRS1105.dbc,2011,RS,pf_mes_05,DBC,ignorado,data/ignored/cnes/PFRS1105.dbc,Fora do recorte principal de CNES.
CNES,PFRS1106.dbc,2011,RS,pf_mes_06,DBC,ignorado,data/ignored/cnes/PFRS1106.dbc,Fora do recorte principal de CNES.
CNES,PFRS1107.dbc,2011,RS,pf_mes_07,DBC,ignorado,data/ignored/cnes/PFRS1107.dbc,Fora do recorte principal de CNES.
CNES,PFRS1108.dbc,2011,RS,pf_mes_08,DBC,ignorado,data/ignored/cnes/PFRS1108.dbc,Fora do recorte principal de CNES.
CNES,PFRS1109.dbc,2011,RS,pf_mes_09,DBC,ignorado,data/ignored/cnes/PFRS1109.dbc,Fora do recorte principal de CNES.
CNES,PFRS1110.dbc,2011,RS,pf_mes_10,DBC,ignorado,data/ignored/cnes/PFRS1110.dbc,Fora do recorte principal de CNES.
CNES,PFRS1111.dbc,2011,RS,pf_mes_11,DBC,ignorado,data/ignored/cnes/PFRS1111.dbc,Fora do recorte principal de CNES.
CNES,PFRS1112.dbc,2011,RS,pf_mes_12,DBC,ignorado,data/ignored/cnes/PFRS1112.dbc,Fora do recorte principal de CNES.
CNES,PFRS1201.dbc,2012,RS,pf_mes_01,DBC,ignorado,data/ignored/cnes/PFRS1201.dbc,Fora do recorte principal de CNES.
CNES,PFRS1202.dbc,2012,RS,pf_mes_02,DBC,ignorado,data/ignored/cnes/PFRS1202.dbc,Fora do recorte principal de CNES.
CNES,PFRS1203.dbc,2012,RS,pf_mes_03,DBC,ignorado,data/ignored/cnes/PFRS1203.dbc,Fora do recorte principal de CNES.
CNES,PFRS1204.dbc,2012,RS,pf_mes_04,DBC,ignorado,data/ignored/cnes/PFRS1204.dbc,Fora do recorte principal de CNES.
CNES,PFRS1205.dbc,2012,RS,pf_mes_05,DBC,ignorado,data/ignored/cnes/PFRS1205.dbc,Fora do recorte principal de CNES.
CNES,PFRS1206.dbc,2012,RS,pf_mes_06,DBC,ignorado,data/ignored/cnes/PFRS1206.dbc,Fora do recorte principal de CNES.
CNES,PFRS1207.dbc,2012,RS,pf_mes_07,DBC,ignorado,data/ignored/cnes/PFRS1207.dbc,Fora do recorte principal de CNES.
CNES,PFRS1208.dbc,2012,RS,pf_mes_08,DBC,ignorado,data/ignored/cnes/PFRS1208.dbc,Fora do recorte principal de CNES.
CNES,PFRS1209.dbc,2012,RS,pf_mes_09,DBC,ignorado,data/ignored/cnes/PFRS1209.dbc,Fora do recorte principal de CNES.
CNES,PFRS1210.dbc,2012,RS,pf_mes_10,DBC,ignorado,data/ignored/cnes/PFRS1210.dbc,Fora do recorte principal de CNES.
CNES,PFRS1211.dbc,2012,RS,pf_mes_11,DBC,ignorado,data/ignored/cnes/PFRS1211.dbc,Fora do recorte principal de CNES.
CNES,PFRS1212.dbc,2012,RS,pf_mes_12,DBC,ignorado,data/ignored/cnes/PFRS1212.dbc,Fora do recorte principal de CNES.
CNES,PFRS1301.dbc,2013,RS,pf_mes_01,DBC,ignorado,data/ignored/cnes/PFRS1301.dbc,Fora do recorte principal de CNES.
CNES,PFRS1302.dbc,2013,RS,pf_mes_02,DBC,ignorado,data/ignored/cnes/PFRS1302.dbc,Fora do recorte principal de CNES.
CNES,PFRS1303.dbc,2013,RS,pf_mes_03,DBC,ignorado,data/ignored/cnes/PFRS1303.dbc,Fora do recorte principal de CNES.
CNES,PFRS1304.dbc,2013,RS,pf_mes_04,DBC,ignorado,data/ignored/cnes/PFRS1304.dbc,Fora do recorte principal de CNES.
CNES,PFRS1305.dbc,2013,RS,pf_mes_05,DBC,ignorado,data/ignored/cnes/PFRS1305.dbc,Fora do recorte principal de CNES.
CNES,PFRS1306.dbc,2013,RS,pf_mes_06,DBC,ignorado,data/ignored/cnes/PFRS1306.dbc,Fora do recorte principal de CNES.
CNES,PFRS1307.dbc,2013,RS,pf_mes_07,DBC,ignorado,data/ignored/cnes/PFRS1307.dbc,Fora do recorte principal de CNES.
CNES,PFRS1308.dbc,2013,RS,pf_mes_08,DBC,ignorado,data/ignored/cnes/PFRS1308.dbc,Fora do recorte principal de CNES.
CNES,PFRS1309.dbc,2013,RS,pf_mes_09,DBC,ignorado,data/ignored/cnes/PFRS1309.dbc,Fora do recorte principal de CNES.
CNES,PFRS1310.dbc,2013,RS,pf_mes_10,DBC,ignorado,data/ignored/cnes/PFRS1310.dbc,Fora do recorte principal de CNES.
CNES,PFRS1311.dbc,2013,RS,pf_mes_11,DBC,ignorado,data/ignored/cnes/PFRS1311.dbc,Fora do recorte principal de CNES.
CNES,PFRS1312.dbc,2013,RS,pf_mes_12,DBC,ignorado,data/ignored/cnes/PFRS1312.dbc,Fora do recorte principal de CNES.
CNES,PFRS1401.dbc,2014,RS,pf_mes_01,DBC,ignorado,data/ignored/cnes/PFRS1401.dbc,Fora do recorte principal de CNES.
CNES,PFRS1402.dbc,2014,RS,pf_mes_02,DBC,ignorado,data/ignored/cnes/PFRS1402.dbc,Fora do recorte principal de CNES.
CNES,PFRS1403.dbc,2014,RS,pf_mes_03,DBC,ignorado,data/ignored/cnes/PFRS1403.dbc,Fora do recorte principal de CNES.
CNES,PFRS1404.dbc,2014,RS,pf_mes_04,DBC,ignorado,data/ignored/cnes/PFRS1404.dbc,Fora do recorte principal de CNES.
CNES,PFRS1405.dbc,2014,RS,pf_mes_05,DBC,ignorado,data/ignored/cnes/PFRS1405.dbc,Fora do recorte principal de CNES.
CNES,PFRS1406.dbc,2014,RS,pf_mes_06,DBC,ignorado,data/ignored/cnes/PFRS1406.dbc,Fora do recorte principal de CNES.
CNES,PFRS1407.dbc,2014,RS,pf_mes_07,DBC,ignorado,data/ignored/cnes/PFRS1407.dbc,Fora do recorte principal de CNES.
CNES,PFRS1408.dbc,2014,RS,pf_mes_08,DBC,ignorado,data/ignored/cnes/PFRS1408.dbc,Fora do recorte principal de CNES.
CNES,PFRS1409.dbc,2014,RS,pf_mes_09,DBC,ignorado,data/ignored/cnes/PFRS1409.dbc,Fora do recorte principal de CNES.
CNES,PFRS1410.dbc,2014,RS,pf_mes_10,DBC,ignorado,data/ignored/cnes/PFRS1410.dbc,Fora do recorte principal de CNES.
CNES,PFRS1411.dbc,2014,RS,pf_mes_11,DBC,ignorado,data/ignored/cnes/PFRS1411.dbc,Fora do recorte principal de CNES.
CNES,PFRS1412.dbc,2014,RS,pf_mes_12,DBC,ignorado,data/ignored/cnes/PFRS1412.dbc,Fora do recorte principal de CNES.
CNES,PFRS1501.dbc,2015,RS,pf_mes_01,DBC,ignorado,data/ignored/cnes/PFRS1501.dbc,Fora do recorte principal de CNES.
CNES,PFRS1502.dbc,2015,RS,pf_mes_02,DBC,ignorado,data/ignored/cnes/PFRS1502.dbc,Fora do recorte principal de CNES.
CNES,PFRS1503.dbc,2015,RS,pf_mes_03,DBC,ignorado,data/ignored/cnes/PFRS1503.dbc,Fora do recorte principal de CNES.
CNES,PFRS1504.dbc,2015,RS,pf_mes_04,DBC,ignorado,data/ignored/cnes/PFRS1504.dbc,Fora do recorte principal de CNES.
CNES,PFRS1505.dbc,2015,RS,pf_mes_05,DBC,ignorado,data/ignored/cnes/PFRS1505.dbc,Fora do recorte principal de CNES.
CNES,PFRS1506.dbc,2015,RS,pf_mes_06,DBC,ignorado,data/ignored/cnes/PFRS1506.dbc,Fora do recorte principal de CNES.
CNES,PFRS1507.dbc,2015,RS,pf_mes_07,DBC,ignorado,data/ignored/cnes/PFRS1507.dbc,Fora do recorte principal de CNES.
CNES,PFRS1508.dbc,2015,RS,pf_mes_08,DBC,ignorado,data/ignored/cnes/PFRS1508.dbc,Fora do recorte principal de CNES.
CNES,PFRS1509.dbc,2015,RS,pf_mes_09,DBC,ignorado,data/ignored/cnes/PFRS1509.dbc,Fora do recorte principal de CNES.
CNES,PFRS1510.dbc,2015,RS,pf_mes_10,DBC,ignorado,data/ignored/cnes/PFRS1510.dbc,Fora do recorte principal de CNES.
CNES,PFRS1511.dbc,2015,RS,pf_mes_11,DBC,ignorado,data/ignored/cnes/PFRS1511.dbc,Fora do recorte principal de CNES.
CNES,PFRS1512.dbc,2015,RS,pf_mes_12,DBC,ignorado,data/ignored/cnes/PFRS1512.dbc,Fora do recorte principal de CNES.
CNES,PFRS1601.dbc,2016,RS,pf_mes_01,DBC,ignorado,data/ignored/cnes/PFRS1601.dbc,Fora do recorte principal de CNES.
CNES,PFRS1602.dbc,2016,RS,pf_mes_02,DBC,ignorado,data/ignored/cnes/PFRS1602.dbc,Fora do recorte principal de CNES.
CNES,PFRS1603.dbc,2016,RS,pf_mes_03,DBC,ignorado,data/ignored/cnes/PFRS1603.dbc,Fora do recorte principal de CNES.
CNES,PFRS1604.dbc,2016,RS,pf_mes_04,DBC,ignorado,data/ignored/cnes/PFRS1604.dbc,Fora do recorte principal de CNES.
CNES,PFRS1605.dbc,2016,RS,pf_mes_05,DBC,ignorado,data/ignored/cnes/PFRS1605.dbc,Fora do recorte principal de CNES.
CNES,PFRS1606.dbc,2016,RS,pf_mes_06,DBC,ignorado,data/ignored/cnes/PFRS1606.dbc,Fora do recorte principal de CNES.
CNES,PFRS1607.dbc,2016,RS,pf_mes_07,DBC,ignorado,data/ignored/cnes/PFRS1607.dbc,Fora do recorte principal de CNES.
CNES,PFRS1608.dbc,2016,RS,pf_mes_08,DBC,ignorado,data/ignored/cnes/PFRS1608.dbc,Fora do recorte principal de CNES.
CNES,PFRS1609.dbc,2016,RS,pf_mes_09,DBC,ignorado,data/ignored/cnes/PFRS1609.dbc,Fora do recorte principal de CNES.
CNES,PFRS1610.dbc,2016,RS,pf_mes_10,DBC,ignorado,data/ignored/cnes/PFRS1610.dbc,Fora do recorte principal de CNES.
CNES,PFRS1611.dbc,2016,RS,pf_mes_11,DBC,ignorado,data/ignored/cnes/PFRS1611.dbc,Fora do recorte principal de CNES.
CNES,PFRS1612.dbc,2016,RS,pf_mes_12,DBC,ignorado,data/ignored/cnes/PFRS1612.dbc,Fora do recorte principal de CNES.
CNES,PFRS1701.dbc,2017,RS,pf_mes_01,DBC,ignorado,data/ignored/cnes/PFRS1701.dbc,Fora do recorte principal de CNES.
CNES,PFRS1702.dbc,2017,RS,pf_mes_02,DBC,ignorado,data/ignored/cnes/PFRS1702.dbc,Fora do recorte principal de CNES.
CNES,PFRS1703.dbc,2017,RS,pf_mes_03,DBC,ignorado,data/ignored/cnes/PFRS1703.dbc,Fora do recorte principal de CNES.
CNES,PFRS1704.dbc,2017,RS,pf_mes_04,DBC,ignorado,data/ignored/cnes/PFRS1704.dbc,Fora do recorte principal de CNES.
CNES,PFRS1705.dbc,2017,RS,pf_mes_05,DBC,ignorado,data/ignored/cnes/PFRS1705.dbc,Fora do recorte principal de CNES.
CNES,PFRS1706.dbc,2017,RS,pf_mes_06,DBC,ignorado,data/ignored/cnes/PFRS1706.dbc,Fora do recorte principal de CNES.
CNES,PFRS1707.dbc,2017,RS,pf_mes_07,DBC,ignorado,data/ignored/cnes/PFRS1707.dbc,Fora do recorte principal de CNES.
CNES,PFRS1708.dbc,2017,RS,pf_mes_08,DBC,ignorado,data/ignored/cnes/PFRS1708.dbc,Fora do recorte principal de CNES.
CNES,PFRS1709.dbc,2017,RS,pf_mes_09,DBC,ignorado,data/ignored/cnes/PFRS1709.dbc,Fora do recorte principal de CNES.
CNES,PFRS1710.dbc,2017,RS,pf_mes_10,DBC,ignorado,data/ignored/cnes/PFRS1710.dbc,Fora do recorte principal de CNES.
CNES,PFRS1711.dbc,2017,RS,pf_mes_11,DBC,ignorado,data/ignored/cnes/PFRS1711.dbc,Fora do recorte principal de CNES.
CNES,PFRS1712.dbc,2017,RS,pf_mes_12,DBC,ignorado,data/ignored/cnes/PFRS1712.dbc,Fora do recorte principal de CNES.
CNES,PFRS1801.dbc,2018,RS,pf_mes_01,DBC,ignorado,data/ignored/cnes/PFRS1801.dbc,Fora do recorte principal de CNES.
CNES,PFRS1802.dbc,2018,RS,pf_mes_02,DBC,ignorado,data/ignored/cnes/PFRS1802.dbc,Fora do recorte principal de CNES.
CNES,PFRS1803.dbc,2018,RS,pf_mes_03,DBC,ignorado,data/ignored/cnes/PFRS1803.dbc,Fora do recorte principal de CNES.
CNES,PFRS1804.dbc,2018,RS,pf_mes_04,DBC,ignorado,data/ignored/cnes/PFRS1804.dbc,Fora do recorte principal de CNES.
CNES,PFRS1805.dbc,2018,RS,pf_mes_05,DBC,ignorado,data/ignored/cnes/PFRS1805.dbc,Fora do recorte principal de CNES.
CNES,PFRS1806.dbc,2018,RS,pf_mes_06,DBC,ignorado,data/ignored/cnes/PFRS1806.dbc,Fora do recorte principal de CNES.
CNES,PFRS1807.dbc,2018,RS,pf_mes_07,DBC,ignorado,data/ignored/cnes/PFRS1807.dbc,Fora do recorte principal de CNES.
CNES,PFRS1808.dbc,2018,RS,pf_mes_08,DBC,ignorado,data/ignored/cnes/PFRS1808.dbc,Fora do recorte principal de CNES.
CNES,PFRS1809.dbc,2018,RS,pf_mes_09,DBC,ignorado,data/ignored/cnes/PFRS1809.dbc,Fora do recorte principal de CNES.
CNES,PFRS1810.dbc,2018,RS,pf_mes_10,DBC,ignorado,data/ignored/cnes/PFRS1810.dbc,Fora do recorte principal de CNES.
CNES,PFRS1811.dbc,2018,RS,pf_mes_11,DBC,ignorado,data/ignored/cnes/PFRS1811.dbc,Fora do recorte principal de CNES.
CNES,PFRS1812.dbc,2018,RS,pf_mes_12,DBC,ignorado,data/ignored/cnes/PFRS1812.dbc,Fora do recorte principal de CNES.
CNES,PFRS1901.dbc,2019,RS,pf_mes_01,DBC,ignorado,data/ignored/cnes/PFRS1901.dbc,Fora do recorte principal de CNES.
CNES,PFRS1902.dbc,2019,RS,pf_mes_02,DBC,ignorado,data/ignored/cnes/PFRS1902.dbc,Fora do recorte principal de CNES.
CNES,PFRS1903.dbc,2019,RS,pf_mes_03,DBC,ignorado,data/ignored/cnes/PFRS1903.dbc,Fora do recorte principal de CNES.
CNES,PFRS1904.dbc,2019,RS,pf_mes_04,DBC,ignorado,data/ignored/cnes/PFRS1904.dbc,Fora do recorte principal de CNES.
CNES,PFRS1905.dbc,2019,RS,pf_mes_05,DBC,ignorado,data/ignored/cnes/PFRS1905.dbc,Fora do recorte principal de CNES.
CNES,PFRS1906.dbc,2019,RS,pf_mes_06,DBC,ignorado,data/ignored/cnes/PFRS1906.dbc,Fora do recorte principal de CNES.
CNES,PFRS1907.dbc,2019,RS,pf_mes_07,DBC,ignorado,data/ignored/cnes/PFRS1907.dbc,Fora do recorte principal de CNES.
CNES,PFRS1908.dbc,2019,RS,pf_mes_08,DBC,ignorado,data/ignored/cnes/PFRS1908.dbc,Fora do recorte principal de CNES.
CNES,PFRS1909.dbc,2019,RS,pf_mes_09,DBC,ignorado,data/ignored/cnes/PFRS1909.dbc,Fora do recorte principal de CNES.
CNES,PFRS1910.dbc,2019,RS,pf_mes_10,DBC,ignorado,data/ignored/cnes/PFRS1910.dbc,Fora do recorte principal de CNES.
CNES,PFRS1911.dbc,2019,RS,pf_mes_11,DBC,ignorado,data/ignored/cnes/PFRS1911.dbc,Fora do recorte principal de CNES.
CNES,PFRS1912.dbc,2019,RS,pf_mes_12,DBC,ignorado,data/ignored/cnes/PFRS1912.dbc,Fora do recorte principal de CNES.
CNES,PFRS2001.dbc,2020,RS,pf_mes_01,DBC,ignorado,data/ignored/cnes/PFRS2001.dbc,Fora do recorte principal de CNES.
CNES,PFRS2002.dbc,2020,RS,pf_mes_02,DBC,ignorado,data/ignored/cnes/PFRS2002.dbc,Fora do recorte principal de CNES.
CNES,PFRS2003.dbc,2020,RS,pf_mes_03,DBC,ignorado,data/ignored/cnes/PFRS2003.dbc,Fora do recorte principal de CNES.
CNES,PFRS2004.dbc,2020,RS,pf_mes_04,DBC,ignorado,data/ignored/cnes/PFRS2004.dbc,Fora do recorte principal de CNES.
CNES,PFRS2005.dbc,2020,RS,pf_mes_05,DBC,ignorado,data/ignored/cnes/PFRS2005.dbc,Fora do recorte principal de CNES.
CNES,PFRS2006.dbc,2020,RS,pf_mes_06,DBC,ignorado,data/ignored/cnes/PFRS2006.dbc,Fora do recorte principal de CNES.
CNES,PFRS2007.dbc,2020,RS,pf_mes_07,DBC,ignorado,data/ignored/cnes/PFRS2007.dbc,Fora do recorte principal de CNES.
CNES,PFRS2008.dbc,2020,RS,pf_mes_08,DBC,ignorado,data/ignored/cnes/PFRS2008.dbc,Fora do recorte principal de CNES.
CNES,PFRS2009.dbc,2020,RS,pf_mes_09,DBC,ignorado,data/ignored/cnes/PFRS2009.dbc,Fora do recorte principal de CNES.
CNES,PFRS2010.dbc,2020,RS,pf_mes_10,DBC,ignorado,data/ignored/cnes/PFRS2010.dbc,Fora do recorte principal de CNES.
CNES,PFRS2011.dbc,2020,RS,pf_mes_11,DBC,ignorado,data/ignored/cnes/PFRS2011.dbc,Fora do recorte principal de CNES.
CNES,PFRS2012.dbc,2020,RS,pf_mes_12,DBC,ignorado,data/ignored/cnes/PFRS2012.dbc,Fora do recorte principal de CNES.
CNES,PFRS2101.dbc,2021,RS,pf_mes_01,DBC,ignorado,data/ignored/cnes/PFRS2101.dbc,Fora do recorte principal de CNES.
CNES,PFRS2102.dbc,2021,RS,pf_mes_02,DBC,ignorado,data/ignored/cnes/PFRS2102.dbc,Fora do recorte principal de CNES.
CNES,PFRS2103.dbc,2021,RS,pf_mes_03,DBC,ignorado,data/ignored/cnes/PFRS2103.dbc,Fora do recorte principal de CNES.
CNES,PFRS2104.dbc,2021,RS,pf_mes_04,DBC,ignorado,data/ignored/cnes/PFRS2104.dbc,Fora do recorte principal de CNES.
CNES,PFRS2105.dbc,2021,RS,pf_mes_05,DBC,ignorado,data/ignored/cnes/PFRS2105.dbc,Fora do recorte principal de CNES.
CNES,PFRS2106.dbc,2021,RS,pf_mes_06,DBC,ignorado,data/ignored/cnes/PFRS2106.dbc,Fora do recorte principal de CNES.
CNES,PFRS2107.dbc,2021,RS,pf_mes_07,DBC,ignorado,data/ignored/cnes/PFRS2107.dbc,Fora do recorte principal de CNES.
CNES,PFRS2108.dbc,2021,RS,pf_mes_08,DBC,ignorado,data/ignored/cnes/PFRS2108.dbc,Fora do recorte principal de CNES.
CNES,PFRS2109.dbc,2021,RS,pf_mes_09,DBC,ignorado,data/ignored/cnes/PFRS2109.dbc,Fora do recorte principal de CNES.
CNES,PFRS2110.dbc,2021,RS,pf_mes_10,DBC,ignorado,data/ignored/cnes/PFRS2110.dbc,Fora do recorte principal de CNES.
CNES,PFRS2111.dbc,2021,RS,pf_mes_11,DBC,ignorado,data/ignored/cnes/PFRS2111.dbc,Fora do recorte principal de CNES.
CNES,PFRS2112.dbc,2021,RS,pf_mes_12,DBC,ignorado,data/ignored/cnes/PFRS2112.dbc,Fora do recorte principal de CNES.
CNES,PFRS2201.dbc,2022,RS,pf_mes_01,DBC,ignorado,data/ignored/cnes/PFRS2201.dbc,Fora do recorte principal de CNES.
CNES,PFRS2202.dbc,2022,RS,pf_mes_02,DBC,ignorado,data/ignored/cnes/PFRS2202.dbc,Fora do recorte principal de CNES.
CNES,PFRS2203.dbc,2022,RS,pf_mes_03,DBC,ignorado,data/ignored/cnes/PFRS2203.dbc,Fora do recorte principal de CNES.
CNES,PFRS2204.dbc,2022,RS,pf_mes_04,DBC,ignorado,data/ignored/cnes/PFRS2204.dbc,Fora do recorte principal de CNES.
CNES,PFRS2205.dbc,2022,RS,pf_mes_05,DBC,ignorado,data/ignored/cnes/PFRS2205.dbc,Fora do recorte principal de CNES.
CNES,PFRS2206.dbc,2022,RS,pf_mes_06,DBC,ignorado,data/ignored/cnes/PFRS2206.dbc,Fora do recorte principal de CNES.
CNES,PFRS2207.dbc,2022,RS,pf_mes_07,DBC,ignorado,data/ignored/cnes/PFRS2207.dbc,Fora do recorte principal de CNES.
CNES,PFRS2208.dbc,2022,RS,pf_mes_08,DBC,ignorado,data/ignored/cnes/PFRS2208.dbc,Fora do recorte principal de CNES.
CNES,PFRS2209.dbc,2022,RS,pf_mes_09,DBC,ignorado,data/ignored/cnes/PFRS2209.dbc,Fora do recorte principal de CNES.
CNES,PFRS2210.dbc,2022,RS,pf_mes_10,DBC,ignorado,data/ignored/cnes/PFRS2210.dbc,Fora do recorte principal de CNES.
CNES,PFRS2211.dbc,2022,RS,pf_mes_11,DBC,ignorado,data/ignored/cnes/PFRS2211.dbc,Fora do recorte principal de CNES.
CNES,PFRS2212.dbc,2022,RS,pf_mes_12,DBC,ignorado,data/ignored/cnes/PFRS2212.dbc,Fora do recorte principal de CNES.
CNES,PFRS2301.dbc,2023,RS,pf_mes_01,DBC,ignorado,data/ignored/cnes/PFRS2301.dbc,Fora do recorte principal de CNES.
CNES,PFRS2302.dbc,2023,RS,pf_mes_02,DBC,ignorado,data/ignored/cnes/PFRS2302.dbc,Fora do recorte principal de CNES.
CNES,PFRS2303.dbc,2023,RS,pf_mes_03,DBC,ignorado,data/ignored/cnes/PFRS2303.dbc,Fora do recorte principal de CNES.
CNES,PFRS2304.dbc,2023,RS,pf_mes_04,DBC,ignorado,data/ignored/cnes/PFRS2304.dbc,Fora do recorte principal de CNES.
CNES,PFRS2305.dbc,2023,RS,pf_mes_05,DBC,ignorado,data/ignored/cnes/PFRS2305.dbc,Fora do recorte principal de CNES.
CNES,PFRS2306.dbc,2023,RS,pf_mes_06,DBC,ignorado,data/ignored/cnes/PFRS2306.dbc,Fora do recorte principal de CNES.
CNES,PFRS2307.dbc,2023,RS,pf_mes_07,DBC,ignorado,data/ignored/cnes/PFRS2307.dbc,Fora do recorte principal de CNES.
CNES,PFRS2308.dbc,2023,RS,pf_mes_08,DBC,ignorado,data/ignored/cnes/PFRS2308.dbc,Fora do recorte principal de CNES.
CNES,PFRS2309.dbc,2023,RS,pf_mes_09,DBC,ignorado,data/ignored/cnes/PFRS2309.dbc,Fora do recorte principal de CNES.
CNES,PFRS2310.dbc,2023,RS,pf_mes_10,DBC,ignorado,data/ignored/cnes/PFRS2310.dbc,Fora do recorte principal de CNES.
CNES,PFRS2311.dbc,2023,RS,pf_mes_11,DBC,ignorado,data/ignored/cnes/PFRS2311.dbc,Fora do recorte principal de CNES.
CNES,PFRS2312.dbc,2023,RS,pf_mes_12,DBC,ignorado,data/ignored/cnes/PFRS2312.dbc,Fora do recorte principal de CNES.
CNES,PFRS2401.dbc,2024,RS,pf_mes_01,DBC,ignorado,data/ignored/cnes/PFRS2401.dbc,Fora do recorte principal de CNES.
CNES,PFRS2402.dbc,2024,RS,pf_mes_02,DBC,ignorado,data/ignored/cnes/PFRS2402.dbc,Fora do recorte principal de CNES.
CNES,PFRS2403.dbc,2024,RS,pf_mes_03,DBC,ignorado,data/ignored/cnes/PFRS2403.dbc,Fora do recorte principal de CNES.
CNES,PFRS2404.dbc,2024,RS,pf_mes_04,DBC,ignorado,data/ignored/cnes/PFRS2404.dbc,Fora do recorte principal de CNES.
CNES,PFRS2405.dbc,2024,RS,pf_mes_05,DBC,ignorado,data/ignored/cnes/PFRS2405.dbc,Fora do recorte principal de CNES.
CNES,PFRS2406.dbc,2024,RS,pf_mes_06,DBC,ignorado,data/ignored/cnes/PFRS2406.dbc,Fora do recorte principal de CNES.
CNES,PFRS2407.dbc,2024,RS,pf_mes_07,DBC,ignorado,data/ignored/cnes/PFRS2407.dbc,Fora do recorte principal de CNES.
CNES,PFRS2408.dbc,2024,RS,pf_mes_08,DBC,ignorado,data/ignored/cnes/PFRS2408.dbc,Fora do recorte principal de CNES.
CNES,PFRS2409.dbc,2024,RS,pf_mes_09,DBC,ignorado,data/ignored/cnes/PFRS2409.dbc,Fora do recorte principal de CNES.
CNES,PFRS2410.dbc,2024,RS,pf_mes_10,DBC,ignorado,data/ignored/cnes/PFRS2410.dbc,Fora do recorte principal de CNES.
CNES,PFRS2411.dbc,2024,RS,pf_mes_11,DBC,ignorado,data/ignored/cnes/PFRS2411.dbc,Fora do recorte principal de CNES.
CNES,PFRS2412.dbc,2024,RS,pf_mes_12,DBC,ignorado,data/ignored/cnes/PFRS2412.dbc,Fora do recorte principal de CNES.
CNES,PFRS2501.dbc,2025,RS,pf_mes_01,DBC,ignorado,data/ignored/cnes/PFRS2501.dbc,Fora do recorte principal de CNES.
CNES,PFRS2502.dbc,2025,RS,pf_mes_02,DBC,ignorado,data/ignored/cnes/PFRS2502.dbc,Fora do recorte principal de CNES.
CNES,PFRS2503.dbc,2025,RS,pf_mes_03,DBC,ignorado,data/ignored/cnes/PFRS2503.dbc,Fora do recorte principal de CNES.
CNES,PFRS2504.dbc,2025,RS,pf_mes_04,DBC,ignorado,data/ignored/cnes/PFRS2504.dbc,Fora do recorte principal de CNES.
CNES,PFRS2505.dbc,2025,RS,pf_mes_05,DBC,ignorado,data/ignored/cnes/PFRS2505.dbc,Fora do recorte principal de CNES.
CNES,PFRS2506.dbc,2025,RS,pf_mes_06,DBC,ignorado,data/ignored/cnes/PFRS2506.dbc,Fora do recorte principal de CNES.
CNES,PFRS2507.dbc,2025,RS,pf_mes_07,DBC,ignorado,data/ignored/cnes/PFRS2507.dbc,Fora do recorte principal de CNES.
CNES,PFRS2508.dbc,2025,RS,pf_mes_08,DBC,ignorado,data/ignored/cnes/PFRS2508.dbc,Fora do recorte principal de CNES.
CNES,PFRS2509.dbc,2025,RS,pf_mes_09,DBC,ignorado,data/ignored/cnes/PFRS2509.dbc,Fora do recorte principal de CNES.
CNES,PFRS2510.dbc,2025,RS,pf_mes_10,DBC,ignorado,data/ignored/cnes/PFRS2510.dbc,Fora do recorte principal de CNES.
CNES,PFRS2511.dbc,2025,RS,pf_mes_11,DBC,ignorado,data/ignored/cnes/PFRS2511.dbc,Fora do recorte principal de CNES.
CNES,PFRS2512.dbc,2025,RS,pf_mes_12,DBC,ignorado,data/ignored/cnes/PFRS2512.dbc,Fora do recorte principal de CNES.
CNES,PFRS2601.dbc,2026,RS,pf_mes_01,DBC,ignorado,data/ignored/cnes/PFRS2601.dbc,Fora do recorte principal de CNES.
CNES,PFRS2602.dbc,2026,RS,pf_mes_02,DBC,ignorado,data/ignored/cnes/PFRS2602.dbc,Fora do recorte principal de CNES.
CNES,PFRS2603.dbc,2026,RS,pf_mes_03,DBC,ignorado,data/ignored/cnes/PFRS2603.dbc,Fora do recorte principal de CNES.
CNES,PFRS2604.dbc,2026,RS,pf_mes_04,DBC,ignorado,data/ignored/cnes/PFRS2604.dbc,Fora do recorte principal de CNES.
CNES,PFRS2605.dbc,2026,RS,pf_mes_05,DBC,ignorado,data/ignored/cnes/PFRS2605.dbc,Fora do recorte principal de CNES.
CNES,SRRS0508.dbc,2005,RS,sr_mes_08,DBC,ignorado,data/ignored/cnes/SRRS0508.dbc,Fora do recorte principal de CNES.
CNES,SRRS0509.dbc,2005,RS,sr_mes_09,DBC,ignorado,data/ignored/cnes/SRRS0509.dbc,Fora do recorte principal de CNES.
CNES,SRRS0510.dbc,2005,RS,sr_mes_10,DBC,ignorado,data/ignored/cnes/SRRS0510.dbc,Fora do recorte principal de CNES.
CNES,SRRS0511.dbc,2005,RS,sr_mes_11,DBC,ignorado,data/ignored/cnes/SRRS0511.dbc,Fora do recorte principal de CNES.
CNES,SRRS0512.dbc,2005,RS,sr_mes_12,DBC,ignorado,data/ignored/cnes/SRRS0512.dbc,Fora do recorte principal de CNES.
CNES,SRRS0601.dbc,2006,RS,sr_mes_01,DBC,ignorado,data/ignored/cnes/SRRS0601.dbc,Fora do recorte principal de CNES.
CNES,SRRS0602.dbc,2006,RS,sr_mes_02,DBC,ignorado,data/ignored/cnes/SRRS0602.dbc,Fora do recorte principal de CNES.
CNES,SRRS0603.dbc,2006,RS,sr_mes_03,DBC,ignorado,data/ignored/cnes/SRRS0603.dbc,Fora do recorte principal de CNES.
CNES,SRRS0604.dbc,2006,RS,sr_mes_04,DBC,ignorado,data/ignored/cnes/SRRS0604.dbc,Fora do recorte principal de CNES.
CNES,SRRS0605.dbc,2006,RS,sr_mes_05,DBC,ignorado,data/ignored/cnes/SRRS0605.dbc,Fora do recorte principal de CNES.
CNES,SRRS0606.dbc,2006,RS,sr_mes_06,DBC,ignorado,data/ignored/cnes/SRRS0606.dbc,Fora do recorte principal de CNES.
CNES,SRRS0607.dbc,2006,RS,sr_mes_07,DBC,ignorado,data/ignored/cnes/SRRS0607.dbc,Fora do recorte principal de CNES.
CNES,SRRS0608.dbc,2006,RS,sr_mes_08,DBC,ignorado,data/ignored/cnes/SRRS0608.dbc,Fora do recorte principal de CNES.
CNES,SRRS0609.dbc,2006,RS,sr_mes_09,DBC,ignorado,data/ignored/cnes/SRRS0609.dbc,Fora do recorte principal de CNES.
CNES,SRRS0610.dbc,2006,RS,sr_mes_10,DBC,ignorado,data/ignored/cnes/SRRS0610.dbc,Fora do recorte principal de CNES.
CNES,SRRS0611.dbc,2006,RS,sr_mes_11,DBC,ignorado,data/ignored/cnes/SRRS0611.dbc,Fora do recorte principal de CNES.
CNES,SRRS0612.dbc,2006,RS,sr_mes_12,DBC,ignorado,data/ignored/cnes/SRRS0612.dbc,Fora do recorte principal de CNES.
CNES,SRRS0701.dbc,2007,RS,sr_mes_01,DBC,ignorado,data/ignored/cnes/SRRS0701.dbc,Fora do recorte principal de CNES.
CNES,SRRS0702.dbc,2007,RS,sr_mes_02,DBC,ignorado,data/ignored/cnes/SRRS0702.dbc,Fora do recorte principal de CNES.
CNES,SRRS0703.dbc,2007,RS,sr_mes_03,DBC,ignorado,data/ignored/cnes/SRRS0703.dbc,Fora do recorte principal de CNES.
CNES,SRRS0704.dbc,2007,RS,sr_mes_04,DBC,ignorado,data/ignored/cnes/SRRS0704.dbc,Fora do recorte principal de CNES.
CNES,SRRS0705.dbc,2007,RS,sr_mes_05,DBC,ignorado,data/ignored/cnes/SRRS0705.dbc,Fora do recorte principal de CNES.
CNES,SRRS0706.dbc,2007,RS,sr_mes_06,DBC,ignorado,data/ignored/cnes/SRRS0706.dbc,Fora do recorte principal de CNES.
CNES,SRRS0707.dbc,2007,RS,sr_mes_07,DBC,ignorado,data/ignored/cnes/SRRS0707.dbc,Fora do recorte principal de CNES.
CNES,SRRS0708.dbc,2007,RS,sr_mes_08,DBC,ignorado,data/ignored/cnes/SRRS0708.dbc,Fora do recorte principal de CNES.
CNES,SRRS0709.dbc,2007,RS,sr_mes_09,DBC,ignorado,data/ignored/cnes/SRRS0709.dbc,Fora do recorte principal de CNES.
CNES,SRRS0710.dbc,2007,RS,sr_mes_10,DBC,ignorado,data/ignored/cnes/SRRS0710.dbc,Fora do recorte principal de CNES.
CNES,SRRS0711.dbc,2007,RS,sr_mes_11,DBC,ignorado,data/ignored/cnes/SRRS0711.dbc,Fora do recorte principal de CNES.
CNES,SRRS0712.dbc,2007,RS,sr_mes_12,DBC,ignorado,data/ignored/cnes/SRRS0712.dbc,Fora do recorte principal de CNES.
CNES,SRRS0801.dbc,2008,RS,sr_mes_01,DBC,ignorado,data/ignored/cnes/SRRS0801.dbc,Fora do recorte principal de CNES.
CNES,SRRS0802.dbc,2008,RS,sr_mes_02,DBC,ignorado,data/ignored/cnes/SRRS0802.dbc,Fora do recorte principal de CNES.
CNES,SRRS0803.dbc,2008,RS,sr_mes_03,DBC,ignorado,data/ignored/cnes/SRRS0803.dbc,Fora do recorte principal de CNES.
CNES,SRRS0804.dbc,2008,RS,sr_mes_04,DBC,ignorado,data/ignored/cnes/SRRS0804.dbc,Fora do recorte principal de CNES.
CNES,SRRS0805.dbc,2008,RS,sr_mes_05,DBC,ignorado,data/ignored/cnes/SRRS0805.dbc,Fora do recorte principal de CNES.
CNES,SRRS0806.dbc,2008,RS,sr_mes_06,DBC,ignorado,data/ignored/cnes/SRRS0806.dbc,Fora do recorte principal de CNES.
CNES,SRRS0807.dbc,2008,RS,sr_mes_07,DBC,ignorado,data/ignored/cnes/SRRS0807.dbc,Fora do recorte principal de CNES.
CNES,SRRS0808.dbc,2008,RS,sr_mes_08,DBC,ignorado,data/ignored/cnes/SRRS0808.dbc,Fora do recorte principal de CNES.
CNES,SRRS0809.dbc,2008,RS,sr_mes_09,DBC,ignorado,data/ignored/cnes/SRRS0809.dbc,Fora do recorte principal de CNES.
CNES,SRRS0810.dbc,2008,RS,sr_mes_10,DBC,ignorado,data/ignored/cnes/SRRS0810.dbc,Fora do recorte principal de CNES.
CNES,SRRS0811.dbc,2008,RS,sr_mes_11,DBC,ignorado,data/ignored/cnes/SRRS0811.dbc,Fora do recorte principal de CNES.
CNES,SRRS0812.dbc,2008,RS,sr_mes_12,DBC,ignorado,data/ignored/cnes/SRRS0812.dbc,Fora do recorte principal de CNES.
CNES,SRRS0901.dbc,2009,RS,sr_mes_01,DBC,ignorado,data/ignored/cnes/SRRS0901.dbc,Fora do recorte principal de CNES.
CNES,SRRS0902.dbc,2009,RS,sr_mes_02,DBC,ignorado,data/ignored/cnes/SRRS0902.dbc,Fora do recorte principal de CNES.
CNES,SRRS0903.dbc,2009,RS,sr_mes_03,DBC,ignorado,data/ignored/cnes/SRRS0903.dbc,Fora do recorte principal de CNES.
CNES,SRRS0904.dbc,2009,RS,sr_mes_04,DBC,ignorado,data/ignored/cnes/SRRS0904.dbc,Fora do recorte principal de CNES.
CNES,SRRS0905.dbc,2009,RS,sr_mes_05,DBC,ignorado,data/ignored/cnes/SRRS0905.dbc,Fora do recorte principal de CNES.
CNES,SRRS0906.dbc,2009,RS,sr_mes_06,DBC,ignorado,data/ignored/cnes/SRRS0906.dbc,Fora do recorte principal de CNES.
CNES,SRRS0907.dbc,2009,RS,sr_mes_07,DBC,ignorado,data/ignored/cnes/SRRS0907.dbc,Fora do recorte principal de CNES.
CNES,SRRS0908.dbc,2009,RS,sr_mes_08,DBC,ignorado,data/ignored/cnes/SRRS0908.dbc,Fora do recorte principal de CNES.
CNES,SRRS0909.dbc,2009,RS,sr_mes_09,DBC,ignorado,data/ignored/cnes/SRRS0909.dbc,Fora do recorte principal de CNES.
CNES,SRRS0910.dbc,2009,RS,sr_mes_10,DBC,ignorado,data/ignored/cnes/SRRS0910.dbc,Fora do recorte principal de CNES.
CNES,SRRS0911.dbc,2009,RS,sr_mes_11,DBC,ignorado,data/ignored/cnes/SRRS0911.dbc,Fora do recorte principal de CNES.
CNES,SRRS0912.dbc,2009,RS,sr_mes_12,DBC,ignorado,data/ignored/cnes/SRRS0912.dbc,Fora do recorte principal de CNES.
CNES,SRRS1001.dbc,2010,RS,sr_mes_01,DBC,ignorado,data/ignored/cnes/SRRS1001.dbc,Fora do recorte principal de CNES.
CNES,SRRS1002.dbc,2010,RS,sr_mes_02,DBC,ignorado,data/ignored/cnes/SRRS1002.dbc,Fora do recorte principal de CNES.
CNES,SRRS1003.dbc,2010,RS,sr_mes_03,DBC,ignorado,data/ignored/cnes/SRRS1003.dbc,Fora do recorte principal de CNES.
CNES,SRRS1004.dbc,2010,RS,sr_mes_04,DBC,ignorado,data/ignored/cnes/SRRS1004.dbc,Fora do recorte principal de CNES.
CNES,SRRS1005.dbc,2010,RS,sr_mes_05,DBC,ignorado,data/ignored/cnes/SRRS1005.dbc,Fora do recorte principal de CNES.
CNES,SRRS1006.dbc,2010,RS,sr_mes_06,DBC,ignorado,data/ignored/cnes/SRRS1006.dbc,Fora do recorte principal de CNES.
CNES,SRRS1007.dbc,2010,RS,sr_mes_07,DBC,ignorado,data/ignored/cnes/SRRS1007.dbc,Fora do recorte principal de CNES.
CNES,SRRS1008.dbc,2010,RS,sr_mes_08,DBC,ignorado,data/ignored/cnes/SRRS1008.dbc,Fora do recorte principal de CNES.
CNES,SRRS1009.dbc,2010,RS,sr_mes_09,DBC,ignorado,data/ignored/cnes/SRRS1009.dbc,Fora do recorte principal de CNES.
CNES,SRRS1010.dbc,2010,RS,sr_mes_10,DBC,ignorado,data/ignored/cnes/SRRS1010.dbc,Fora do recorte principal de CNES.
CNES,SRRS1011.dbc,2010,RS,sr_mes_11,DBC,ignorado,data/ignored/cnes/SRRS1011.dbc,Fora do recorte principal de CNES.
CNES,SRRS1012.dbc,2010,RS,sr_mes_12,DBC,ignorado,data/ignored/cnes/SRRS1012.dbc,Fora do recorte principal de CNES.
CNES,SRRS1101.dbc,2011,RS,sr_mes_01,DBC,ignorado,data/ignored/cnes/SRRS1101.dbc,Fora do recorte principal de CNES.
CNES,SRRS1102.dbc,2011,RS,sr_mes_02,DBC,ignorado,data/ignored/cnes/SRRS1102.dbc,Fora do recorte principal de CNES.
CNES,SRRS1103.dbc,2011,RS,sr_mes_03,DBC,ignorado,data/ignored/cnes/SRRS1103.dbc,Fora do recorte principal de CNES.
CNES,SRRS1104.dbc,2011,RS,sr_mes_04,DBC,ignorado,data/ignored/cnes/SRRS1104.dbc,Fora do recorte principal de CNES.
CNES,SRRS1105.dbc,2011,RS,sr_mes_05,DBC,ignorado,data/ignored/cnes/SRRS1105.dbc,Fora do recorte principal de CNES.
CNES,SRRS1106.dbc,2011,RS,sr_mes_06,DBC,ignorado,data/ignored/cnes/SRRS1106.dbc,Fora do recorte principal de CNES.
CNES,SRRS1107.dbc,2011,RS,sr_mes_07,DBC,ignorado,data/ignored/cnes/SRRS1107.dbc,Fora do recorte principal de CNES.
CNES,SRRS1108.dbc,2011,RS,sr_mes_08,DBC,ignorado,data/ignored/cnes/SRRS1108.dbc,Fora do recorte principal de CNES.
CNES,SRRS1109.dbc,2011,RS,sr_mes_09,DBC,ignorado,data/ignored/cnes/SRRS1109.dbc,Fora do recorte principal de CNES.
CNES,SRRS1110.dbc,2011,RS,sr_mes_10,DBC,ignorado,data/ignored/cnes/SRRS1110.dbc,Fora do recorte principal de CNES.
CNES,SRRS1111.dbc,2011,RS,sr_mes_11,DBC,ignorado,data/ignored/cnes/SRRS1111.dbc,Fora do recorte principal de CNES.
CNES,SRRS1112.dbc,2011,RS,sr_mes_12,DBC,ignorado,data/ignored/cnes/SRRS1112.dbc,Fora do recorte principal de CNES.
CNES,SRRS1201.dbc,2012,RS,sr_mes_01,DBC,ignorado,data/ignored/cnes/SRRS1201.dbc,Fora do recorte principal de CNES.
CNES,SRRS1202.dbc,2012,RS,sr_mes_02,DBC,ignorado,data/ignored/cnes/SRRS1202.dbc,Fora do recorte principal de CNES.
CNES,SRRS1203.dbc,2012,RS,sr_mes_03,DBC,ignorado,data/ignored/cnes/SRRS1203.dbc,Fora do recorte principal de CNES.
CNES,SRRS1204.dbc,2012,RS,sr_mes_04,DBC,ignorado,data/ignored/cnes/SRRS1204.dbc,Fora do recorte principal de CNES.
CNES,SRRS1205.dbc,2012,RS,sr_mes_05,DBC,ignorado,data/ignored/cnes/SRRS1205.dbc,Fora do recorte principal de CNES.
CNES,SRRS1206.dbc,2012,RS,sr_mes_06,DBC,ignorado,data/ignored/cnes/SRRS1206.dbc,Fora do recorte principal de CNES.
CNES,SRRS1207.dbc,2012,RS,sr_mes_07,DBC,ignorado,data/ignored/cnes/SRRS1207.dbc,Fora do recorte principal de CNES.
CNES,SRRS1208.dbc,2012,RS,sr_mes_08,DBC,ignorado,data/ignored/cnes/SRRS1208.dbc,Fora do recorte principal de CNES.
CNES,SRRS1209.dbc,2012,RS,sr_mes_09,DBC,ignorado,data/ignored/cnes/SRRS1209.dbc,Fora do recorte principal de CNES.
CNES,SRRS1210.dbc,2012,RS,sr_mes_10,DBC,ignorado,data/ignored/cnes/SRRS1210.dbc,Fora do recorte principal de CNES.
CNES,SRRS1211.dbc,2012,RS,sr_mes_11,DBC,ignorado,data/ignored/cnes/SRRS1211.dbc,Fora do recorte principal de CNES.
CNES,SRRS1212.dbc,2012,RS,sr_mes_12,DBC,ignorado,data/ignored/cnes/SRRS1212.dbc,Fora do recorte principal de CNES.
CNES,SRRS1301.dbc,2013,RS,sr_mes_01,DBC,ignorado,data/ignored/cnes/SRRS1301.dbc,Fora do recorte principal de CNES.
CNES,SRRS1302.dbc,2013,RS,sr_mes_02,DBC,ignorado,data/ignored/cnes/SRRS1302.dbc,Fora do recorte principal de CNES.
CNES,SRRS1303.dbc,2013,RS,sr_mes_03,DBC,ignorado,data/ignored/cnes/SRRS1303.dbc,Fora do recorte principal de CNES.
CNES,SRRS1304.dbc,2013,RS,sr_mes_04,DBC,ignorado,data/ignored/cnes/SRRS1304.dbc,Fora do recorte principal de CNES.
CNES,SRRS1305.dbc,2013,RS,sr_mes_05,DBC,ignorado,data/ignored/cnes/SRRS1305.dbc,Fora do recorte principal de CNES.
CNES,SRRS1306.dbc,2013,RS,sr_mes_06,DBC,ignorado,data/ignored/cnes/SRRS1306.dbc,Fora do recorte principal de CNES.
CNES,SRRS1307.dbc,2013,RS,sr_mes_07,DBC,ignorado,data/ignored/cnes/SRRS1307.dbc,Fora do recorte principal de CNES.
CNES,SRRS1308.dbc,2013,RS,sr_mes_08,DBC,ignorado,data/ignored/cnes/SRRS1308.dbc,Fora do recorte principal de CNES.
CNES,SRRS1309.dbc,2013,RS,sr_mes_09,DBC,ignorado,data/ignored/cnes/SRRS1309.dbc,Fora do recorte principal de CNES.
CNES,SRRS1310.dbc,2013,RS,sr_mes_10,DBC,ignorado,data/ignored/cnes/SRRS1310.dbc,Fora do recorte principal de CNES.
CNES,SRRS1311.dbc,2013,RS,sr_mes_11,DBC,ignorado,data/ignored/cnes/SRRS1311.dbc,Fora do recorte principal de CNES.
CNES,SRRS1312.dbc,2013,RS,sr_mes_12,DBC,ignorado,data/ignored/cnes/SRRS1312.dbc,Fora do recorte principal de CNES.
CNES,SRRS1401.dbc,2014,RS,sr_mes_01,DBC,ignorado,data/ignored/cnes/SRRS1401.dbc,Fora do recorte principal de CNES.
CNES,SRRS1402.dbc,2014,RS,sr_mes_02,DBC,ignorado,data/ignored/cnes/SRRS1402.dbc,Fora do recorte principal de CNES.
CNES,SRRS1403.dbc,2014,RS,sr_mes_03,DBC,ignorado,data/ignored/cnes/SRRS1403.dbc,Fora do recorte principal de CNES.
CNES,SRRS1404.dbc,2014,RS,sr_mes_04,DBC,ignorado,data/ignored/cnes/SRRS1404.dbc,Fora do recorte principal de CNES.
CNES,SRRS1405.dbc,2014,RS,sr_mes_05,DBC,ignorado,data/ignored/cnes/SRRS1405.dbc,Fora do recorte principal de CNES.
CNES,SRRS1406.dbc,2014,RS,sr_mes_06,DBC,ignorado,data/ignored/cnes/SRRS1406.dbc,Fora do recorte principal de CNES.
CNES,SRRS1407.dbc,2014,RS,sr_mes_07,DBC,ignorado,data/ignored/cnes/SRRS1407.dbc,Fora do recorte principal de CNES.
CNES,SRRS1408.dbc,2014,RS,sr_mes_08,DBC,ignorado,data/ignored/cnes/SRRS1408.dbc,Fora do recorte principal de CNES.
CNES,SRRS1409.dbc,2014,RS,sr_mes_09,DBC,ignorado,data/ignored/cnes/SRRS1409.dbc,Fora do recorte principal de CNES.
CNES,SRRS1410.dbc,2014,RS,sr_mes_10,DBC,ignorado,data/ignored/cnes/SRRS1410.dbc,Fora do recorte principal de CNES.
CNES,SRRS1411.dbc,2014,RS,sr_mes_11,DBC,ignorado,data/ignored/cnes/SRRS1411.dbc,Fora do recorte principal de CNES.
CNES,SRRS1412.dbc,2014,RS,sr_mes_12,DBC,ignorado,data/ignored/cnes/SRRS1412.dbc,Fora do recorte principal de CNES.
CNES,SRRS1501.dbc,2015,RS,sr_mes_01,DBC,ignorado,data/ignored/cnes/SRRS1501.dbc,Fora do recorte principal de CNES.
CNES,SRRS1502.dbc,2015,RS,sr_mes_02,DBC,ignorado,data/ignored/cnes/SRRS1502.dbc,Fora do recorte principal de CNES.
CNES,SRRS1503.dbc,2015,RS,sr_mes_03,DBC,ignorado,data/ignored/cnes/SRRS1503.dbc,Fora do recorte principal de CNES.
CNES,SRRS1504.dbc,2015,RS,sr_mes_04,DBC,ignorado,data/ignored/cnes/SRRS1504.dbc,Fora do recorte principal de CNES.
CNES,SRRS1505.dbc,2015,RS,sr_mes_05,DBC,ignorado,data/ignored/cnes/SRRS1505.dbc,Fora do recorte principal de CNES.
CNES,SRRS1506.dbc,2015,RS,sr_mes_06,DBC,ignorado,data/ignored/cnes/SRRS1506.dbc,Fora do recorte principal de CNES.
CNES,SRRS1507.dbc,2015,RS,sr_mes_07,DBC,ignorado,data/ignored/cnes/SRRS1507.dbc,Fora do recorte principal de CNES.
CNES,SRRS1508.dbc,2015,RS,sr_mes_08,DBC,ignorado,data/ignored/cnes/SRRS1508.dbc,Fora do recorte principal de CNES.
CNES,SRRS1509.dbc,2015,RS,sr_mes_09,DBC,ignorado,data/ignored/cnes/SRRS1509.dbc,Fora do recorte principal de CNES.
CNES,SRRS1510.dbc,2015,RS,sr_mes_10,DBC,ignorado,data/ignored/cnes/SRRS1510.dbc,Fora do recorte principal de CNES.
CNES,SRRS1511.dbc,2015,RS,sr_mes_11,DBC,ignorado,data/ignored/cnes/SRRS1511.dbc,Fora do recorte principal de CNES.
CNES,SRRS1601.dbc,2016,RS,sr_mes_01,DBC,ignorado,data/ignored/cnes/SRRS1601.dbc,Fora do recorte principal de CNES.
CNES,SRRS1602.dbc,2016,RS,sr_mes_02,DBC,ignorado,data/ignored/cnes/SRRS1602.dbc,Fora do recorte principal de CNES.
CNES,SRRS1603.dbc,2016,RS,sr_mes_03,DBC,ignorado,data/ignored/cnes/SRRS1603.dbc,Fora do recorte principal de CNES.
CNES,SRRS1604.dbc,2016,RS,sr_mes_04,DBC,ignorado,data/ignored/cnes/SRRS1604.dbc,Fora do recorte principal de CNES.
CNES,SRRS1605.dbc,2016,RS,sr_mes_05,DBC,ignorado,data/ignored/cnes/SRRS1605.dbc,Fora do recorte principal de CNES.
CNES,SRRS1606.dbc,2016,RS,sr_mes_06,DBC,ignorado,data/ignored/cnes/SRRS1606.dbc,Fora do recorte principal de CNES.
CNES,SRRS1607.dbc,2016,RS,sr_mes_07,DBC,ignorado,data/ignored/cnes/SRRS1607.dbc,Fora do recorte principal de CNES.
CNES,SRRS1608.dbc,2016,RS,sr_mes_08,DBC,ignorado,data/ignored/cnes/SRRS1608.dbc,Fora do recorte principal de CNES.
CNES,SRRS1609.dbc,2016,RS,sr_mes_09,DBC,ignorado,data/ignored/cnes/SRRS1609.dbc,Fora do recorte principal de CNES.
CNES,SRRS1610.dbc,2016,RS,sr_mes_10,DBC,ignorado,data/ignored/cnes/SRRS1610.dbc,Fora do recorte principal de CNES.
CNES,SRRS1611.dbc,2016,RS,sr_mes_11,DBC,ignorado,data/ignored/cnes/SRRS1611.dbc,Fora do recorte principal de CNES.
CNES,SRRS1701.dbc,2017,RS,sr_mes_01,DBC,ignorado,data/ignored/cnes/SRRS1701.dbc,Fora do recorte principal de CNES.
CNES,SRRS1702.dbc,2017,RS,sr_mes_02,DBC,ignorado,data/ignored/cnes/SRRS1702.dbc,Fora do recorte principal de CNES.
CNES,SRRS1703.dbc,2017,RS,sr_mes_03,DBC,ignorado,data/ignored/cnes/SRRS1703.dbc,Fora do recorte principal de CNES.
CNES,SRRS1704.dbc,2017,RS,sr_mes_04,DBC,ignorado,data/ignored/cnes/SRRS1704.dbc,Fora do recorte principal de CNES.
CNES,SRRS1705.dbc,2017,RS,sr_mes_05,DBC,ignorado,data/ignored/cnes/SRRS1705.dbc,Fora do recorte principal de CNES.
CNES,SRRS1706.dbc,2017,RS,sr_mes_06,DBC,ignorado,data/ignored/cnes/SRRS1706.dbc,Fora do recorte principal de CNES.
CNES,SRRS1707.dbc,2017,RS,sr_mes_07,DBC,ignorado,data/ignored/cnes/SRRS1707.dbc,Fora do recorte principal de CNES.
CNES,SRRS1708.dbc,2017,RS,sr_mes_08,DBC,ignorado,data/ignored/cnes/SRRS1708.dbc,Fora do recorte principal de CNES.
CNES,SRRS1709.dbc,2017,RS,sr_mes_09,DBC,ignorado,data/ignored/cnes/SRRS1709.dbc,Fora do recorte principal de CNES.
CNES,SRRS1710.dbc,2017,RS,sr_mes_10,DBC,ignorado,data/ignored/cnes/SRRS1710.dbc,Fora do recorte principal de CNES.
CNES,SRRS1711.dbc,2017,RS,sr_mes_11,DBC,ignorado,data/ignored/cnes/SRRS1711.dbc,Fora do recorte principal de CNES.
CNES,SRRS1801.dbc,2018,RS,sr_mes_01,DBC,ignorado,data/ignored/cnes/SRRS1801.dbc,Fora do recorte principal de CNES.
CNES,SRRS1802.dbc,2018,RS,sr_mes_02,DBC,ignorado,data/ignored/cnes/SRRS1802.dbc,Fora do recorte principal de CNES.
CNES,SRRS1803.dbc,2018,RS,sr_mes_03,DBC,ignorado,data/ignored/cnes/SRRS1803.dbc,Fora do recorte principal de CNES.
CNES,SRRS1804.dbc,2018,RS,sr_mes_04,DBC,ignorado,data/ignored/cnes/SRRS1804.dbc,Fora do recorte principal de CNES.
CNES,SRRS1805.dbc,2018,RS,sr_mes_05,DBC,ignorado,data/ignored/cnes/SRRS1805.dbc,Fora do recorte principal de CNES.
CNES,SRRS1806.dbc,2018,RS,sr_mes_06,DBC,ignorado,data/ignored/cnes/SRRS1806.dbc,Fora do recorte principal de CNES.
CNES,SRRS1807.dbc,2018,RS,sr_mes_07,DBC,ignorado,data/ignored/cnes/SRRS1807.dbc,Fora do recorte principal de CNES.
CNES,SRRS1808.dbc,2018,RS,sr_mes_08,DBC,ignorado,data/ignored/cnes/SRRS1808.dbc,Fora do recorte principal de CNES.
CNES,SRRS1809.dbc,2018,RS,sr_mes_09,DBC,ignorado,data/ignored/cnes/SRRS1809.dbc,Fora do recorte principal de CNES.
CNES,SRRS1810.dbc,2018,RS,sr_mes_10,DBC,ignorado,data/ignored/cnes/SRRS1810.dbc,Fora do recorte principal de CNES.
CNES,SRRS1811.dbc,2018,RS,sr_mes_11,DBC,ignorado,data/ignored/cnes/SRRS1811.dbc,Fora do recorte principal de CNES.
CNES,SRRS1901.dbc,2019,RS,sr_mes_01,DBC,ignorado,data/ignored/cnes/SRRS1901.dbc,Fora do recorte principal de CNES.
CNES,SRRS1902.dbc,2019,RS,sr_mes_02,DBC,ignorado,data/ignored/cnes/SRRS1902.dbc,Fora do recorte principal de CNES.
CNES,SRRS1903.dbc,2019,RS,sr_mes_03,DBC,ignorado,data/ignored/cnes/SRRS1903.dbc,Fora do recorte principal de CNES.
CNES,SRRS1904.dbc,2019,RS,sr_mes_04,DBC,ignorado,data/ignored/cnes/SRRS1904.dbc,Fora do recorte principal de CNES.
CNES,SRRS1905.dbc,2019,RS,sr_mes_05,DBC,ignorado,data/ignored/cnes/SRRS1905.dbc,Fora do recorte principal de CNES.
CNES,SRRS1906.dbc,2019,RS,sr_mes_06,DBC,ignorado,data/ignored/cnes/SRRS1906.dbc,Fora do recorte principal de CNES.
CNES,SRRS1907.dbc,2019,RS,sr_mes_07,DBC,ignorado,data/ignored/cnes/SRRS1907.dbc,Fora do recorte principal de CNES.
CNES,SRRS1908.dbc,2019,RS,sr_mes_08,DBC,ignorado,data/ignored/cnes/SRRS1908.dbc,Fora do recorte principal de CNES.
CNES,SRRS1909.dbc,2019,RS,sr_mes_09,DBC,ignorado,data/ignored/cnes/SRRS1909.dbc,Fora do recorte principal de CNES.
CNES,SRRS1910.dbc,2019,RS,sr_mes_10,DBC,ignorado,data/ignored/cnes/SRRS1910.dbc,Fora do recorte principal de CNES.
CNES,SRRS1911.dbc,2019,RS,sr_mes_11,DBC,ignorado,data/ignored/cnes/SRRS1911.dbc,Fora do recorte principal de CNES.
CNES,SRRS2001.dbc,2020,RS,sr_mes_01,DBC,ignorado,data/ignored/cnes/SRRS2001.dbc,Fora do recorte principal de CNES.
CNES,SRRS2002.dbc,2020,RS,sr_mes_02,DBC,ignorado,data/ignored/cnes/SRRS2002.dbc,Fora do recorte principal de CNES.
CNES,SRRS2003.dbc,2020,RS,sr_mes_03,DBC,ignorado,data/ignored/cnes/SRRS2003.dbc,Fora do recorte principal de CNES.
CNES,SRRS2004.dbc,2020,RS,sr_mes_04,DBC,ignorado,data/ignored/cnes/SRRS2004.dbc,Fora do recorte principal de CNES.
CNES,SRRS2005.dbc,2020,RS,sr_mes_05,DBC,ignorado,data/ignored/cnes/SRRS2005.dbc,Fora do recorte principal de CNES.
CNES,SRRS2006.dbc,2020,RS,sr_mes_06,DBC,ignorado,data/ignored/cnes/SRRS2006.dbc,Fora do recorte principal de CNES.
CNES,SRRS2007.dbc,2020,RS,sr_mes_07,DBC,ignorado,data/ignored/cnes/SRRS2007.dbc,Fora do recorte principal de CNES.
CNES,SRRS2008.dbc,2020,RS,sr_mes_08,DBC,ignorado,data/ignored/cnes/SRRS2008.dbc,Fora do recorte principal de CNES.
CNES,SRRS2009.dbc,2020,RS,sr_mes_09,DBC,ignorado,data/ignored/cnes/SRRS2009.dbc,Fora do recorte principal de CNES.
CNES,SRRS2010.dbc,2020,RS,sr_mes_10,DBC,ignorado,data/ignored/cnes/SRRS2010.dbc,Fora do recorte principal de CNES.
CNES,SRRS2011.dbc,2020,RS,sr_mes_11,DBC,ignorado,data/ignored/cnes/SRRS2011.dbc,Fora do recorte principal de CNES.
CNES,SRRS2101.dbc,2021,RS,sr_mes_01,DBC,ignorado,data/ignored/cnes/SRRS2101.dbc,Fora do recorte principal de CNES.
CNES,SRRS2102.dbc,2021,RS,sr_mes_02,DBC,ignorado,data/ignored/cnes/SRRS2102.dbc,Fora do recorte principal de CNES.
CNES,SRRS2103.dbc,2021,RS,sr_mes_03,DBC,ignorado,data/ignored/cnes/SRRS2103.dbc,Fora do recorte principal de CNES.
CNES,SRRS2104.dbc,2021,RS,sr_mes_04,DBC,ignorado,data/ignored/cnes/SRRS2104.dbc,Fora do recorte principal de CNES.
CNES,SRRS2105.dbc,2021,RS,sr_mes_05,DBC,ignorado,data/ignored/cnes/SRRS2105.dbc,Fora do recorte principal de CNES.
CNES,SRRS2106.dbc,2021,RS,sr_mes_06,DBC,ignorado,data/ignored/cnes/SRRS2106.dbc,Fora do recorte principal de CNES.
CNES,SRRS2107.dbc,2021,RS,sr_mes_07,DBC,ignorado,data/ignored/cnes/SRRS2107.dbc,Fora do recorte principal de CNES.
CNES,SRRS2108.dbc,2021,RS,sr_mes_08,DBC,ignorado,data/ignored/cnes/SRRS2108.dbc,Fora do recorte principal de CNES.
CNES,SRRS2109.dbc,2021,RS,sr_mes_09,DBC,ignorado,data/ignored/cnes/SRRS2109.dbc,Fora do recorte principal de CNES.
CNES,SRRS2110.dbc,2021,RS,sr_mes_10,DBC,ignorado,data/ignored/cnes/SRRS2110.dbc,Fora do recorte principal de CNES.
CNES,SRRS2111.dbc,2021,RS,sr_mes_11,DBC,ignorado,data/ignored/cnes/SRRS2111.dbc,Fora do recorte principal de CNES.
CNES,SRRS2201.dbc,2022,RS,sr_mes_01,DBC,ignorado,data/ignored/cnes/SRRS2201.dbc,Fora do recorte principal de CNES.
CNES,SRRS2202.dbc,2022,RS,sr_mes_02,DBC,ignorado,data/ignored/cnes/SRRS2202.dbc,Fora do recorte principal de CNES.
CNES,SRRS2203.dbc,2022,RS,sr_mes_03,DBC,ignorado,data/ignored/cnes/SRRS2203.dbc,Fora do recorte principal de CNES.
CNES,SRRS2204.dbc,2022,RS,sr_mes_04,DBC,ignorado,data/ignored/cnes/SRRS2204.dbc,Fora do recorte principal de CNES.
CNES,SRRS2205.dbc,2022,RS,sr_mes_05,DBC,ignorado,data/ignored/cnes/SRRS2205.dbc,Fora do recorte principal de CNES.
CNES,SRRS2206.dbc,2022,RS,sr_mes_06,DBC,ignorado,data/ignored/cnes/SRRS2206.dbc,Fora do recorte principal de CNES.
CNES,SRRS2207.dbc,2022,RS,sr_mes_07,DBC,ignorado,data/ignored/cnes/SRRS2207.dbc,Fora do recorte principal de CNES.
CNES,SRRS2208.dbc,2022,RS,sr_mes_08,DBC,ignorado,data/ignored/cnes/SRRS2208.dbc,Fora do recorte principal de CNES.
CNES,SRRS2209.dbc,2022,RS,sr_mes_09,DBC,ignorado,data/ignored/cnes/SRRS2209.dbc,Fora do recorte principal de CNES.
CNES,SRRS2210.dbc,2022,RS,sr_mes_10,DBC,ignorado,data/ignored/cnes/SRRS2210.dbc,Fora do recorte principal de CNES.
CNES,SRRS2211.dbc,2022,RS,sr_mes_11,DBC,ignorado,data/ignored/cnes/SRRS2211.dbc,Fora do recorte principal de CNES.
CNES,SRRS2301.dbc,2023,RS,sr_mes_01,DBC,ignorado,data/ignored/cnes/SRRS2301.dbc,Fora do recorte principal de CNES.
CNES,SRRS2302.dbc,2023,RS,sr_mes_02,DBC,ignorado,data/ignored/cnes/SRRS2302.dbc,Fora do recorte principal de CNES.
CNES,SRRS2303.dbc,2023,RS,sr_mes_03,DBC,ignorado,data/ignored/cnes/SRRS2303.dbc,Fora do recorte principal de CNES.
CNES,SRRS2304.dbc,2023,RS,sr_mes_04,DBC,ignorado,data/ignored/cnes/SRRS2304.dbc,Fora do recorte principal de CNES.
CNES,SRRS2305.dbc,2023,RS,sr_mes_05,DBC,ignorado,data/ignored/cnes/SRRS2305.dbc,Fora do recorte principal de CNES.
CNES,SRRS2306.dbc,2023,RS,sr_mes_06,DBC,ignorado,data/ignored/cnes/SRRS2306.dbc,Fora do recorte principal de CNES.
CNES,SRRS2307.dbc,2023,RS,sr_mes_07,DBC,ignorado,data/ignored/cnes/SRRS2307.dbc,Fora do recorte principal de CNES.
CNES,SRRS2308.dbc,2023,RS,sr_mes_08,DBC,ignorado,data/ignored/cnes/SRRS2308.dbc,Fora do recorte principal de CNES.
CNES,SRRS2309.dbc,2023,RS,sr_mes_09,DBC,ignorado,data/ignored/cnes/SRRS2309.dbc,Fora do recorte principal de CNES.
CNES,SRRS2310.dbc,2023,RS,sr_mes_10,DBC,ignorado,data/ignored/cnes/SRRS2310.dbc,Fora do recorte principal de CNES.
CNES,SRRS2311.dbc,2023,RS,sr_mes_11,DBC,ignorado,data/ignored/cnes/SRRS2311.dbc,Fora do recorte principal de CNES.
CNES,SRRS2401.dbc,2024,RS,sr_mes_01,DBC,ignorado,data/ignored/cnes/SRRS2401.dbc,Fora do recorte principal de CNES.
CNES,SRRS2402.dbc,2024,RS,sr_mes_02,DBC,ignorado,data/ignored/cnes/SRRS2402.dbc,Fora do recorte principal de CNES.
CNES,SRRS2403.dbc,2024,RS,sr_mes_03,DBC,ignorado,data/ignored/cnes/SRRS2403.dbc,Fora do recorte principal de CNES.
CNES,SRRS2404.dbc,2024,RS,sr_mes_04,DBC,ignorado,data/ignored/cnes/SRRS2404.dbc,Fora do recorte principal de CNES.
CNES,SRRS2405.dbc,2024,RS,sr_mes_05,DBC,ignorado,data/ignored/cnes/SRRS2405.dbc,Fora do recorte principal de CNES.
CNES,SRRS2406.dbc,2024,RS,sr_mes_06,DBC,ignorado,data/ignored/cnes/SRRS2406.dbc,Fora do recorte principal de CNES.
CNES,SRRS2407.dbc,2024,RS,sr_mes_07,DBC,ignorado,data/ignored/cnes/SRRS2407.dbc,Fora do recorte principal de CNES.
CNES,SRRS2408.dbc,2024,RS,sr_mes_08,DBC,ignorado,data/ignored/cnes/SRRS2408.dbc,Fora do recorte principal de CNES.
CNES,SRRS2409.dbc,2024,RS,sr_mes_09,DBC,ignorado,data/ignored/cnes/SRRS2409.dbc,Fora do recorte principal de CNES.
CNES,SRRS2410.dbc,2024,RS,sr_mes_10,DBC,ignorado,data/ignored/cnes/SRRS2410.dbc,Fora do recorte principal de CNES.
CNES,SRRS2411.dbc,2024,RS,sr_mes_11,DBC,ignorado,data/ignored/cnes/SRRS2411.dbc,Fora do recorte principal de CNES.
CNES,SRRS2501.dbc,2025,RS,sr_mes_01,DBC,ignorado,data/ignored/cnes/SRRS2501.dbc,Fora do recorte principal de CNES.
CNES,SRRS2502.dbc,2025,RS,sr_mes_02,DBC,ignorado,data/ignored/cnes/SRRS2502.dbc,Fora do recorte principal de CNES.
CNES,SRRS2503.dbc,2025,RS,sr_mes_03,DBC,ignorado,data/ignored/cnes/SRRS2503.dbc,Fora do recorte principal de CNES.
CNES,SRRS2504.dbc,2025,RS,sr_mes_04,DBC,ignorado,data/ignored/cnes/SRRS2504.dbc,Fora do recorte principal de CNES.
CNES,SRRS2505.dbc,2025,RS,sr_mes_05,DBC,ignorado,data/ignored/cnes/SRRS2505.dbc,Fora do recorte principal de CNES.
CNES,SRRS2506.dbc,2025,RS,sr_mes_06,DBC,ignorado,data/ignored/cnes/SRRS2506.dbc,Fora do recorte principal de CNES.
CNES,SRRS2507.dbc,2025,RS,sr_mes_07,DBC,ignorado,data/ignored/cnes/SRRS2507.dbc,Fora do recorte principal de CNES.
CNES,SRRS2508.dbc,2025,RS,sr_mes_08,DBC,ignorado,data/ignored/cnes/SRRS2508.dbc,Fora do recorte principal de CNES.
CNES,SRRS2509.dbc,2025,RS,sr_mes_09,DBC,ignorado,data/ignored/cnes/SRRS2509.dbc,Fora do recorte principal de CNES.
CNES,SRRS2510.dbc,2025,RS,sr_mes_10,DBC,ignorado,data/ignored/cnes/SRRS2510.dbc,Fora do recorte principal de CNES.
CNES,SRRS2511.dbc,2025,RS,sr_mes_11,DBC,ignorado,data/ignored/cnes/SRRS2511.dbc,Fora do recorte principal de CNES.
CNES,SRRS2512.dbc,2025,RS,sr_mes_12,DBC,ignorado,data/ignored/cnes/SRRS2512.dbc,Fora do recorte principal de CNES.
CNES,SRRS2601.dbc,2026,RS,sr_mes_01,DBC,ignorado,data/ignored/cnes/SRRS2601.dbc,Fora do recorte principal de CNES.
CNES,SRRS2602.dbc,2026,RS,sr_mes_02,DBC,ignorado,data/ignored/cnes/SRRS2602.dbc,Fora do recorte principal de CNES.
CNES,SRRS2603.dbc,2026,RS,sr_mes_03,DBC,ignorado,data/ignored/cnes/SRRS2603.dbc,Fora do recorte principal de CNES.
CNES,SRRS2604.dbc,2026,RS,sr_mes_04,DBC,ignorado,data/ignored/cnes/SRRS2604.dbc,Fora do recorte principal de CNES.
CNES,SRRS2605.dbc,2026,RS,sr_mes_05,DBC,ignorado,data/ignored/cnes/SRRS2605.dbc,Fora do recorte principal de CNES.
CNES,SRSC0508.dbc,2005,SC,sr_mes_08,DBC,ignorado,data/ignored/cnes/SRSC0508.dbc,Fora do recorte principal de CNES.
CNES,SRSC0509.dbc,2005,SC,sr_mes_09,DBC,ignorado,data/ignored/cnes/SRSC0509.dbc,Fora do recorte principal de CNES.
CNES,SRSC0510.dbc,2005,SC,sr_mes_10,DBC,ignorado,data/ignored/cnes/SRSC0510.dbc,Fora do recorte principal de CNES.
CNES,SRSC0511.dbc,2005,SC,sr_mes_11,DBC,ignorado,data/ignored/cnes/SRSC0511.dbc,Fora do recorte principal de CNES.
CNES,SRSC0512.dbc,2005,SC,sr_mes_12,DBC,ignorado,data/ignored/cnes/SRSC0512.dbc,Fora do recorte principal de CNES.
CNES,SRSC0601.dbc,2006,SC,sr_mes_01,DBC,ignorado,data/ignored/cnes/SRSC0601.dbc,Fora do recorte principal de CNES.
CNES,SRSC0602.dbc,2006,SC,sr_mes_02,DBC,ignorado,data/ignored/cnes/SRSC0602.dbc,Fora do recorte principal de CNES.
CNES,SRSC0603.dbc,2006,SC,sr_mes_03,DBC,ignorado,data/ignored/cnes/SRSC0603.dbc,Fora do recorte principal de CNES.
CNES,SRSC0604.dbc,2006,SC,sr_mes_04,DBC,ignorado,data/ignored/cnes/SRSC0604.dbc,Fora do recorte principal de CNES.
CNES,SRSC0605.dbc,2006,SC,sr_mes_05,DBC,ignorado,data/ignored/cnes/SRSC0605.dbc,Fora do recorte principal de CNES.
CNES,SRSC0606.dbc,2006,SC,sr_mes_06,DBC,ignorado,data/ignored/cnes/SRSC0606.dbc,Fora do recorte principal de CNES.
CNES,SRSC0607.dbc,2006,SC,sr_mes_07,DBC,ignorado,data/ignored/cnes/SRSC0607.dbc,Fora do recorte principal de CNES.
CNES,SRSC0608.dbc,2006,SC,sr_mes_08,DBC,ignorado,data/ignored/cnes/SRSC0608.dbc,Fora do recorte principal de CNES.
CNES,SRSC0609.dbc,2006,SC,sr_mes_09,DBC,ignorado,data/ignored/cnes/SRSC0609.dbc,Fora do recorte principal de CNES.
CNES,SRSC0610.dbc,2006,SC,sr_mes_10,DBC,ignorado,data/ignored/cnes/SRSC0610.dbc,Fora do recorte principal de CNES.
CNES,SRSC0611.dbc,2006,SC,sr_mes_11,DBC,ignorado,data/ignored/cnes/SRSC0611.dbc,Fora do recorte principal de CNES.
CNES,SRSC0612.dbc,2006,SC,sr_mes_12,DBC,ignorado,data/ignored/cnes/SRSC0612.dbc,Fora do recorte principal de CNES.
CNES,SRSC0701.dbc,2007,SC,sr_mes_01,DBC,ignorado,data/ignored/cnes/SRSC0701.dbc,Fora do recorte principal de CNES.
CNES,SRSC0702.dbc,2007,SC,sr_mes_02,DBC,ignorado,data/ignored/cnes/SRSC0702.dbc,Fora do recorte principal de CNES.
CNES,SRSC0703.dbc,2007,SC,sr_mes_03,DBC,ignorado,data/ignored/cnes/SRSC0703.dbc,Fora do recorte principal de CNES.
CNES,SRSC0704.dbc,2007,SC,sr_mes_04,DBC,ignorado,data/ignored/cnes/SRSC0704.dbc,Fora do recorte principal de CNES.
CNES,SRSC0705.dbc,2007,SC,sr_mes_05,DBC,ignorado,data/ignored/cnes/SRSC0705.dbc,Fora do recorte principal de CNES.
CNES,SRSC0706.dbc,2007,SC,sr_mes_06,DBC,ignorado,data/ignored/cnes/SRSC0706.dbc,Fora do recorte principal de CNES.
CNES,SRSC0707.dbc,2007,SC,sr_mes_07,DBC,ignorado,data/ignored/cnes/SRSC0707.dbc,Fora do recorte principal de CNES.
CNES,SRSC0708.dbc,2007,SC,sr_mes_08,DBC,ignorado,data/ignored/cnes/SRSC0708.dbc,Fora do recorte principal de CNES.
CNES,SRSC0709.dbc,2007,SC,sr_mes_09,DBC,ignorado,data/ignored/cnes/SRSC0709.dbc,Fora do recorte principal de CNES.
CNES,SRSC0710.dbc,2007,SC,sr_mes_10,DBC,ignorado,data/ignored/cnes/SRSC0710.dbc,Fora do recorte principal de CNES.
CNES,SRSC0711.dbc,2007,SC,sr_mes_11,DBC,ignorado,data/ignored/cnes/SRSC0711.dbc,Fora do recorte principal de CNES.
CNES,SRSC0712.dbc,2007,SC,sr_mes_12,DBC,ignorado,data/ignored/cnes/SRSC0712.dbc,Fora do recorte principal de CNES.
CNES,SRSC0801.dbc,2008,SC,sr_mes_01,DBC,ignorado,data/ignored/cnes/SRSC0801.dbc,Fora do recorte principal de CNES.
CNES,SRSC0802.dbc,2008,SC,sr_mes_02,DBC,ignorado,data/ignored/cnes/SRSC0802.dbc,Fora do recorte principal de CNES.
CNES,SRSC0803.dbc,2008,SC,sr_mes_03,DBC,ignorado,data/ignored/cnes/SRSC0803.dbc,Fora do recorte principal de CNES.
CNES,SRSC0804.dbc,2008,SC,sr_mes_04,DBC,ignorado,data/ignored/cnes/SRSC0804.dbc,Fora do recorte principal de CNES.
CNES,SRSC0805.dbc,2008,SC,sr_mes_05,DBC,ignorado,data/ignored/cnes/SRSC0805.dbc,Fora do recorte principal de CNES.
CNES,SRSC0806.dbc,2008,SC,sr_mes_06,DBC,ignorado,data/ignored/cnes/SRSC0806.dbc,Fora do recorte principal de CNES.
CNES,SRSC0807.dbc,2008,SC,sr_mes_07,DBC,ignorado,data/ignored/cnes/SRSC0807.dbc,Fora do recorte principal de CNES.
CNES,SRSC0808.dbc,2008,SC,sr_mes_08,DBC,ignorado,data/ignored/cnes/SRSC0808.dbc,Fora do recorte principal de CNES.
CNES,SRSC0809.dbc,2008,SC,sr_mes_09,DBC,ignorado,data/ignored/cnes/SRSC0809.dbc,Fora do recorte principal de CNES.
CNES,SRSC0810.dbc,2008,SC,sr_mes_10,DBC,ignorado,data/ignored/cnes/SRSC0810.dbc,Fora do recorte principal de CNES.
CNES,SRSC0811.dbc,2008,SC,sr_mes_11,DBC,ignorado,data/ignored/cnes/SRSC0811.dbc,Fora do recorte principal de CNES.
CNES,SRSC0812.dbc,2008,SC,sr_mes_12,DBC,ignorado,data/ignored/cnes/SRSC0812.dbc,Fora do recorte principal de CNES.
CNES,SRSC0901.dbc,2009,SC,sr_mes_01,DBC,ignorado,data/ignored/cnes/SRSC0901.dbc,Fora do recorte principal de CNES.
CNES,SRSC0902.dbc,2009,SC,sr_mes_02,DBC,ignorado,data/ignored/cnes/SRSC0902.dbc,Fora do recorte principal de CNES.
CNES,SRSC0903.dbc,2009,SC,sr_mes_03,DBC,ignorado,data/ignored/cnes/SRSC0903.dbc,Fora do recorte principal de CNES.
CNES,SRSC0904.dbc,2009,SC,sr_mes_04,DBC,ignorado,data/ignored/cnes/SRSC0904.dbc,Fora do recorte principal de CNES.
CNES,SRSC0905.dbc,2009,SC,sr_mes_05,DBC,ignorado,data/ignored/cnes/SRSC0905.dbc,Fora do recorte principal de CNES.
CNES,SRSC0906.dbc,2009,SC,sr_mes_06,DBC,ignorado,data/ignored/cnes/SRSC0906.dbc,Fora do recorte principal de CNES.
CNES,SRSC0907.dbc,2009,SC,sr_mes_07,DBC,ignorado,data/ignored/cnes/SRSC0907.dbc,Fora do recorte principal de CNES.
CNES,SRSC0908.dbc,2009,SC,sr_mes_08,DBC,ignorado,data/ignored/cnes/SRSC0908.dbc,Fora do recorte principal de CNES.
CNES,SRSC0909.dbc,2009,SC,sr_mes_09,DBC,ignorado,data/ignored/cnes/SRSC0909.dbc,Fora do recorte principal de CNES.
CNES,SRSC0910.dbc,2009,SC,sr_mes_10,DBC,ignorado,data/ignored/cnes/SRSC0910.dbc,Fora do recorte principal de CNES.
CNES,SRSC0911.dbc,2009,SC,sr_mes_11,DBC,ignorado,data/ignored/cnes/SRSC0911.dbc,Fora do recorte principal de CNES.
CNES,SRSC0912.dbc,2009,SC,sr_mes_12,DBC,ignorado,data/ignored/cnes/SRSC0912.dbc,Fora do recorte principal de CNES.
CNES,SRSC1001.dbc,2010,SC,sr_mes_01,DBC,ignorado,data/ignored/cnes/SRSC1001.dbc,Fora do recorte principal de CNES.
CNES,SRSC1002.dbc,2010,SC,sr_mes_02,DBC,ignorado,data/ignored/cnes/SRSC1002.dbc,Fora do recorte principal de CNES.
CNES,SRSC1003.dbc,2010,SC,sr_mes_03,DBC,ignorado,data/ignored/cnes/SRSC1003.dbc,Fora do recorte principal de CNES.
CNES,SRSC1004.dbc,2010,SC,sr_mes_04,DBC,ignorado,data/ignored/cnes/SRSC1004.dbc,Fora do recorte principal de CNES.
CNES,SRSC1005.dbc,2010,SC,sr_mes_05,DBC,ignorado,data/ignored/cnes/SRSC1005.dbc,Fora do recorte principal de CNES.
CNES,SRSC1006.dbc,2010,SC,sr_mes_06,DBC,ignorado,data/ignored/cnes/SRSC1006.dbc,Fora do recorte principal de CNES.
CNES,SRSC1007.dbc,2010,SC,sr_mes_07,DBC,ignorado,data/ignored/cnes/SRSC1007.dbc,Fora do recorte principal de CNES.
CNES,SRSC1008.dbc,2010,SC,sr_mes_08,DBC,ignorado,data/ignored/cnes/SRSC1008.dbc,Fora do recorte principal de CNES.
CNES,SRSC1009.dbc,2010,SC,sr_mes_09,DBC,ignorado,data/ignored/cnes/SRSC1009.dbc,Fora do recorte principal de CNES.
CNES,SRSC1010.dbc,2010,SC,sr_mes_10,DBC,ignorado,data/ignored/cnes/SRSC1010.dbc,Fora do recorte principal de CNES.
CNES,SRSC1011.dbc,2010,SC,sr_mes_11,DBC,ignorado,data/ignored/cnes/SRSC1011.dbc,Fora do recorte principal de CNES.
CNES,SRSC1012.dbc,2010,SC,sr_mes_12,DBC,ignorado,data/ignored/cnes/SRSC1012.dbc,Fora do recorte principal de CNES.
CNES,SRSC1101.dbc,2011,SC,sr_mes_01,DBC,ignorado,data/ignored/cnes/SRSC1101.dbc,Fora do recorte principal de CNES.
CNES,SRSC1102.dbc,2011,SC,sr_mes_02,DBC,ignorado,data/ignored/cnes/SRSC1102.dbc,Fora do recorte principal de CNES.
CNES,SRSC1103.dbc,2011,SC,sr_mes_03,DBC,ignorado,data/ignored/cnes/SRSC1103.dbc,Fora do recorte principal de CNES.
CNES,SRSC1104.dbc,2011,SC,sr_mes_04,DBC,ignorado,data/ignored/cnes/SRSC1104.dbc,Fora do recorte principal de CNES.
CNES,SRSC1105.dbc,2011,SC,sr_mes_05,DBC,ignorado,data/ignored/cnes/SRSC1105.dbc,Fora do recorte principal de CNES.
CNES,SRSC1106.dbc,2011,SC,sr_mes_06,DBC,ignorado,data/ignored/cnes/SRSC1106.dbc,Fora do recorte principal de CNES.
CNES,SRSC1107.dbc,2011,SC,sr_mes_07,DBC,ignorado,data/ignored/cnes/SRSC1107.dbc,Fora do recorte principal de CNES.
CNES,SRSC1108.dbc,2011,SC,sr_mes_08,DBC,ignorado,data/ignored/cnes/SRSC1108.dbc,Fora do recorte principal de CNES.
CNES,SRSC1109.dbc,2011,SC,sr_mes_09,DBC,ignorado,data/ignored/cnes/SRSC1109.dbc,Fora do recorte principal de CNES.
CNES,SRSC1110.dbc,2011,SC,sr_mes_10,DBC,ignorado,data/ignored/cnes/SRSC1110.dbc,Fora do recorte principal de CNES.
CNES,SRSC1111.dbc,2011,SC,sr_mes_11,DBC,ignorado,data/ignored/cnes/SRSC1111.dbc,Fora do recorte principal de CNES.
CNES,SRSC1112.dbc,2011,SC,sr_mes_12,DBC,ignorado,data/ignored/cnes/SRSC1112.dbc,Fora do recorte principal de CNES.
CNES,SRSC1201.dbc,2012,SC,sr_mes_01,DBC,ignorado,data/ignored/cnes/SRSC1201.dbc,Fora do recorte principal de CNES.
CNES,SRSC1202.dbc,2012,SC,sr_mes_02,DBC,ignorado,data/ignored/cnes/SRSC1202.dbc,Fora do recorte principal de CNES.
CNES,SRSC1203.dbc,2012,SC,sr_mes_03,DBC,ignorado,data/ignored/cnes/SRSC1203.dbc,Fora do recorte principal de CNES.
CNES,SRSC1204.dbc,2012,SC,sr_mes_04,DBC,ignorado,data/ignored/cnes/SRSC1204.dbc,Fora do recorte principal de CNES.
CNES,SRSC1205.dbc,2012,SC,sr_mes_05,DBC,ignorado,data/ignored/cnes/SRSC1205.dbc,Fora do recorte principal de CNES.
CNES,SRSC1206.dbc,2012,SC,sr_mes_06,DBC,ignorado,data/ignored/cnes/SRSC1206.dbc,Fora do recorte principal de CNES.
CNES,SRSC1207.dbc,2012,SC,sr_mes_07,DBC,ignorado,data/ignored/cnes/SRSC1207.dbc,Fora do recorte principal de CNES.
CNES,SRSC1208.dbc,2012,SC,sr_mes_08,DBC,ignorado,data/ignored/cnes/SRSC1208.dbc,Fora do recorte principal de CNES.
CNES,SRSC1209.dbc,2012,SC,sr_mes_09,DBC,ignorado,data/ignored/cnes/SRSC1209.dbc,Fora do recorte principal de CNES.
CNES,SRSC1210.dbc,2012,SC,sr_mes_10,DBC,ignorado,data/ignored/cnes/SRSC1210.dbc,Fora do recorte principal de CNES.
CNES,SRSC1211.dbc,2012,SC,sr_mes_11,DBC,ignorado,data/ignored/cnes/SRSC1211.dbc,Fora do recorte principal de CNES.
CNES,SRSC1212.dbc,2012,SC,sr_mes_12,DBC,ignorado,data/ignored/cnes/SRSC1212.dbc,Fora do recorte principal de CNES.
CNES,SRSC1301.dbc,2013,SC,sr_mes_01,DBC,ignorado,data/ignored/cnes/SRSC1301.dbc,Fora do recorte principal de CNES.
CNES,SRSC1302.dbc,2013,SC,sr_mes_02,DBC,ignorado,data/ignored/cnes/SRSC1302.dbc,Fora do recorte principal de CNES.
CNES,SRSC1303.dbc,2013,SC,sr_mes_03,DBC,ignorado,data/ignored/cnes/SRSC1303.dbc,Fora do recorte principal de CNES.
CNES,SRSC1304.dbc,2013,SC,sr_mes_04,DBC,ignorado,data/ignored/cnes/SRSC1304.dbc,Fora do recorte principal de CNES.
CNES,SRSC1305.dbc,2013,SC,sr_mes_05,DBC,ignorado,data/ignored/cnes/SRSC1305.dbc,Fora do recorte principal de CNES.
CNES,SRSC1306.dbc,2013,SC,sr_mes_06,DBC,ignorado,data/ignored/cnes/SRSC1306.dbc,Fora do recorte principal de CNES.
CNES,SRSC1307.dbc,2013,SC,sr_mes_07,DBC,ignorado,data/ignored/cnes/SRSC1307.dbc,Fora do recorte principal de CNES.
CNES,SRSC1308.dbc,2013,SC,sr_mes_08,DBC,ignorado,data/ignored/cnes/SRSC1308.dbc,Fora do recorte principal de CNES.
CNES,SRSC1309.dbc,2013,SC,sr_mes_09,DBC,ignorado,data/ignored/cnes/SRSC1309.dbc,Fora do recorte principal de CNES.
CNES,SRSC1310.dbc,2013,SC,sr_mes_10,DBC,ignorado,data/ignored/cnes/SRSC1310.dbc,Fora do recorte principal de CNES.
CNES,SRSC1311.dbc,2013,SC,sr_mes_11,DBC,ignorado,data/ignored/cnes/SRSC1311.dbc,Fora do recorte principal de CNES.
CNES,SRSC1312.dbc,2013,SC,sr_mes_12,DBC,ignorado,data/ignored/cnes/SRSC1312.dbc,Fora do recorte principal de CNES.
CNES,SRSC1401.dbc,2014,SC,sr_mes_01,DBC,ignorado,data/ignored/cnes/SRSC1401.dbc,Fora do recorte principal de CNES.
CNES,SRSC1402.dbc,2014,SC,sr_mes_02,DBC,ignorado,data/ignored/cnes/SRSC1402.dbc,Fora do recorte principal de CNES.
CNES,SRSC1403.dbc,2014,SC,sr_mes_03,DBC,ignorado,data/ignored/cnes/SRSC1403.dbc,Fora do recorte principal de CNES.
CNES,SRSC1404.dbc,2014,SC,sr_mes_04,DBC,ignorado,data/ignored/cnes/SRSC1404.dbc,Fora do recorte principal de CNES.
CNES,SRSC1405.dbc,2014,SC,sr_mes_05,DBC,ignorado,data/ignored/cnes/SRSC1405.dbc,Fora do recorte principal de CNES.
CNES,SRSC1406.dbc,2014,SC,sr_mes_06,DBC,ignorado,data/ignored/cnes/SRSC1406.dbc,Fora do recorte principal de CNES.
CNES,SRSC1407.dbc,2014,SC,sr_mes_07,DBC,ignorado,data/ignored/cnes/SRSC1407.dbc,Fora do recorte principal de CNES.
CNES,SRSC1408.dbc,2014,SC,sr_mes_08,DBC,ignorado,data/ignored/cnes/SRSC1408.dbc,Fora do recorte principal de CNES.
CNES,SRSC1409.dbc,2014,SC,sr_mes_09,DBC,ignorado,data/ignored/cnes/SRSC1409.dbc,Fora do recorte principal de CNES.
CNES,SRSC1410.dbc,2014,SC,sr_mes_10,DBC,ignorado,data/ignored/cnes/SRSC1410.dbc,Fora do recorte principal de CNES.
CNES,SRSC1411.dbc,2014,SC,sr_mes_11,DBC,ignorado,data/ignored/cnes/SRSC1411.dbc,Fora do recorte principal de CNES.
CNES,SRSC1412.dbc,2014,SC,sr_mes_12,DBC,ignorado,data/ignored/cnes/SRSC1412.dbc,Fora do recorte principal de CNES.
CNES,SRSC1501.dbc,2015,SC,sr_mes_01,DBC,ignorado,data/ignored/cnes/SRSC1501.dbc,Fora do recorte principal de CNES.
CNES,SRSC1502.dbc,2015,SC,sr_mes_02,DBC,ignorado,data/ignored/cnes/SRSC1502.dbc,Fora do recorte principal de CNES.
CNES,SRSC1503.dbc,2015,SC,sr_mes_03,DBC,ignorado,data/ignored/cnes/SRSC1503.dbc,Fora do recorte principal de CNES.
CNES,SRSC1504.dbc,2015,SC,sr_mes_04,DBC,ignorado,data/ignored/cnes/SRSC1504.dbc,Fora do recorte principal de CNES.
CNES,SRSC1505.dbc,2015,SC,sr_mes_05,DBC,ignorado,data/ignored/cnes/SRSC1505.dbc,Fora do recorte principal de CNES.
CNES,SRSC1506.dbc,2015,SC,sr_mes_06,DBC,ignorado,data/ignored/cnes/SRSC1506.dbc,Fora do recorte principal de CNES.
CNES,SRSC1507.dbc,2015,SC,sr_mes_07,DBC,ignorado,data/ignored/cnes/SRSC1507.dbc,Fora do recorte principal de CNES.
CNES,SRSC1508.dbc,2015,SC,sr_mes_08,DBC,ignorado,data/ignored/cnes/SRSC1508.dbc,Fora do recorte principal de CNES.
CNES,SRSC1509.dbc,2015,SC,sr_mes_09,DBC,ignorado,data/ignored/cnes/SRSC1509.dbc,Fora do recorte principal de CNES.
CNES,SRSC1510.dbc,2015,SC,sr_mes_10,DBC,ignorado,data/ignored/cnes/SRSC1510.dbc,Fora do recorte principal de CNES.
CNES,SRSC1511.dbc,2015,SC,sr_mes_11,DBC,ignorado,data/ignored/cnes/SRSC1511.dbc,Fora do recorte principal de CNES.
CNES,SRSC1512.dbc,2015,SC,sr_mes_12,DBC,ignorado,data/ignored/cnes/SRSC1512.dbc,Fora do recorte principal de CNES.
CNES,SRSC1601.dbc,2016,SC,sr_mes_01,DBC,ignorado,data/ignored/cnes/SRSC1601.dbc,Fora do recorte principal de CNES.
CNES,SRSC1602.dbc,2016,SC,sr_mes_02,DBC,ignorado,data/ignored/cnes/SRSC1602.dbc,Fora do recorte principal de CNES.
CNES,SRSC1603.dbc,2016,SC,sr_mes_03,DBC,ignorado,data/ignored/cnes/SRSC1603.dbc,Fora do recorte principal de CNES.
CNES,SRSC1604.dbc,2016,SC,sr_mes_04,DBC,ignorado,data/ignored/cnes/SRSC1604.dbc,Fora do recorte principal de CNES.
CNES,SRSC1605.dbc,2016,SC,sr_mes_05,DBC,ignorado,data/ignored/cnes/SRSC1605.dbc,Fora do recorte principal de CNES.
CNES,SRSC1606.dbc,2016,SC,sr_mes_06,DBC,ignorado,data/ignored/cnes/SRSC1606.dbc,Fora do recorte principal de CNES.
CNES,SRSC1607.dbc,2016,SC,sr_mes_07,DBC,ignorado,data/ignored/cnes/SRSC1607.dbc,Fora do recorte principal de CNES.
CNES,SRSC1608.dbc,2016,SC,sr_mes_08,DBC,ignorado,data/ignored/cnes/SRSC1608.dbc,Fora do recorte principal de CNES.
CNES,SRSC1609.dbc,2016,SC,sr_mes_09,DBC,ignorado,data/ignored/cnes/SRSC1609.dbc,Fora do recorte principal de CNES.
CNES,SRSC1610.dbc,2016,SC,sr_mes_10,DBC,ignorado,data/ignored/cnes/SRSC1610.dbc,Fora do recorte principal de CNES.
CNES,SRSC1611.dbc,2016,SC,sr_mes_11,DBC,ignorado,data/ignored/cnes/SRSC1611.dbc,Fora do recorte principal de CNES.
CNES,SRSC1612.dbc,2016,SC,sr_mes_12,DBC,ignorado,data/ignored/cnes/SRSC1612.dbc,Fora do recorte principal de CNES.
CNES,SRSC1701.dbc,2017,SC,sr_mes_01,DBC,ignorado,data/ignored/cnes/SRSC1701.dbc,Fora do recorte principal de CNES.
CNES,SRSC1702.dbc,2017,SC,sr_mes_02,DBC,ignorado,data/ignored/cnes/SRSC1702.dbc,Fora do recorte principal de CNES.
CNES,SRSC1703.dbc,2017,SC,sr_mes_03,DBC,ignorado,data/ignored/cnes/SRSC1703.dbc,Fora do recorte principal de CNES.
CNES,SRSC1704.dbc,2017,SC,sr_mes_04,DBC,ignorado,data/ignored/cnes/SRSC1704.dbc,Fora do recorte principal de CNES.
CNES,SRSC1705.dbc,2017,SC,sr_mes_05,DBC,ignorado,data/ignored/cnes/SRSC1705.dbc,Fora do recorte principal de CNES.
CNES,SRSC1706.dbc,2017,SC,sr_mes_06,DBC,ignorado,data/ignored/cnes/SRSC1706.dbc,Fora do recorte principal de CNES.
CNES,SRSC1707.dbc,2017,SC,sr_mes_07,DBC,ignorado,data/ignored/cnes/SRSC1707.dbc,Fora do recorte principal de CNES.
CNES,SRSC1708.dbc,2017,SC,sr_mes_08,DBC,ignorado,data/ignored/cnes/SRSC1708.dbc,Fora do recorte principal de CNES.
CNES,SRSC1709.dbc,2017,SC,sr_mes_09,DBC,ignorado,data/ignored/cnes/SRSC1709.dbc,Fora do recorte principal de CNES.
CNES,SRSC1710.dbc,2017,SC,sr_mes_10,DBC,ignorado,data/ignored/cnes/SRSC1710.dbc,Fora do recorte principal de CNES.
CNES,SRSC1711.dbc,2017,SC,sr_mes_11,DBC,ignorado,data/ignored/cnes/SRSC1711.dbc,Fora do recorte principal de CNES.
CNES,SRSC1712.dbc,2017,SC,sr_mes_12,DBC,ignorado,data/ignored/cnes/SRSC1712.dbc,Fora do recorte principal de CNES.
CNES,SRSC1801.dbc,2018,SC,sr_mes_01,DBC,ignorado,data/ignored/cnes/SRSC1801.dbc,Fora do recorte principal de CNES.
CNES,SRSC1802.dbc,2018,SC,sr_mes_02,DBC,ignorado,data/ignored/cnes/SRSC1802.dbc,Fora do recorte principal de CNES.
CNES,SRSC1803.dbc,2018,SC,sr_mes_03,DBC,ignorado,data/ignored/cnes/SRSC1803.dbc,Fora do recorte principal de CNES.
CNES,SRSC1804.dbc,2018,SC,sr_mes_04,DBC,ignorado,data/ignored/cnes/SRSC1804.dbc,Fora do recorte principal de CNES.
CNES,SRSC1805.dbc,2018,SC,sr_mes_05,DBC,ignorado,data/ignored/cnes/SRSC1805.dbc,Fora do recorte principal de CNES.
CNES,SRSC1806.dbc,2018,SC,sr_mes_06,DBC,ignorado,data/ignored/cnes/SRSC1806.dbc,Fora do recorte principal de CNES.
CNES,SRSC1807.dbc,2018,SC,sr_mes_07,DBC,ignorado,data/ignored/cnes/SRSC1807.dbc,Fora do recorte principal de CNES.
CNES,SRSC1808.dbc,2018,SC,sr_mes_08,DBC,ignorado,data/ignored/cnes/SRSC1808.dbc,Fora do recorte principal de CNES.
CNES,SRSC1809.dbc,2018,SC,sr_mes_09,DBC,ignorado,data/ignored/cnes/SRSC1809.dbc,Fora do recorte principal de CNES.
CNES,SRSC1810.dbc,2018,SC,sr_mes_10,DBC,ignorado,data/ignored/cnes/SRSC1810.dbc,Fora do recorte principal de CNES.
CNES,SRSC1811.dbc,2018,SC,sr_mes_11,DBC,ignorado,data/ignored/cnes/SRSC1811.dbc,Fora do recorte principal de CNES.
CNES,SRSC1812.dbc,2018,SC,sr_mes_12,DBC,ignorado,data/ignored/cnes/SRSC1812.dbc,Fora do recorte principal de CNES.
CNES,SRSC1901.dbc,2019,SC,sr_mes_01,DBC,ignorado,data/ignored/cnes/SRSC1901.dbc,Fora do recorte principal de CNES.
CNES,SRSC1902.dbc,2019,SC,sr_mes_02,DBC,ignorado,data/ignored/cnes/SRSC1902.dbc,Fora do recorte principal de CNES.
CNES,SRSC1903.dbc,2019,SC,sr_mes_03,DBC,ignorado,data/ignored/cnes/SRSC1903.dbc,Fora do recorte principal de CNES.
CNES,SRSC1904.dbc,2019,SC,sr_mes_04,DBC,ignorado,data/ignored/cnes/SRSC1904.dbc,Fora do recorte principal de CNES.
CNES,SRSC1905.dbc,2019,SC,sr_mes_05,DBC,ignorado,data/ignored/cnes/SRSC1905.dbc,Fora do recorte principal de CNES.
CNES,SRSC1906.dbc,2019,SC,sr_mes_06,DBC,ignorado,data/ignored/cnes/SRSC1906.dbc,Fora do recorte principal de CNES.
CNES,SRSC1907.dbc,2019,SC,sr_mes_07,DBC,ignorado,data/ignored/cnes/SRSC1907.dbc,Fora do recorte principal de CNES.
CNES,SRSC1908.dbc,2019,SC,sr_mes_08,DBC,ignorado,data/ignored/cnes/SRSC1908.dbc,Fora do recorte principal de CNES.
CNES,SRSC1909.dbc,2019,SC,sr_mes_09,DBC,ignorado,data/ignored/cnes/SRSC1909.dbc,Fora do recorte principal de CNES.
CNES,SRSC1910.dbc,2019,SC,sr_mes_10,DBC,ignorado,data/ignored/cnes/SRSC1910.dbc,Fora do recorte principal de CNES.
CNES,SRSC1911.dbc,2019,SC,sr_mes_11,DBC,ignorado,data/ignored/cnes/SRSC1911.dbc,Fora do recorte principal de CNES.
CNES,SRSC1912.dbc,2019,SC,sr_mes_12,DBC,ignorado,data/ignored/cnes/SRSC1912.dbc,Fora do recorte principal de CNES.
CNES,SRSC2001.dbc,2020,SC,sr_mes_01,DBC,ignorado,data/ignored/cnes/SRSC2001.dbc,Fora do recorte principal de CNES.
CNES,SRSC2002.dbc,2020,SC,sr_mes_02,DBC,ignorado,data/ignored/cnes/SRSC2002.dbc,Fora do recorte principal de CNES.
CNES,SRSC2003.dbc,2020,SC,sr_mes_03,DBC,ignorado,data/ignored/cnes/SRSC2003.dbc,Fora do recorte principal de CNES.
CNES,SRSC2004.dbc,2020,SC,sr_mes_04,DBC,ignorado,data/ignored/cnes/SRSC2004.dbc,Fora do recorte principal de CNES.
CNES,SRSC2005.dbc,2020,SC,sr_mes_05,DBC,ignorado,data/ignored/cnes/SRSC2005.dbc,Fora do recorte principal de CNES.
CNES,SRSC2006.dbc,2020,SC,sr_mes_06,DBC,ignorado,data/ignored/cnes/SRSC2006.dbc,Fora do recorte principal de CNES.
CNES,SRSC2007.dbc,2020,SC,sr_mes_07,DBC,ignorado,data/ignored/cnes/SRSC2007.dbc,Fora do recorte principal de CNES.
CNES,SRSC2008.dbc,2020,SC,sr_mes_08,DBC,ignorado,data/ignored/cnes/SRSC2008.dbc,Fora do recorte principal de CNES.
CNES,SRSC2009.dbc,2020,SC,sr_mes_09,DBC,ignorado,data/ignored/cnes/SRSC2009.dbc,Fora do recorte principal de CNES.
CNES,SRSC2010.dbc,2020,SC,sr_mes_10,DBC,ignorado,data/ignored/cnes/SRSC2010.dbc,Fora do recorte principal de CNES.
CNES,SRSC2011.dbc,2020,SC,sr_mes_11,DBC,ignorado,data/ignored/cnes/SRSC2011.dbc,Fora do recorte principal de CNES.
CNES,SRSC2012.dbc,2020,SC,sr_mes_12,DBC,ignorado,data/ignored/cnes/SRSC2012.dbc,Fora do recorte principal de CNES.
CNES,SRSC2101.dbc,2021,SC,sr_mes_01,DBC,ignorado,data/ignored/cnes/SRSC2101.dbc,Fora do recorte principal de CNES.
CNES,SRSC2102.dbc,2021,SC,sr_mes_02,DBC,ignorado,data/ignored/cnes/SRSC2102.dbc,Fora do recorte principal de CNES.
CNES,SRSC2103.dbc,2021,SC,sr_mes_03,DBC,ignorado,data/ignored/cnes/SRSC2103.dbc,Fora do recorte principal de CNES.
CNES,SRSC2104.dbc,2021,SC,sr_mes_04,DBC,ignorado,data/ignored/cnes/SRSC2104.dbc,Fora do recorte principal de CNES.
CNES,SRSC2105.dbc,2021,SC,sr_mes_05,DBC,ignorado,data/ignored/cnes/SRSC2105.dbc,Fora do recorte principal de CNES.
CNES,SRSC2106.dbc,2021,SC,sr_mes_06,DBC,ignorado,data/ignored/cnes/SRSC2106.dbc,Fora do recorte principal de CNES.
CNES,SRSC2107.dbc,2021,SC,sr_mes_07,DBC,ignorado,data/ignored/cnes/SRSC2107.dbc,Fora do recorte principal de CNES.
CNES,SRSC2108.dbc,2021,SC,sr_mes_08,DBC,ignorado,data/ignored/cnes/SRSC2108.dbc,Fora do recorte principal de CNES.
CNES,SRSC2109.dbc,2021,SC,sr_mes_09,DBC,ignorado,data/ignored/cnes/SRSC2109.dbc,Fora do recorte principal de CNES.
CNES,SRSC2110.dbc,2021,SC,sr_mes_10,DBC,ignorado,data/ignored/cnes/SRSC2110.dbc,Fora do recorte principal de CNES.
CNES,SRSC2111.dbc,2021,SC,sr_mes_11,DBC,ignorado,data/ignored/cnes/SRSC2111.dbc,Fora do recorte principal de CNES.
CNES,SRSC2112.dbc,2021,SC,sr_mes_12,DBC,ignorado,data/ignored/cnes/SRSC2112.dbc,Fora do recorte principal de CNES.
CNES,SRSC2201.dbc,2022,SC,sr_mes_01,DBC,ignorado,data/ignored/cnes/SRSC2201.dbc,Fora do recorte principal de CNES.
CNES,SRSC2202.dbc,2022,SC,sr_mes_02,DBC,ignorado,data/ignored/cnes/SRSC2202.dbc,Fora do recorte principal de CNES.
CNES,SRSC2203.dbc,2022,SC,sr_mes_03,DBC,ignorado,data/ignored/cnes/SRSC2203.dbc,Fora do recorte principal de CNES.
CNES,SRSC2204.dbc,2022,SC,sr_mes_04,DBC,ignorado,data/ignored/cnes/SRSC2204.dbc,Fora do recorte principal de CNES.
CNES,SRSC2205.dbc,2022,SC,sr_mes_05,DBC,ignorado,data/ignored/cnes/SRSC2205.dbc,Fora do recorte principal de CNES.
CNES,SRSC2206.dbc,2022,SC,sr_mes_06,DBC,ignorado,data/ignored/cnes/SRSC2206.dbc,Fora do recorte principal de CNES.
CNES,SRSC2207.dbc,2022,SC,sr_mes_07,DBC,ignorado,data/ignored/cnes/SRSC2207.dbc,Fora do recorte principal de CNES.
CNES,SRSC2208.dbc,2022,SC,sr_mes_08,DBC,ignorado,data/ignored/cnes/SRSC2208.dbc,Fora do recorte principal de CNES.
CNES,SRSC2209.dbc,2022,SC,sr_mes_09,DBC,ignorado,data/ignored/cnes/SRSC2209.dbc,Fora do recorte principal de CNES.
CNES,SRSC2210.dbc,2022,SC,sr_mes_10,DBC,ignorado,data/ignored/cnes/SRSC2210.dbc,Fora do recorte principal de CNES.
CNES,SRSC2211.dbc,2022,SC,sr_mes_11,DBC,ignorado,data/ignored/cnes/SRSC2211.dbc,Fora do recorte principal de CNES.
CNES,SRSC2212.dbc,2022,SC,sr_mes_12,DBC,ignorado,data/ignored/cnes/SRSC2212.dbc,Fora do recorte principal de CNES.
CNES,SRSC2301.dbc,2023,SC,sr_mes_01,DBC,ignorado,data/ignored/cnes/SRSC2301.dbc,Fora do recorte principal de CNES.
CNES,SRSC2302.dbc,2023,SC,sr_mes_02,DBC,ignorado,data/ignored/cnes/SRSC2302.dbc,Fora do recorte principal de CNES.
CNES,SRSC2303.dbc,2023,SC,sr_mes_03,DBC,ignorado,data/ignored/cnes/SRSC2303.dbc,Fora do recorte principal de CNES.
CNES,SRSC2304.dbc,2023,SC,sr_mes_04,DBC,ignorado,data/ignored/cnes/SRSC2304.dbc,Fora do recorte principal de CNES.
CNES,SRSC2305.dbc,2023,SC,sr_mes_05,DBC,ignorado,data/ignored/cnes/SRSC2305.dbc,Fora do recorte principal de CNES.
CNES,SRSC2306.dbc,2023,SC,sr_mes_06,DBC,ignorado,data/ignored/cnes/SRSC2306.dbc,Fora do recorte principal de CNES.
CNES,SRSC2307.dbc,2023,SC,sr_mes_07,DBC,ignorado,data/ignored/cnes/SRSC2307.dbc,Fora do recorte principal de CNES.
CNES,SRSC2308.dbc,2023,SC,sr_mes_08,DBC,ignorado,data/ignored/cnes/SRSC2308.dbc,Fora do recorte principal de CNES.
CNES,SRSC2309.dbc,2023,SC,sr_mes_09,DBC,ignorado,data/ignored/cnes/SRSC2309.dbc,Fora do recorte principal de CNES.
CNES,SRSC2310.dbc,2023,SC,sr_mes_10,DBC,ignorado,data/ignored/cnes/SRSC2310.dbc,Fora do recorte principal de CNES.
CNES,SRSC2311.dbc,2023,SC,sr_mes_11,DBC,ignorado,data/ignored/cnes/SRSC2311.dbc,Fora do recorte principal de CNES.
CNES,SRSC2312.dbc,2023,SC,sr_mes_12,DBC,ignorado,data/ignored/cnes/SRSC2312.dbc,Fora do recorte principal de CNES.
CNES,SRSC2401.dbc,2024,SC,sr_mes_01,DBC,ignorado,data/ignored/cnes/SRSC2401.dbc,Fora do recorte principal de CNES.
CNES,SRSC2402.dbc,2024,SC,sr_mes_02,DBC,ignorado,data/ignored/cnes/SRSC2402.dbc,Fora do recorte principal de CNES.
CNES,SRSC2403.dbc,2024,SC,sr_mes_03,DBC,ignorado,data/ignored/cnes/SRSC2403.dbc,Fora do recorte principal de CNES.
CNES,SRSC2404.dbc,2024,SC,sr_mes_04,DBC,ignorado,data/ignored/cnes/SRSC2404.dbc,Fora do recorte principal de CNES.
CNES,SRSC2405.dbc,2024,SC,sr_mes_05,DBC,ignorado,data/ignored/cnes/SRSC2405.dbc,Fora do recorte principal de CNES.
CNES,SRSC2406.dbc,2024,SC,sr_mes_06,DBC,ignorado,data/ignored/cnes/SRSC2406.dbc,Fora do recorte principal de CNES.
CNES,SRSC2407.dbc,2024,SC,sr_mes_07,DBC,ignorado,data/ignored/cnes/SRSC2407.dbc,Fora do recorte principal de CNES.
CNES,SRSC2408.dbc,2024,SC,sr_mes_08,DBC,ignorado,data/ignored/cnes/SRSC2408.dbc,Fora do recorte principal de CNES.
CNES,SRSC2409.dbc,2024,SC,sr_mes_09,DBC,ignorado,data/ignored/cnes/SRSC2409.dbc,Fora do recorte principal de CNES.
CNES,SRSC2410.dbc,2024,SC,sr_mes_10,DBC,ignorado,data/ignored/cnes/SRSC2410.dbc,Fora do recorte principal de CNES.
CNES,SRSC2411.dbc,2024,SC,sr_mes_11,DBC,ignorado,data/ignored/cnes/SRSC2411.dbc,Fora do recorte principal de CNES.
CNES,SRSC2412.dbc,2024,SC,sr_mes_12,DBC,ignorado,data/ignored/cnes/SRSC2412.dbc,Fora do recorte principal de CNES.
CNES,SRSC2501.dbc,2025,SC,sr_mes_01,DBC,ignorado,data/ignored/cnes/SRSC2501.dbc,Fora do recorte principal de CNES.
CNES,SRSC2502.dbc,2025,SC,sr_mes_02,DBC,ignorado,data/ignored/cnes/SRSC2502.dbc,Fora do recorte principal de CNES.
CNES,SRSC2503.dbc,2025,SC,sr_mes_03,DBC,ignorado,data/ignored/cnes/SRSC2503.dbc,Fora do recorte principal de CNES.
CNES,SRSC2504.dbc,2025,SC,sr_mes_04,DBC,ignorado,data/ignored/cnes/SRSC2504.dbc,Fora do recorte principal de CNES.
CNES,SRSC2505.dbc,2025,SC,sr_mes_05,DBC,ignorado,data/ignored/cnes/SRSC2505.dbc,Fora do recorte principal de CNES.
CNES,SRSC2506.dbc,2025,SC,sr_mes_06,DBC,ignorado,data/ignored/cnes/SRSC2506.dbc,Fora do recorte principal de CNES.
CNES,SRSC2507.dbc,2025,SC,sr_mes_07,DBC,ignorado,data/ignored/cnes/SRSC2507.dbc,Fora do recorte principal de CNES.
CNES,SRSC2508.dbc,2025,SC,sr_mes_08,DBC,ignorado,data/ignored/cnes/SRSC2508.dbc,Fora do recorte principal de CNES.
CNES,SRSC2509.dbc,2025,SC,sr_mes_09,DBC,ignorado,data/ignored/cnes/SRSC2509.dbc,Fora do recorte principal de CNES.
CNES,SRSC2510.dbc,2025,SC,sr_mes_10,DBC,ignorado,data/ignored/cnes/SRSC2510.dbc,Fora do recorte principal de CNES.
CNES,SRSC2511.dbc,2025,SC,sr_mes_11,DBC,ignorado,data/ignored/cnes/SRSC2511.dbc,Fora do recorte principal de CNES.
CNES,SRSC2512.dbc,2025,SC,sr_mes_12,DBC,ignorado,data/ignored/cnes/SRSC2512.dbc,Fora do recorte principal de CNES.
CNES,SRSC2601.dbc,2026,SC,sr_mes_01,DBC,ignorado,data/ignored/cnes/SRSC2601.dbc,Fora do recorte principal de CNES.
CNES,SRSC2602.dbc,2026,SC,sr_mes_02,DBC,ignorado,data/ignored/cnes/SRSC2602.dbc,Fora do recorte principal de CNES.
CNES,SRSC2603.dbc,2026,SC,sr_mes_03,DBC,ignorado,data/ignored/cnes/SRSC2603.dbc,Fora do recorte principal de CNES.
CNES,SRSC2604.dbc,2026,SC,sr_mes_04,DBC,ignorado,data/ignored/cnes/SRSC2604.dbc,Fora do recorte principal de CNES.
CNES,SRSC2605.dbc,2026,SC,sr_mes_05,DBC,ignorado,data/ignored/cnes/SRSC2605.dbc,Fora do recorte principal de CNES.
CNES,SRSE0508.dbc,2005,SE,sr_mes_08,DBC,ignorado,data/ignored/cnes/SRSE0508.dbc,Fora do recorte principal de CNES.
CNES,SRSE0509.dbc,2005,SE,sr_mes_09,DBC,ignorado,data/ignored/cnes/SRSE0509.dbc,Fora do recorte principal de CNES.
CNES,SRSE0510.dbc,2005,SE,sr_mes_10,DBC,ignorado,data/ignored/cnes/SRSE0510.dbc,Fora do recorte principal de CNES.
CNES,SRSE0511.dbc,2005,SE,sr_mes_11,DBC,ignorado,data/ignored/cnes/SRSE0511.dbc,Fora do recorte principal de CNES.
CNES,SRSE0512.dbc,2005,SE,sr_mes_12,DBC,ignorado,data/ignored/cnes/SRSE0512.dbc,Fora do recorte principal de CNES.
CNES,SRSE0601.dbc,2006,SE,sr_mes_01,DBC,ignorado,data/ignored/cnes/SRSE0601.dbc,Fora do recorte principal de CNES.
CNES,SRSE0602.dbc,2006,SE,sr_mes_02,DBC,ignorado,data/ignored/cnes/SRSE0602.dbc,Fora do recorte principal de CNES.
CNES,SRSE0603.dbc,2006,SE,sr_mes_03,DBC,ignorado,data/ignored/cnes/SRSE0603.dbc,Fora do recorte principal de CNES.
CNES,SRSE0604.dbc,2006,SE,sr_mes_04,DBC,ignorado,data/ignored/cnes/SRSE0604.dbc,Fora do recorte principal de CNES.
CNES,SRSE0605.dbc,2006,SE,sr_mes_05,DBC,ignorado,data/ignored/cnes/SRSE0605.dbc,Fora do recorte principal de CNES.
CNES,SRSE0606.dbc,2006,SE,sr_mes_06,DBC,ignorado,data/ignored/cnes/SRSE0606.dbc,Fora do recorte principal de CNES.
CNES,SRSE0607.dbc,2006,SE,sr_mes_07,DBC,ignorado,data/ignored/cnes/SRSE0607.dbc,Fora do recorte principal de CNES.
CNES,SRSE0608.dbc,2006,SE,sr_mes_08,DBC,ignorado,data/ignored/cnes/SRSE0608.dbc,Fora do recorte principal de CNES.
CNES,SRSE0609.dbc,2006,SE,sr_mes_09,DBC,ignorado,data/ignored/cnes/SRSE0609.dbc,Fora do recorte principal de CNES.
CNES,SRSE0610.dbc,2006,SE,sr_mes_10,DBC,ignorado,data/ignored/cnes/SRSE0610.dbc,Fora do recorte principal de CNES.
CNES,SRSE0611.dbc,2006,SE,sr_mes_11,DBC,ignorado,data/ignored/cnes/SRSE0611.dbc,Fora do recorte principal de CNES.
CNES,SRSE0612.dbc,2006,SE,sr_mes_12,DBC,ignorado,data/ignored/cnes/SRSE0612.dbc,Fora do recorte principal de CNES.
CNES,SRSE0701.dbc,2007,SE,sr_mes_01,DBC,ignorado,data/ignored/cnes/SRSE0701.dbc,Fora do recorte principal de CNES.
CNES,SRSE0702.dbc,2007,SE,sr_mes_02,DBC,ignorado,data/ignored/cnes/SRSE0702.dbc,Fora do recorte principal de CNES.
CNES,SRSE0703.dbc,2007,SE,sr_mes_03,DBC,ignorado,data/ignored/cnes/SRSE0703.dbc,Fora do recorte principal de CNES.
CNES,SRSE0704.dbc,2007,SE,sr_mes_04,DBC,ignorado,data/ignored/cnes/SRSE0704.dbc,Fora do recorte principal de CNES.
CNES,SRSE0705.dbc,2007,SE,sr_mes_05,DBC,ignorado,data/ignored/cnes/SRSE0705.dbc,Fora do recorte principal de CNES.
CNES,SRSE0706.dbc,2007,SE,sr_mes_06,DBC,ignorado,data/ignored/cnes/SRSE0706.dbc,Fora do recorte principal de CNES.
CNES,SRSE0707.dbc,2007,SE,sr_mes_07,DBC,ignorado,data/ignored/cnes/SRSE0707.dbc,Fora do recorte principal de CNES.
CNES,SRSE0708.dbc,2007,SE,sr_mes_08,DBC,ignorado,data/ignored/cnes/SRSE0708.dbc,Fora do recorte principal de CNES.
CNES,SRSE0709.dbc,2007,SE,sr_mes_09,DBC,ignorado,data/ignored/cnes/SRSE0709.dbc,Fora do recorte principal de CNES.
CNES,SRSE0710.dbc,2007,SE,sr_mes_10,DBC,ignorado,data/ignored/cnes/SRSE0710.dbc,Fora do recorte principal de CNES.
CNES,SRSE0711.dbc,2007,SE,sr_mes_11,DBC,ignorado,data/ignored/cnes/SRSE0711.dbc,Fora do recorte principal de CNES.
CNES,SRSE0712.dbc,2007,SE,sr_mes_12,DBC,ignorado,data/ignored/cnes/SRSE0712.dbc,Fora do recorte principal de CNES.
CNES,SRSE0801.dbc,2008,SE,sr_mes_01,DBC,ignorado,data/ignored/cnes/SRSE0801.dbc,Fora do recorte principal de CNES.
CNES,SRSE0802.dbc,2008,SE,sr_mes_02,DBC,ignorado,data/ignored/cnes/SRSE0802.dbc,Fora do recorte principal de CNES.
CNES,SRSE0803.dbc,2008,SE,sr_mes_03,DBC,ignorado,data/ignored/cnes/SRSE0803.dbc,Fora do recorte principal de CNES.
CNES,SRSE0804.dbc,2008,SE,sr_mes_04,DBC,ignorado,data/ignored/cnes/SRSE0804.dbc,Fora do recorte principal de CNES.
CNES,SRSE0805.dbc,2008,SE,sr_mes_05,DBC,ignorado,data/ignored/cnes/SRSE0805.dbc,Fora do recorte principal de CNES.
CNES,SRSE0806.dbc,2008,SE,sr_mes_06,DBC,ignorado,data/ignored/cnes/SRSE0806.dbc,Fora do recorte principal de CNES.
CNES,SRSE0807.dbc,2008,SE,sr_mes_07,DBC,ignorado,data/ignored/cnes/SRSE0807.dbc,Fora do recorte principal de CNES.
CNES,SRSE0808.dbc,2008,SE,sr_mes_08,DBC,ignorado,data/ignored/cnes/SRSE0808.dbc,Fora do recorte principal de CNES.
CNES,SRSE0809.dbc,2008,SE,sr_mes_09,DBC,ignorado,data/ignored/cnes/SRSE0809.dbc,Fora do recorte principal de CNES.
CNES,SRSE0810.dbc,2008,SE,sr_mes_10,DBC,ignorado,data/ignored/cnes/SRSE0810.dbc,Fora do recorte principal de CNES.
CNES,SRSE0811.dbc,2008,SE,sr_mes_11,DBC,ignorado,data/ignored/cnes/SRSE0811.dbc,Fora do recorte principal de CNES.
CNES,SRSE0812.dbc,2008,SE,sr_mes_12,DBC,ignorado,data/ignored/cnes/SRSE0812.dbc,Fora do recorte principal de CNES.
CNES,SRSE0901.dbc,2009,SE,sr_mes_01,DBC,ignorado,data/ignored/cnes/SRSE0901.dbc,Fora do recorte principal de CNES.
CNES,SRSE0902.dbc,2009,SE,sr_mes_02,DBC,ignorado,data/ignored/cnes/SRSE0902.dbc,Fora do recorte principal de CNES.
CNES,SRSE0903.dbc,2009,SE,sr_mes_03,DBC,ignorado,data/ignored/cnes/SRSE0903.dbc,Fora do recorte principal de CNES.
CNES,SRSE0904.dbc,2009,SE,sr_mes_04,DBC,ignorado,data/ignored/cnes/SRSE0904.dbc,Fora do recorte principal de CNES.
CNES,SRSE0905.dbc,2009,SE,sr_mes_05,DBC,ignorado,data/ignored/cnes/SRSE0905.dbc,Fora do recorte principal de CNES.
CNES,SRSE0906.dbc,2009,SE,sr_mes_06,DBC,ignorado,data/ignored/cnes/SRSE0906.dbc,Fora do recorte principal de CNES.
CNES,SRSE0907.dbc,2009,SE,sr_mes_07,DBC,ignorado,data/ignored/cnes/SRSE0907.dbc,Fora do recorte principal de CNES.
CNES,SRSE0908.dbc,2009,SE,sr_mes_08,DBC,ignorado,data/ignored/cnes/SRSE0908.dbc,Fora do recorte principal de CNES.
CNES,SRSE0909.dbc,2009,SE,sr_mes_09,DBC,ignorado,data/ignored/cnes/SRSE0909.dbc,Fora do recorte principal de CNES.
CNES,SRSE0910.dbc,2009,SE,sr_mes_10,DBC,ignorado,data/ignored/cnes/SRSE0910.dbc,Fora do recorte principal de CNES.
CNES,SRSE0911.dbc,2009,SE,sr_mes_11,DBC,ignorado,data/ignored/cnes/SRSE0911.dbc,Fora do recorte principal de CNES.
CNES,SRSE0912.dbc,2009,SE,sr_mes_12,DBC,ignorado,data/ignored/cnes/SRSE0912.dbc,Fora do recorte principal de CNES.
CNES,SRSE1001.dbc,2010,SE,sr_mes_01,DBC,ignorado,data/ignored/cnes/SRSE1001.dbc,Fora do recorte principal de CNES.
CNES,SRSE1002.dbc,2010,SE,sr_mes_02,DBC,ignorado,data/ignored/cnes/SRSE1002.dbc,Fora do recorte principal de CNES.
CNES,SRSE1003.dbc,2010,SE,sr_mes_03,DBC,ignorado,data/ignored/cnes/SRSE1003.dbc,Fora do recorte principal de CNES.
CNES,SRSE1004.dbc,2010,SE,sr_mes_04,DBC,ignorado,data/ignored/cnes/SRSE1004.dbc,Fora do recorte principal de CNES.
CNES,SRSE1005.dbc,2010,SE,sr_mes_05,DBC,ignorado,data/ignored/cnes/SRSE1005.dbc,Fora do recorte principal de CNES.
CNES,SRSE1006.dbc,2010,SE,sr_mes_06,DBC,ignorado,data/ignored/cnes/SRSE1006.dbc,Fora do recorte principal de CNES.
CNES,SRSE1007.dbc,2010,SE,sr_mes_07,DBC,ignorado,data/ignored/cnes/SRSE1007.dbc,Fora do recorte principal de CNES.
CNES,SRSE1008.dbc,2010,SE,sr_mes_08,DBC,ignorado,data/ignored/cnes/SRSE1008.dbc,Fora do recorte principal de CNES.
CNES,SRSE1009.dbc,2010,SE,sr_mes_09,DBC,ignorado,data/ignored/cnes/SRSE1009.dbc,Fora do recorte principal de CNES.
CNES,SRSE1010.dbc,2010,SE,sr_mes_10,DBC,ignorado,data/ignored/cnes/SRSE1010.dbc,Fora do recorte principal de CNES.
CNES,SRSE1011.dbc,2010,SE,sr_mes_11,DBC,ignorado,data/ignored/cnes/SRSE1011.dbc,Fora do recorte principal de CNES.
CNES,SRSE1012.dbc,2010,SE,sr_mes_12,DBC,ignorado,data/ignored/cnes/SRSE1012.dbc,Fora do recorte principal de CNES.
CNES,SRSE1101.dbc,2011,SE,sr_mes_01,DBC,ignorado,data/ignored/cnes/SRSE1101.dbc,Fora do recorte principal de CNES.
CNES,SRSE1102.dbc,2011,SE,sr_mes_02,DBC,ignorado,data/ignored/cnes/SRSE1102.dbc,Fora do recorte principal de CNES.
CNES,SRSE1103.dbc,2011,SE,sr_mes_03,DBC,ignorado,data/ignored/cnes/SRSE1103.dbc,Fora do recorte principal de CNES.
CNES,SRSE1104.dbc,2011,SE,sr_mes_04,DBC,ignorado,data/ignored/cnes/SRSE1104.dbc,Fora do recorte principal de CNES.
CNES,SRSE1105.dbc,2011,SE,sr_mes_05,DBC,ignorado,data/ignored/cnes/SRSE1105.dbc,Fora do recorte principal de CNES.
CNES,SRSE1106.dbc,2011,SE,sr_mes_06,DBC,ignorado,data/ignored/cnes/SRSE1106.dbc,Fora do recorte principal de CNES.
CNES,SRSE1107.dbc,2011,SE,sr_mes_07,DBC,ignorado,data/ignored/cnes/SRSE1107.dbc,Fora do recorte principal de CNES.
CNES,SRSE1108.dbc,2011,SE,sr_mes_08,DBC,ignorado,data/ignored/cnes/SRSE1108.dbc,Fora do recorte principal de CNES.
CNES,SRSE1109.dbc,2011,SE,sr_mes_09,DBC,ignorado,data/ignored/cnes/SRSE1109.dbc,Fora do recorte principal de CNES.
CNES,SRSE1110.dbc,2011,SE,sr_mes_10,DBC,ignorado,data/ignored/cnes/SRSE1110.dbc,Fora do recorte principal de CNES.
CNES,SRSE1111.dbc,2011,SE,sr_mes_11,DBC,ignorado,data/ignored/cnes/SRSE1111.dbc,Fora do recorte principal de CNES.
CNES,SRSE1112.dbc,2011,SE,sr_mes_12,DBC,ignorado,data/ignored/cnes/SRSE1112.dbc,Fora do recorte principal de CNES.
CNES,SRSE1201.dbc,2012,SE,sr_mes_01,DBC,ignorado,data/ignored/cnes/SRSE1201.dbc,Fora do recorte principal de CNES.
CNES,SRSE1202.dbc,2012,SE,sr_mes_02,DBC,ignorado,data/ignored/cnes/SRSE1202.dbc,Fora do recorte principal de CNES.
CNES,SRSE1203.dbc,2012,SE,sr_mes_03,DBC,ignorado,data/ignored/cnes/SRSE1203.dbc,Fora do recorte principal de CNES.
CNES,SRSE1204.dbc,2012,SE,sr_mes_04,DBC,ignorado,data/ignored/cnes/SRSE1204.dbc,Fora do recorte principal de CNES.
CNES,SRSE1205.dbc,2012,SE,sr_mes_05,DBC,ignorado,data/ignored/cnes/SRSE1205.dbc,Fora do recorte principal de CNES.
CNES,SRSE1206.dbc,2012,SE,sr_mes_06,DBC,ignorado,data/ignored/cnes/SRSE1206.dbc,Fora do recorte principal de CNES.
CNES,SRSE1207.dbc,2012,SE,sr_mes_07,DBC,ignorado,data/ignored/cnes/SRSE1207.dbc,Fora do recorte principal de CNES.
CNES,SRSE1208.dbc,2012,SE,sr_mes_08,DBC,ignorado,data/ignored/cnes/SRSE1208.dbc,Fora do recorte principal de CNES.
CNES,SRSE1209.dbc,2012,SE,sr_mes_09,DBC,ignorado,data/ignored/cnes/SRSE1209.dbc,Fora do recorte principal de CNES.
CNES,SRSE1210.dbc,2012,SE,sr_mes_10,DBC,ignorado,data/ignored/cnes/SRSE1210.dbc,Fora do recorte principal de CNES.
CNES,SRSE1211.dbc,2012,SE,sr_mes_11,DBC,ignorado,data/ignored/cnes/SRSE1211.dbc,Fora do recorte principal de CNES.
CNES,SRSE1212.dbc,2012,SE,sr_mes_12,DBC,ignorado,data/ignored/cnes/SRSE1212.dbc,Fora do recorte principal de CNES.
CNES,SRSE1301.dbc,2013,SE,sr_mes_01,DBC,ignorado,data/ignored/cnes/SRSE1301.dbc,Fora do recorte principal de CNES.
CNES,SRSE1302.dbc,2013,SE,sr_mes_02,DBC,ignorado,data/ignored/cnes/SRSE1302.dbc,Fora do recorte principal de CNES.
CNES,SRSE1303.dbc,2013,SE,sr_mes_03,DBC,ignorado,data/ignored/cnes/SRSE1303.dbc,Fora do recorte principal de CNES.
CNES,SRSE1304.dbc,2013,SE,sr_mes_04,DBC,ignorado,data/ignored/cnes/SRSE1304.dbc,Fora do recorte principal de CNES.
CNES,SRSE1305.dbc,2013,SE,sr_mes_05,DBC,ignorado,data/ignored/cnes/SRSE1305.dbc,Fora do recorte principal de CNES.
CNES,SRSE1306.dbc,2013,SE,sr_mes_06,DBC,ignorado,data/ignored/cnes/SRSE1306.dbc,Fora do recorte principal de CNES.
CNES,SRSE1307.dbc,2013,SE,sr_mes_07,DBC,ignorado,data/ignored/cnes/SRSE1307.dbc,Fora do recorte principal de CNES.
CNES,SRSE1308.dbc,2013,SE,sr_mes_08,DBC,ignorado,data/ignored/cnes/SRSE1308.dbc,Fora do recorte principal de CNES.
CNES,SRSE1309.dbc,2013,SE,sr_mes_09,DBC,ignorado,data/ignored/cnes/SRSE1309.dbc,Fora do recorte principal de CNES.
CNES,SRSE1310.dbc,2013,SE,sr_mes_10,DBC,ignorado,data/ignored/cnes/SRSE1310.dbc,Fora do recorte principal de CNES.
CNES,SRSE1311.dbc,2013,SE,sr_mes_11,DBC,ignorado,data/ignored/cnes/SRSE1311.dbc,Fora do recorte principal de CNES.
CNES,SRSE1312.dbc,2013,SE,sr_mes_12,DBC,ignorado,data/ignored/cnes/SRSE1312.dbc,Fora do recorte principal de CNES.
CNES,SRSE1401.dbc,2014,SE,sr_mes_01,DBC,ignorado,data/ignored/cnes/SRSE1401.dbc,Fora do recorte principal de CNES.
CNES,SRSE1402.dbc,2014,SE,sr_mes_02,DBC,ignorado,data/ignored/cnes/SRSE1402.dbc,Fora do recorte principal de CNES.
CNES,SRSE1403.dbc,2014,SE,sr_mes_03,DBC,ignorado,data/ignored/cnes/SRSE1403.dbc,Fora do recorte principal de CNES.
CNES,SRSE1404.dbc,2014,SE,sr_mes_04,DBC,ignorado,data/ignored/cnes/SRSE1404.dbc,Fora do recorte principal de CNES.
CNES,SRSE1405.dbc,2014,SE,sr_mes_05,DBC,ignorado,data/ignored/cnes/SRSE1405.dbc,Fora do recorte principal de CNES.
CNES,SRSE1406.dbc,2014,SE,sr_mes_06,DBC,ignorado,data/ignored/cnes/SRSE1406.dbc,Fora do recorte principal de CNES.
CNES,SRSE1407.dbc,2014,SE,sr_mes_07,DBC,ignorado,data/ignored/cnes/SRSE1407.dbc,Fora do recorte principal de CNES.
CNES,SRSE1408.dbc,2014,SE,sr_mes_08,DBC,ignorado,data/ignored/cnes/SRSE1408.dbc,Fora do recorte principal de CNES.
CNES,SRSE1409.dbc,2014,SE,sr_mes_09,DBC,ignorado,data/ignored/cnes/SRSE1409.dbc,Fora do recorte principal de CNES.
CNES,SRSE1410.dbc,2014,SE,sr_mes_10,DBC,ignorado,data/ignored/cnes/SRSE1410.dbc,Fora do recorte principal de CNES.
CNES,SRSE1411.dbc,2014,SE,sr_mes_11,DBC,ignorado,data/ignored/cnes/SRSE1411.dbc,Fora do recorte principal de CNES.
CNES,SRSE1412.dbc,2014,SE,sr_mes_12,DBC,ignorado,data/ignored/cnes/SRSE1412.dbc,Fora do recorte principal de CNES.
CNES,SRSE1501.dbc,2015,SE,sr_mes_01,DBC,ignorado,data/ignored/cnes/SRSE1501.dbc,Fora do recorte principal de CNES.
CNES,SRSE1502.dbc,2015,SE,sr_mes_02,DBC,ignorado,data/ignored/cnes/SRSE1502.dbc,Fora do recorte principal de CNES.
CNES,SRSE1503.dbc,2015,SE,sr_mes_03,DBC,ignorado,data/ignored/cnes/SRSE1503.dbc,Fora do recorte principal de CNES.
CNES,SRSE1504.dbc,2015,SE,sr_mes_04,DBC,ignorado,data/ignored/cnes/SRSE1504.dbc,Fora do recorte principal de CNES.
CNES,SRSE1505.dbc,2015,SE,sr_mes_05,DBC,ignorado,data/ignored/cnes/SRSE1505.dbc,Fora do recorte principal de CNES.
CNES,SRSE1506.dbc,2015,SE,sr_mes_06,DBC,ignorado,data/ignored/cnes/SRSE1506.dbc,Fora do recorte principal de CNES.
CNES,SRSE1507.dbc,2015,SE,sr_mes_07,DBC,ignorado,data/ignored/cnes/SRSE1507.dbc,Fora do recorte principal de CNES.
CNES,SRSE1508.dbc,2015,SE,sr_mes_08,DBC,ignorado,data/ignored/cnes/SRSE1508.dbc,Fora do recorte principal de CNES.
CNES,SRSE1509.dbc,2015,SE,sr_mes_09,DBC,ignorado,data/ignored/cnes/SRSE1509.dbc,Fora do recorte principal de CNES.
CNES,SRSE1510.dbc,2015,SE,sr_mes_10,DBC,ignorado,data/ignored/cnes/SRSE1510.dbc,Fora do recorte principal de CNES.
CNES,SRSE1511.dbc,2015,SE,sr_mes_11,DBC,ignorado,data/ignored/cnes/SRSE1511.dbc,Fora do recorte principal de CNES.
CNES,SRSE1512.dbc,2015,SE,sr_mes_12,DBC,ignorado,data/ignored/cnes/SRSE1512.dbc,Fora do recorte principal de CNES.
CNES,SRSE1601.dbc,2016,SE,sr_mes_01,DBC,ignorado,data/ignored/cnes/SRSE1601.dbc,Fora do recorte principal de CNES.
CNES,SRSE1602.dbc,2016,SE,sr_mes_02,DBC,ignorado,data/ignored/cnes/SRSE1602.dbc,Fora do recorte principal de CNES.
CNES,SRSE1603.dbc,2016,SE,sr_mes_03,DBC,ignorado,data/ignored/cnes/SRSE1603.dbc,Fora do recorte principal de CNES.
CNES,SRSE1604.dbc,2016,SE,sr_mes_04,DBC,ignorado,data/ignored/cnes/SRSE1604.dbc,Fora do recorte principal de CNES.
CNES,SRSE1605.dbc,2016,SE,sr_mes_05,DBC,ignorado,data/ignored/cnes/SRSE1605.dbc,Fora do recorte principal de CNES.
CNES,SRSE1606.dbc,2016,SE,sr_mes_06,DBC,ignorado,data/ignored/cnes/SRSE1606.dbc,Fora do recorte principal de CNES.
CNES,SRSE1607.dbc,2016,SE,sr_mes_07,DBC,ignorado,data/ignored/cnes/SRSE1607.dbc,Fora do recorte principal de CNES.
CNES,SRSE1608.dbc,2016,SE,sr_mes_08,DBC,ignorado,data/ignored/cnes/SRSE1608.dbc,Fora do recorte principal de CNES.
CNES,SRSE1609.dbc,2016,SE,sr_mes_09,DBC,ignorado,data/ignored/cnes/SRSE1609.dbc,Fora do recorte principal de CNES.
CNES,SRSE1610.dbc,2016,SE,sr_mes_10,DBC,ignorado,data/ignored/cnes/SRSE1610.dbc,Fora do recorte principal de CNES.
CNES,SRSE1611.dbc,2016,SE,sr_mes_11,DBC,ignorado,data/ignored/cnes/SRSE1611.dbc,Fora do recorte principal de CNES.
CNES,SRSE1612.dbc,2016,SE,sr_mes_12,DBC,ignorado,data/ignored/cnes/SRSE1612.dbc,Fora do recorte principal de CNES.
CNES,SRSE1701.dbc,2017,SE,sr_mes_01,DBC,ignorado,data/ignored/cnes/SRSE1701.dbc,Fora do recorte principal de CNES.
CNES,SRSE1702.dbc,2017,SE,sr_mes_02,DBC,ignorado,data/ignored/cnes/SRSE1702.dbc,Fora do recorte principal de CNES.
CNES,SRSE1703.dbc,2017,SE,sr_mes_03,DBC,ignorado,data/ignored/cnes/SRSE1703.dbc,Fora do recorte principal de CNES.
CNES,SRSE1704.dbc,2017,SE,sr_mes_04,DBC,ignorado,data/ignored/cnes/SRSE1704.dbc,Fora do recorte principal de CNES.
CNES,SRSE1705.dbc,2017,SE,sr_mes_05,DBC,ignorado,data/ignored/cnes/SRSE1705.dbc,Fora do recorte principal de CNES.
CNES,SRSE1706.dbc,2017,SE,sr_mes_06,DBC,ignorado,data/ignored/cnes/SRSE1706.dbc,Fora do recorte principal de CNES.
CNES,SRSE1707.dbc,2017,SE,sr_mes_07,DBC,ignorado,data/ignored/cnes/SRSE1707.dbc,Fora do recorte principal de CNES.
CNES,SRSE1708.dbc,2017,SE,sr_mes_08,DBC,ignorado,data/ignored/cnes/SRSE1708.dbc,Fora do recorte principal de CNES.
CNES,SRSE1709.dbc,2017,SE,sr_mes_09,DBC,ignorado,data/ignored/cnes/SRSE1709.dbc,Fora do recorte principal de CNES.
CNES,SRSE1710.dbc,2017,SE,sr_mes_10,DBC,ignorado,data/ignored/cnes/SRSE1710.dbc,Fora do recorte principal de CNES.
CNES,SRSE1711.dbc,2017,SE,sr_mes_11,DBC,ignorado,data/ignored/cnes/SRSE1711.dbc,Fora do recorte principal de CNES.
CNES,SRSE1712.dbc,2017,SE,sr_mes_12,DBC,ignorado,data/ignored/cnes/SRSE1712.dbc,Fora do recorte principal de CNES.
CNES,SRSE1801.dbc,2018,SE,sr_mes_01,DBC,ignorado,data/ignored/cnes/SRSE1801.dbc,Fora do recorte principal de CNES.
CNES,SRSE1802.dbc,2018,SE,sr_mes_02,DBC,ignorado,data/ignored/cnes/SRSE1802.dbc,Fora do recorte principal de CNES.
CNES,SRSE1803.dbc,2018,SE,sr_mes_03,DBC,ignorado,data/ignored/cnes/SRSE1803.dbc,Fora do recorte principal de CNES.
CNES,SRSE1804.dbc,2018,SE,sr_mes_04,DBC,ignorado,data/ignored/cnes/SRSE1804.dbc,Fora do recorte principal de CNES.
CNES,SRSE1805.dbc,2018,SE,sr_mes_05,DBC,ignorado,data/ignored/cnes/SRSE1805.dbc,Fora do recorte principal de CNES.
CNES,SRSE1806.dbc,2018,SE,sr_mes_06,DBC,ignorado,data/ignored/cnes/SRSE1806.dbc,Fora do recorte principal de CNES.
CNES,SRSE1807.dbc,2018,SE,sr_mes_07,DBC,ignorado,data/ignored/cnes/SRSE1807.dbc,Fora do recorte principal de CNES.
CNES,SRSE1808.dbc,2018,SE,sr_mes_08,DBC,ignorado,data/ignored/cnes/SRSE1808.dbc,Fora do recorte principal de CNES.
CNES,SRSE1809.dbc,2018,SE,sr_mes_09,DBC,ignorado,data/ignored/cnes/SRSE1809.dbc,Fora do recorte principal de CNES.
CNES,SRSE1810.dbc,2018,SE,sr_mes_10,DBC,ignorado,data/ignored/cnes/SRSE1810.dbc,Fora do recorte principal de CNES.
CNES,SRSE1811.dbc,2018,SE,sr_mes_11,DBC,ignorado,data/ignored/cnes/SRSE1811.dbc,Fora do recorte principal de CNES.
CNES,SRSE1812.dbc,2018,SE,sr_mes_12,DBC,ignorado,data/ignored/cnes/SRSE1812.dbc,Fora do recorte principal de CNES.
CNES,SRSE1901.dbc,2019,SE,sr_mes_01,DBC,ignorado,data/ignored/cnes/SRSE1901.dbc,Fora do recorte principal de CNES.
CNES,SRSE1902.dbc,2019,SE,sr_mes_02,DBC,ignorado,data/ignored/cnes/SRSE1902.dbc,Fora do recorte principal de CNES.
CNES,SRSE1903.dbc,2019,SE,sr_mes_03,DBC,ignorado,data/ignored/cnes/SRSE1903.dbc,Fora do recorte principal de CNES.
CNES,SRSE1904.dbc,2019,SE,sr_mes_04,DBC,ignorado,data/ignored/cnes/SRSE1904.dbc,Fora do recorte principal de CNES.
CNES,SRSE1905.dbc,2019,SE,sr_mes_05,DBC,ignorado,data/ignored/cnes/SRSE1905.dbc,Fora do recorte principal de CNES.
CNES,SRSE1906.dbc,2019,SE,sr_mes_06,DBC,ignorado,data/ignored/cnes/SRSE1906.dbc,Fora do recorte principal de CNES.
CNES,SRSE1907.dbc,2019,SE,sr_mes_07,DBC,ignorado,data/ignored/cnes/SRSE1907.dbc,Fora do recorte principal de CNES.
CNES,SRSE1908.dbc,2019,SE,sr_mes_08,DBC,ignorado,data/ignored/cnes/SRSE1908.dbc,Fora do recorte principal de CNES.
CNES,SRSE1909.dbc,2019,SE,sr_mes_09,DBC,ignorado,data/ignored/cnes/SRSE1909.dbc,Fora do recorte principal de CNES.
CNES,SRSE1910.dbc,2019,SE,sr_mes_10,DBC,ignorado,data/ignored/cnes/SRSE1910.dbc,Fora do recorte principal de CNES.
CNES,SRSE1911.dbc,2019,SE,sr_mes_11,DBC,ignorado,data/ignored/cnes/SRSE1911.dbc,Fora do recorte principal de CNES.
CNES,SRSE1912.dbc,2019,SE,sr_mes_12,DBC,ignorado,data/ignored/cnes/SRSE1912.dbc,Fora do recorte principal de CNES.
CNES,SRSE2001.dbc,2020,SE,sr_mes_01,DBC,ignorado,data/ignored/cnes/SRSE2001.dbc,Fora do recorte principal de CNES.
CNES,SRSE2002.dbc,2020,SE,sr_mes_02,DBC,ignorado,data/ignored/cnes/SRSE2002.dbc,Fora do recorte principal de CNES.
CNES,SRSE2003.dbc,2020,SE,sr_mes_03,DBC,ignorado,data/ignored/cnes/SRSE2003.dbc,Fora do recorte principal de CNES.
CNES,SRSE2004.dbc,2020,SE,sr_mes_04,DBC,ignorado,data/ignored/cnes/SRSE2004.dbc,Fora do recorte principal de CNES.
CNES,SRSE2005.dbc,2020,SE,sr_mes_05,DBC,ignorado,data/ignored/cnes/SRSE2005.dbc,Fora do recorte principal de CNES.
CNES,SRSE2006.dbc,2020,SE,sr_mes_06,DBC,ignorado,data/ignored/cnes/SRSE2006.dbc,Fora do recorte principal de CNES.
CNES,SRSE2007.dbc,2020,SE,sr_mes_07,DBC,ignorado,data/ignored/cnes/SRSE2007.dbc,Fora do recorte principal de CNES.
CNES,SRSE2008.dbc,2020,SE,sr_mes_08,DBC,ignorado,data/ignored/cnes/SRSE2008.dbc,Fora do recorte principal de CNES.
CNES,SRSE2009.dbc,2020,SE,sr_mes_09,DBC,ignorado,data/ignored/cnes/SRSE2009.dbc,Fora do recorte principal de CNES.
CNES,SRSE2010.dbc,2020,SE,sr_mes_10,DBC,ignorado,data/ignored/cnes/SRSE2010.dbc,Fora do recorte principal de CNES.
CNES,SRSE2011.dbc,2020,SE,sr_mes_11,DBC,ignorado,data/ignored/cnes/SRSE2011.dbc,Fora do recorte principal de CNES.
CNES,SRSE2012.dbc,2020,SE,sr_mes_12,DBC,ignorado,data/ignored/cnes/SRSE2012.dbc,Fora do recorte principal de CNES.
CNES,SRSE2101.dbc,2021,SE,sr_mes_01,DBC,ignorado,data/ignored/cnes/SRSE2101.dbc,Fora do recorte principal de CNES.
CNES,SRSE2102.dbc,2021,SE,sr_mes_02,DBC,ignorado,data/ignored/cnes/SRSE2102.dbc,Fora do recorte principal de CNES.
CNES,SRSE2103.dbc,2021,SE,sr_mes_03,DBC,ignorado,data/ignored/cnes/SRSE2103.dbc,Fora do recorte principal de CNES.
CNES,SRSE2104.dbc,2021,SE,sr_mes_04,DBC,ignorado,data/ignored/cnes/SRSE2104.dbc,Fora do recorte principal de CNES.
CNES,SRSE2105.dbc,2021,SE,sr_mes_05,DBC,ignorado,data/ignored/cnes/SRSE2105.dbc,Fora do recorte principal de CNES.
CNES,SRSE2106.dbc,2021,SE,sr_mes_06,DBC,ignorado,data/ignored/cnes/SRSE2106.dbc,Fora do recorte principal de CNES.
CNES,SRSE2107.dbc,2021,SE,sr_mes_07,DBC,ignorado,data/ignored/cnes/SRSE2107.dbc,Fora do recorte principal de CNES.
CNES,SRSE2108.dbc,2021,SE,sr_mes_08,DBC,ignorado,data/ignored/cnes/SRSE2108.dbc,Fora do recorte principal de CNES.
CNES,SRSE2109.dbc,2021,SE,sr_mes_09,DBC,ignorado,data/ignored/cnes/SRSE2109.dbc,Fora do recorte principal de CNES.
CNES,SRSE2110.dbc,2021,SE,sr_mes_10,DBC,ignorado,data/ignored/cnes/SRSE2110.dbc,Fora do recorte principal de CNES.
CNES,SRSE2111.dbc,2021,SE,sr_mes_11,DBC,ignorado,data/ignored/cnes/SRSE2111.dbc,Fora do recorte principal de CNES.
CNES,SRSE2112.dbc,2021,SE,sr_mes_12,DBC,ignorado,data/ignored/cnes/SRSE2112.dbc,Fora do recorte principal de CNES.
CNES,SRSE2201.dbc,2022,SE,sr_mes_01,DBC,ignorado,data/ignored/cnes/SRSE2201.dbc,Fora do recorte principal de CNES.
CNES,SRSE2202.dbc,2022,SE,sr_mes_02,DBC,ignorado,data/ignored/cnes/SRSE2202.dbc,Fora do recorte principal de CNES.
CNES,SRSE2203.dbc,2022,SE,sr_mes_03,DBC,ignorado,data/ignored/cnes/SRSE2203.dbc,Fora do recorte principal de CNES.
CNES,SRSE2204.dbc,2022,SE,sr_mes_04,DBC,ignorado,data/ignored/cnes/SRSE2204.dbc,Fora do recorte principal de CNES.
CNES,SRSE2205.dbc,2022,SE,sr_mes_05,DBC,ignorado,data/ignored/cnes/SRSE2205.dbc,Fora do recorte principal de CNES.
CNES,SRSE2206.dbc,2022,SE,sr_mes_06,DBC,ignorado,data/ignored/cnes/SRSE2206.dbc,Fora do recorte principal de CNES.
CNES,SRSE2207.dbc,2022,SE,sr_mes_07,DBC,ignorado,data/ignored/cnes/SRSE2207.dbc,Fora do recorte principal de CNES.
CNES,SRSE2208.dbc,2022,SE,sr_mes_08,DBC,ignorado,data/ignored/cnes/SRSE2208.dbc,Fora do recorte principal de CNES.
CNES,SRSE2209.dbc,2022,SE,sr_mes_09,DBC,ignorado,data/ignored/cnes/SRSE2209.dbc,Fora do recorte principal de CNES.
CNES,SRSE2210.dbc,2022,SE,sr_mes_10,DBC,ignorado,data/ignored/cnes/SRSE2210.dbc,Fora do recorte principal de CNES.
CNES,SRSE2211.dbc,2022,SE,sr_mes_11,DBC,ignorado,data/ignored/cnes/SRSE2211.dbc,Fora do recorte principal de CNES.
CNES,SRSE2212.dbc,2022,SE,sr_mes_12,DBC,ignorado,data/ignored/cnes/SRSE2212.dbc,Fora do recorte principal de CNES.
CNES,SRSE2301.dbc,2023,SE,sr_mes_01,DBC,ignorado,data/ignored/cnes/SRSE2301.dbc,Fora do recorte principal de CNES.
CNES,SRSE2302.dbc,2023,SE,sr_mes_02,DBC,ignorado,data/ignored/cnes/SRSE2302.dbc,Fora do recorte principal de CNES.
CNES,SRSE2303.dbc,2023,SE,sr_mes_03,DBC,ignorado,data/ignored/cnes/SRSE2303.dbc,Fora do recorte principal de CNES.
CNES,SRSE2304.dbc,2023,SE,sr_mes_04,DBC,ignorado,data/ignored/cnes/SRSE2304.dbc,Fora do recorte principal de CNES.
CNES,SRSE2305.dbc,2023,SE,sr_mes_05,DBC,ignorado,data/ignored/cnes/SRSE2305.dbc,Fora do recorte principal de CNES.
CNES,SRSE2306.dbc,2023,SE,sr_mes_06,DBC,ignorado,data/ignored/cnes/SRSE2306.dbc,Fora do recorte principal de CNES.
CNES,SRSE2307.dbc,2023,SE,sr_mes_07,DBC,ignorado,data/ignored/cnes/SRSE2307.dbc,Fora do recorte principal de CNES.
CNES,SRSE2308.dbc,2023,SE,sr_mes_08,DBC,ignorado,data/ignored/cnes/SRSE2308.dbc,Fora do recorte principal de CNES.
CNES,SRSE2309.dbc,2023,SE,sr_mes_09,DBC,ignorado,data/ignored/cnes/SRSE2309.dbc,Fora do recorte principal de CNES.
CNES,SRSE2310.dbc,2023,SE,sr_mes_10,DBC,ignorado,data/ignored/cnes/SRSE2310.dbc,Fora do recorte principal de CNES.
CNES,SRSE2311.dbc,2023,SE,sr_mes_11,DBC,ignorado,data/ignored/cnes/SRSE2311.dbc,Fora do recorte principal de CNES.
CNES,SRSE2312.dbc,2023,SE,sr_mes_12,DBC,ignorado,data/ignored/cnes/SRSE2312.dbc,Fora do recorte principal de CNES.
CNES,SRSE2401.dbc,2024,SE,sr_mes_01,DBC,ignorado,data/ignored/cnes/SRSE2401.dbc,Fora do recorte principal de CNES.
CNES,SRSE2402.dbc,2024,SE,sr_mes_02,DBC,ignorado,data/ignored/cnes/SRSE2402.dbc,Fora do recorte principal de CNES.
CNES,SRSE2403.dbc,2024,SE,sr_mes_03,DBC,ignorado,data/ignored/cnes/SRSE2403.dbc,Fora do recorte principal de CNES.
CNES,SRSE2404.dbc,2024,SE,sr_mes_04,DBC,ignorado,data/ignored/cnes/SRSE2404.dbc,Fora do recorte principal de CNES.
CNES,SRSE2405.dbc,2024,SE,sr_mes_05,DBC,ignorado,data/ignored/cnes/SRSE2405.dbc,Fora do recorte principal de CNES.
CNES,SRSE2406.dbc,2024,SE,sr_mes_06,DBC,ignorado,data/ignored/cnes/SRSE2406.dbc,Fora do recorte principal de CNES.
CNES,SRSE2407.dbc,2024,SE,sr_mes_07,DBC,ignorado,data/ignored/cnes/SRSE2407.dbc,Fora do recorte principal de CNES.
CNES,SRSE2408.dbc,2024,SE,sr_mes_08,DBC,ignorado,data/ignored/cnes/SRSE2408.dbc,Fora do recorte principal de CNES.
CNES,SRSE2409.dbc,2024,SE,sr_mes_09,DBC,ignorado,data/ignored/cnes/SRSE2409.dbc,Fora do recorte principal de CNES.
CNES,SRSE2410.dbc,2024,SE,sr_mes_10,DBC,ignorado,data/ignored/cnes/SRSE2410.dbc,Fora do recorte principal de CNES.
CNES,SRSE2411.dbc,2024,SE,sr_mes_11,DBC,ignorado,data/ignored/cnes/SRSE2411.dbc,Fora do recorte principal de CNES.
CNES,SRSE2412.dbc,2024,SE,sr_mes_12,DBC,ignorado,data/ignored/cnes/SRSE2412.dbc,Fora do recorte principal de CNES.
CNES,SRSE2501.dbc,2025,SE,sr_mes_01,DBC,ignorado,data/ignored/cnes/SRSE2501.dbc,Fora do recorte principal de CNES.
CNES,SRSE2502.dbc,2025,SE,sr_mes_02,DBC,ignorado,data/ignored/cnes/SRSE2502.dbc,Fora do recorte principal de CNES.
CNES,SRSE2503.dbc,2025,SE,sr_mes_03,DBC,ignorado,data/ignored/cnes/SRSE2503.dbc,Fora do recorte principal de CNES.
CNES,SRSE2504.dbc,2025,SE,sr_mes_04,DBC,ignorado,data/ignored/cnes/SRSE2504.dbc,Fora do recorte principal de CNES.
CNES,SRSE2505.dbc,2025,SE,sr_mes_05,DBC,ignorado,data/ignored/cnes/SRSE2505.dbc,Fora do recorte principal de CNES.
CNES,SRSE2506.dbc,2025,SE,sr_mes_06,DBC,ignorado,data/ignored/cnes/SRSE2506.dbc,Fora do recorte principal de CNES.
CNES,SRSE2507.dbc,2025,SE,sr_mes_07,DBC,ignorado,data/ignored/cnes/SRSE2507.dbc,Fora do recorte principal de CNES.
CNES,SRSE2508.dbc,2025,SE,sr_mes_08,DBC,ignorado,data/ignored/cnes/SRSE2508.dbc,Fora do recorte principal de CNES.
CNES,SRSE2509.dbc,2025,SE,sr_mes_09,DBC,ignorado,data/ignored/cnes/SRSE2509.dbc,Fora do recorte principal de CNES.
CNES,SRSE2510.dbc,2025,SE,sr_mes_10,DBC,ignorado,data/ignored/cnes/SRSE2510.dbc,Fora do recorte principal de CNES.
CNES,SRSE2511.dbc,2025,SE,sr_mes_11,DBC,ignorado,data/ignored/cnes/SRSE2511.dbc,Fora do recorte principal de CNES.
CNES,SRSE2512.dbc,2025,SE,sr_mes_12,DBC,ignorado,data/ignored/cnes/SRSE2512.dbc,Fora do recorte principal de CNES.
CNES,SRSE2601.dbc,2026,SE,sr_mes_01,DBC,ignorado,data/ignored/cnes/SRSE2601.dbc,Fora do recorte principal de CNES.
CNES,SRSE2602.dbc,2026,SE,sr_mes_02,DBC,ignorado,data/ignored/cnes/SRSE2602.dbc,Fora do recorte principal de CNES.
CNES,SRSE2603.dbc,2026,SE,sr_mes_03,DBC,ignorado,data/ignored/cnes/SRSE2603.dbc,Fora do recorte principal de CNES.
CNES,SRSE2604.dbc,2026,SE,sr_mes_04,DBC,ignorado,data/ignored/cnes/SRSE2604.dbc,Fora do recorte principal de CNES.
CNES,SRSE2605.dbc,2026,SE,sr_mes_05,DBC,ignorado,data/ignored/cnes/SRSE2605.dbc,Fora do recorte principal de CNES.
CNES,SRSP0508.dbc,2005,SP,sr_mes_08,DBC,ignorado,data/ignored/cnes/SRSP0508.dbc,Fora do recorte principal de CNES.
CNES,SRSP0509.dbc,2005,SP,sr_mes_09,DBC,ignorado,data/ignored/cnes/SRSP0509.dbc,Fora do recorte principal de CNES.
CNES,SRSP0510.dbc,2005,SP,sr_mes_10,DBC,ignorado,data/ignored/cnes/SRSP0510.dbc,Fora do recorte principal de CNES.
CNES,SRSP0511.dbc,2005,SP,sr_mes_11,DBC,ignorado,data/ignored/cnes/SRSP0511.dbc,Fora do recorte principal de CNES.
CNES,SRSP0512.dbc,2005,SP,sr_mes_12,DBC,ignorado,data/ignored/cnes/SRSP0512.dbc,Fora do recorte principal de CNES.
CNES,SRSP0601.dbc,2006,SP,sr_mes_01,DBC,ignorado,data/ignored/cnes/SRSP0601.dbc,Fora do recorte principal de CNES.
CNES,SRSP0602.dbc,2006,SP,sr_mes_02,DBC,ignorado,data/ignored/cnes/SRSP0602.dbc,Fora do recorte principal de CNES.
CNES,SRSP0603.dbc,2006,SP,sr_mes_03,DBC,ignorado,data/ignored/cnes/SRSP0603.dbc,Fora do recorte principal de CNES.
CNES,SRSP0604.dbc,2006,SP,sr_mes_04,DBC,ignorado,data/ignored/cnes/SRSP0604.dbc,Fora do recorte principal de CNES.
CNES,SRSP0605.dbc,2006,SP,sr_mes_05,DBC,ignorado,data/ignored/cnes/SRSP0605.dbc,Fora do recorte principal de CNES.
CNES,SRSP0606.dbc,2006,SP,sr_mes_06,DBC,ignorado,data/ignored/cnes/SRSP0606.dbc,Fora do recorte principal de CNES.
CNES,SRSP0607.dbc,2006,SP,sr_mes_07,DBC,ignorado,data/ignored/cnes/SRSP0607.dbc,Fora do recorte principal de CNES.
CNES,SRSP0608.dbc,2006,SP,sr_mes_08,DBC,ignorado,data/ignored/cnes/SRSP0608.dbc,Fora do recorte principal de CNES.
CNES,SRSP0609.dbc,2006,SP,sr_mes_09,DBC,ignorado,data/ignored/cnes/SRSP0609.dbc,Fora do recorte principal de CNES.
CNES,SRSP0610.dbc,2006,SP,sr_mes_10,DBC,ignorado,data/ignored/cnes/SRSP0610.dbc,Fora do recorte principal de CNES.
CNES,SRSP0611.dbc,2006,SP,sr_mes_11,DBC,ignorado,data/ignored/cnes/SRSP0611.dbc,Fora do recorte principal de CNES.
CNES,SRSP0612.dbc,2006,SP,sr_mes_12,DBC,ignorado,data/ignored/cnes/SRSP0612.dbc,Fora do recorte principal de CNES.
CNES,SRSP0701.dbc,2007,SP,sr_mes_01,DBC,ignorado,data/ignored/cnes/SRSP0701.dbc,Fora do recorte principal de CNES.
CNES,SRSP0702.dbc,2007,SP,sr_mes_02,DBC,ignorado,data/ignored/cnes/SRSP0702.dbc,Fora do recorte principal de CNES.
CNES,SRSP0703.dbc,2007,SP,sr_mes_03,DBC,ignorado,data/ignored/cnes/SRSP0703.dbc,Fora do recorte principal de CNES.
CNES,SRSP0704.dbc,2007,SP,sr_mes_04,DBC,ignorado,data/ignored/cnes/SRSP0704.dbc,Fora do recorte principal de CNES.
CNES,SRSP0705.dbc,2007,SP,sr_mes_05,DBC,ignorado,data/ignored/cnes/SRSP0705.dbc,Fora do recorte principal de CNES.
CNES,SRSP0706.dbc,2007,SP,sr_mes_06,DBC,ignorado,data/ignored/cnes/SRSP0706.dbc,Fora do recorte principal de CNES.
CNES,SRSP0707.dbc,2007,SP,sr_mes_07,DBC,ignorado,data/ignored/cnes/SRSP0707.dbc,Fora do recorte principal de CNES.
CNES,SRSP0708.dbc,2007,SP,sr_mes_08,DBC,ignorado,data/ignored/cnes/SRSP0708.dbc,Fora do recorte principal de CNES.
CNES,SRSP0709.dbc,2007,SP,sr_mes_09,DBC,ignorado,data/ignored/cnes/SRSP0709.dbc,Fora do recorte principal de CNES.
CNES,SRSP0710.dbc,2007,SP,sr_mes_10,DBC,ignorado,data/ignored/cnes/SRSP0710.dbc,Fora do recorte principal de CNES.
CNES,SRSP0711.dbc,2007,SP,sr_mes_11,DBC,ignorado,data/ignored/cnes/SRSP0711.dbc,Fora do recorte principal de CNES.
CNES,SRSP0712.dbc,2007,SP,sr_mes_12,DBC,ignorado,data/ignored/cnes/SRSP0712.dbc,Fora do recorte principal de CNES.
CNES,SRSP0801.dbc,2008,SP,sr_mes_01,DBC,ignorado,data/ignored/cnes/SRSP0801.dbc,Fora do recorte principal de CNES.
CNES,SRSP0802.dbc,2008,SP,sr_mes_02,DBC,ignorado,data/ignored/cnes/SRSP0802.dbc,Fora do recorte principal de CNES.
CNES,SRSP0803.dbc,2008,SP,sr_mes_03,DBC,ignorado,data/ignored/cnes/SRSP0803.dbc,Fora do recorte principal de CNES.
CNES,SRSP0804.dbc,2008,SP,sr_mes_04,DBC,ignorado,data/ignored/cnes/SRSP0804.dbc,Fora do recorte principal de CNES.
CNES,SRSP0805.dbc,2008,SP,sr_mes_05,DBC,ignorado,data/ignored/cnes/SRSP0805.dbc,Fora do recorte principal de CNES.
CNES,SRSP0806.dbc,2008,SP,sr_mes_06,DBC,ignorado,data/ignored/cnes/SRSP0806.dbc,Fora do recorte principal de CNES.
CNES,SRSP0807.dbc,2008,SP,sr_mes_07,DBC,ignorado,data/ignored/cnes/SRSP0807.dbc,Fora do recorte principal de CNES.
CNES,SRSP0808.dbc,2008,SP,sr_mes_08,DBC,ignorado,data/ignored/cnes/SRSP0808.dbc,Fora do recorte principal de CNES.
CNES,SRSP0809.dbc,2008,SP,sr_mes_09,DBC,ignorado,data/ignored/cnes/SRSP0809.dbc,Fora do recorte principal de CNES.
CNES,SRSP0810.dbc,2008,SP,sr_mes_10,DBC,ignorado,data/ignored/cnes/SRSP0810.dbc,Fora do recorte principal de CNES.
CNES,SRSP0811.dbc,2008,SP,sr_mes_11,DBC,ignorado,data/ignored/cnes/SRSP0811.dbc,Fora do recorte principal de CNES.
CNES,SRSP0812.dbc,2008,SP,sr_mes_12,DBC,ignorado,data/ignored/cnes/SRSP0812.dbc,Fora do recorte principal de CNES.
CNES,SRSP0901.dbc,2009,SP,sr_mes_01,DBC,ignorado,data/ignored/cnes/SRSP0901.dbc,Fora do recorte principal de CNES.
CNES,SRSP0902.dbc,2009,SP,sr_mes_02,DBC,ignorado,data/ignored/cnes/SRSP0902.dbc,Fora do recorte principal de CNES.
CNES,SRSP0903.dbc,2009,SP,sr_mes_03,DBC,ignorado,data/ignored/cnes/SRSP0903.dbc,Fora do recorte principal de CNES.
CNES,SRSP0904.dbc,2009,SP,sr_mes_04,DBC,ignorado,data/ignored/cnes/SRSP0904.dbc,Fora do recorte principal de CNES.
CNES,SRSP0905.dbc,2009,SP,sr_mes_05,DBC,ignorado,data/ignored/cnes/SRSP0905.dbc,Fora do recorte principal de CNES.
CNES,SRSP0906.dbc,2009,SP,sr_mes_06,DBC,ignorado,data/ignored/cnes/SRSP0906.dbc,Fora do recorte principal de CNES.
CNES,SRSP0907.dbc,2009,SP,sr_mes_07,DBC,ignorado,data/ignored/cnes/SRSP0907.dbc,Fora do recorte principal de CNES.
CNES,SRSP0908.dbc,2009,SP,sr_mes_08,DBC,ignorado,data/ignored/cnes/SRSP0908.dbc,Fora do recorte principal de CNES.
CNES,SRSP0909.dbc,2009,SP,sr_mes_09,DBC,ignorado,data/ignored/cnes/SRSP0909.dbc,Fora do recorte principal de CNES.
CNES,SRSP0910.dbc,2009,SP,sr_mes_10,DBC,ignorado,data/ignored/cnes/SRSP0910.dbc,Fora do recorte principal de CNES.
CNES,SRSP0911.dbc,2009,SP,sr_mes_11,DBC,ignorado,data/ignored/cnes/SRSP0911.dbc,Fora do recorte principal de CNES.
CNES,SRSP0912.dbc,2009,SP,sr_mes_12,DBC,ignorado,data/ignored/cnes/SRSP0912.dbc,Fora do recorte principal de CNES.
CNES,SRSP1001.dbc,2010,SP,sr_mes_01,DBC,ignorado,data/ignored/cnes/SRSP1001.dbc,Fora do recorte principal de CNES.
CNES,SRSP1002.dbc,2010,SP,sr_mes_02,DBC,ignorado,data/ignored/cnes/SRSP1002.dbc,Fora do recorte principal de CNES.
CNES,SRSP1003.dbc,2010,SP,sr_mes_03,DBC,ignorado,data/ignored/cnes/SRSP1003.dbc,Fora do recorte principal de CNES.
CNES,SRSP1004.dbc,2010,SP,sr_mes_04,DBC,ignorado,data/ignored/cnes/SRSP1004.dbc,Fora do recorte principal de CNES.
CNES,SRSP1005.dbc,2010,SP,sr_mes_05,DBC,ignorado,data/ignored/cnes/SRSP1005.dbc,Fora do recorte principal de CNES.
CNES,SRSP1006.dbc,2010,SP,sr_mes_06,DBC,ignorado,data/ignored/cnes/SRSP1006.dbc,Fora do recorte principal de CNES.
CNES,SRSP1007.dbc,2010,SP,sr_mes_07,DBC,ignorado,data/ignored/cnes/SRSP1007.dbc,Fora do recorte principal de CNES.
CNES,SRSP1008.dbc,2010,SP,sr_mes_08,DBC,ignorado,data/ignored/cnes/SRSP1008.dbc,Fora do recorte principal de CNES.
CNES,SRSP1009.dbc,2010,SP,sr_mes_09,DBC,ignorado,data/ignored/cnes/SRSP1009.dbc,Fora do recorte principal de CNES.
CNES,SRSP1010.dbc,2010,SP,sr_mes_10,DBC,ignorado,data/ignored/cnes/SRSP1010.dbc,Fora do recorte principal de CNES.
CNES,SRSP1011.dbc,2010,SP,sr_mes_11,DBC,ignorado,data/ignored/cnes/SRSP1011.dbc,Fora do recorte principal de CNES.
CNES,SRSP1012.dbc,2010,SP,sr_mes_12,DBC,ignorado,data/ignored/cnes/SRSP1012.dbc,Fora do recorte principal de CNES.
CNES,SRSP1101.dbc,2011,SP,sr_mes_01,DBC,ignorado,data/ignored/cnes/SRSP1101.dbc,Fora do recorte principal de CNES.
CNES,SRSP1102.dbc,2011,SP,sr_mes_02,DBC,ignorado,data/ignored/cnes/SRSP1102.dbc,Fora do recorte principal de CNES.
CNES,SRSP1103.dbc,2011,SP,sr_mes_03,DBC,ignorado,data/ignored/cnes/SRSP1103.dbc,Fora do recorte principal de CNES.
CNES,SRSP1104.dbc,2011,SP,sr_mes_04,DBC,ignorado,data/ignored/cnes/SRSP1104.dbc,Fora do recorte principal de CNES.
CNES,SRSP1105.dbc,2011,SP,sr_mes_05,DBC,ignorado,data/ignored/cnes/SRSP1105.dbc,Fora do recorte principal de CNES.
CNES,SRSP1106.dbc,2011,SP,sr_mes_06,DBC,ignorado,data/ignored/cnes/SRSP1106.dbc,Fora do recorte principal de CNES.
CNES,SRSP1107.dbc,2011,SP,sr_mes_07,DBC,ignorado,data/ignored/cnes/SRSP1107.dbc,Fora do recorte principal de CNES.
CNES,SRSP1108.dbc,2011,SP,sr_mes_08,DBC,ignorado,data/ignored/cnes/SRSP1108.dbc,Fora do recorte principal de CNES.
CNES,SRSP1109.dbc,2011,SP,sr_mes_09,DBC,ignorado,data/ignored/cnes/SRSP1109.dbc,Fora do recorte principal de CNES.
CNES,SRSP1110.dbc,2011,SP,sr_mes_10,DBC,ignorado,data/ignored/cnes/SRSP1110.dbc,Fora do recorte principal de CNES.
CNES,SRSP1111.dbc,2011,SP,sr_mes_11,DBC,ignorado,data/ignored/cnes/SRSP1111.dbc,Fora do recorte principal de CNES.
CNES,SRSP1112.dbc,2011,SP,sr_mes_12,DBC,ignorado,data/ignored/cnes/SRSP1112.dbc,Fora do recorte principal de CNES.
CNES,SRSP1201.dbc,2012,SP,sr_mes_01,DBC,ignorado,data/ignored/cnes/SRSP1201.dbc,Fora do recorte principal de CNES.
CNES,SRSP1202.dbc,2012,SP,sr_mes_02,DBC,ignorado,data/ignored/cnes/SRSP1202.dbc,Fora do recorte principal de CNES.
CNES,SRSP1203.dbc,2012,SP,sr_mes_03,DBC,ignorado,data/ignored/cnes/SRSP1203.dbc,Fora do recorte principal de CNES.
CNES,SRSP1204.dbc,2012,SP,sr_mes_04,DBC,ignorado,data/ignored/cnes/SRSP1204.dbc,Fora do recorte principal de CNES.
CNES,SRSP1205.dbc,2012,SP,sr_mes_05,DBC,ignorado,data/ignored/cnes/SRSP1205.dbc,Fora do recorte principal de CNES.
CNES,SRSP1206.dbc,2012,SP,sr_mes_06,DBC,ignorado,data/ignored/cnes/SRSP1206.dbc,Fora do recorte principal de CNES.
CNES,SRSP1207.dbc,2012,SP,sr_mes_07,DBC,ignorado,data/ignored/cnes/SRSP1207.dbc,Fora do recorte principal de CNES.
CNES,SRSP1208.dbc,2012,SP,sr_mes_08,DBC,ignorado,data/ignored/cnes/SRSP1208.dbc,Fora do recorte principal de CNES.
CNES,SRSP1209.dbc,2012,SP,sr_mes_09,DBC,ignorado,data/ignored/cnes/SRSP1209.dbc,Fora do recorte principal de CNES.
CNES,SRSP1210.dbc,2012,SP,sr_mes_10,DBC,ignorado,data/ignored/cnes/SRSP1210.dbc,Fora do recorte principal de CNES.
CNES,SRSP1211.dbc,2012,SP,sr_mes_11,DBC,ignorado,data/ignored/cnes/SRSP1211.dbc,Fora do recorte principal de CNES.
CNES,SRSP1212.dbc,2012,SP,sr_mes_12,DBC,ignorado,data/ignored/cnes/SRSP1212.dbc,Fora do recorte principal de CNES.
CNES,SRSP1301.dbc,2013,SP,sr_mes_01,DBC,ignorado,data/ignored/cnes/SRSP1301.dbc,Fora do recorte principal de CNES.
CNES,SRSP1302.dbc,2013,SP,sr_mes_02,DBC,ignorado,data/ignored/cnes/SRSP1302.dbc,Fora do recorte principal de CNES.
CNES,SRSP1303.dbc,2013,SP,sr_mes_03,DBC,ignorado,data/ignored/cnes/SRSP1303.dbc,Fora do recorte principal de CNES.
CNES,SRSP1304.dbc,2013,SP,sr_mes_04,DBC,ignorado,data/ignored/cnes/SRSP1304.dbc,Fora do recorte principal de CNES.
CNES,SRSP1305.dbc,2013,SP,sr_mes_05,DBC,ignorado,data/ignored/cnes/SRSP1305.dbc,Fora do recorte principal de CNES.
CNES,SRSP1306.dbc,2013,SP,sr_mes_06,DBC,ignorado,data/ignored/cnes/SRSP1306.dbc,Fora do recorte principal de CNES.
CNES,SRSP1307.dbc,2013,SP,sr_mes_07,DBC,ignorado,data/ignored/cnes/SRSP1307.dbc,Fora do recorte principal de CNES.
CNES,SRSP1308.dbc,2013,SP,sr_mes_08,DBC,ignorado,data/ignored/cnes/SRSP1308.dbc,Fora do recorte principal de CNES.
CNES,SRSP1309.dbc,2013,SP,sr_mes_09,DBC,ignorado,data/ignored/cnes/SRSP1309.dbc,Fora do recorte principal de CNES.
CNES,SRSP1310.dbc,2013,SP,sr_mes_10,DBC,ignorado,data/ignored/cnes/SRSP1310.dbc,Fora do recorte principal de CNES.
CNES,SRSP1311.dbc,2013,SP,sr_mes_11,DBC,ignorado,data/ignored/cnes/SRSP1311.dbc,Fora do recorte principal de CNES.
CNES,SRSP1312.dbc,2013,SP,sr_mes_12,DBC,ignorado,data/ignored/cnes/SRSP1312.dbc,Fora do recorte principal de CNES.
CNES,SRSP1401.dbc,2014,SP,sr_mes_01,DBC,ignorado,data/ignored/cnes/SRSP1401.dbc,Fora do recorte principal de CNES.
CNES,SRSP1402.dbc,2014,SP,sr_mes_02,DBC,ignorado,data/ignored/cnes/SRSP1402.dbc,Fora do recorte principal de CNES.
CNES,SRSP1403.dbc,2014,SP,sr_mes_03,DBC,ignorado,data/ignored/cnes/SRSP1403.dbc,Fora do recorte principal de CNES.
CNES,SRSP1404.dbc,2014,SP,sr_mes_04,DBC,ignorado,data/ignored/cnes/SRSP1404.dbc,Fora do recorte principal de CNES.
CNES,SRSP1405.dbc,2014,SP,sr_mes_05,DBC,ignorado,data/ignored/cnes/SRSP1405.dbc,Fora do recorte principal de CNES.
CNES,SRSP1406.dbc,2014,SP,sr_mes_06,DBC,ignorado,data/ignored/cnes/SRSP1406.dbc,Fora do recorte principal de CNES.
CNES,SRSP1407.dbc,2014,SP,sr_mes_07,DBC,ignorado,data/ignored/cnes/SRSP1407.dbc,Fora do recorte principal de CNES.
CNES,SRSP1408.dbc,2014,SP,sr_mes_08,DBC,ignorado,data/ignored/cnes/SRSP1408.dbc,Fora do recorte principal de CNES.
CNES,SRSP1409.dbc,2014,SP,sr_mes_09,DBC,ignorado,data/ignored/cnes/SRSP1409.dbc,Fora do recorte principal de CNES.
CNES,SRSP1410.dbc,2014,SP,sr_mes_10,DBC,ignorado,data/ignored/cnes/SRSP1410.dbc,Fora do recorte principal de CNES.
CNES,SRSP1411.dbc,2014,SP,sr_mes_11,DBC,ignorado,data/ignored/cnes/SRSP1411.dbc,Fora do recorte principal de CNES.
CNES,SRSP1412.dbc,2014,SP,sr_mes_12,DBC,ignorado,data/ignored/cnes/SRSP1412.dbc,Fora do recorte principal de CNES.
CNES,SRSP1501.dbc,2015,SP,sr_mes_01,DBC,ignorado,data/ignored/cnes/SRSP1501.dbc,Fora do recorte principal de CNES.
CNES,SRSP1502.dbc,2015,SP,sr_mes_02,DBC,ignorado,data/ignored/cnes/SRSP1502.dbc,Fora do recorte principal de CNES.
CNES,SRSP1503.dbc,2015,SP,sr_mes_03,DBC,ignorado,data/ignored/cnes/SRSP1503.dbc,Fora do recorte principal de CNES.
CNES,SRSP1504.dbc,2015,SP,sr_mes_04,DBC,ignorado,data/ignored/cnes/SRSP1504.dbc,Fora do recorte principal de CNES.
CNES,SRSP1505.dbc,2015,SP,sr_mes_05,DBC,ignorado,data/ignored/cnes/SRSP1505.dbc,Fora do recorte principal de CNES.
CNES,SRSP1506.dbc,2015,SP,sr_mes_06,DBC,ignorado,data/ignored/cnes/SRSP1506.dbc,Fora do recorte principal de CNES.
CNES,SRSP1507.dbc,2015,SP,sr_mes_07,DBC,ignorado,data/ignored/cnes/SRSP1507.dbc,Fora do recorte principal de CNES.
CNES,SRSP1508.dbc,2015,SP,sr_mes_08,DBC,ignorado,data/ignored/cnes/SRSP1508.dbc,Fora do recorte principal de CNES.
CNES,SRSP1509.dbc,2015,SP,sr_mes_09,DBC,ignorado,data/ignored/cnes/SRSP1509.dbc,Fora do recorte principal de CNES.
CNES,SRSP1510.dbc,2015,SP,sr_mes_10,DBC,ignorado,data/ignored/cnes/SRSP1510.dbc,Fora do recorte principal de CNES.
CNES,SRSP1511.dbc,2015,SP,sr_mes_11,DBC,ignorado,data/ignored/cnes/SRSP1511.dbc,Fora do recorte principal de CNES.
CNES,SRSP1512.dbc,2015,SP,sr_mes_12,DBC,ignorado,data/ignored/cnes/SRSP1512.dbc,Fora do recorte principal de CNES.
CNES,SRSP1601.dbc,2016,SP,sr_mes_01,DBC,ignorado,data/ignored/cnes/SRSP1601.dbc,Fora do recorte principal de CNES.
CNES,SRSP1602.dbc,2016,SP,sr_mes_02,DBC,ignorado,data/ignored/cnes/SRSP1602.dbc,Fora do recorte principal de CNES.
CNES,SRSP1603.dbc,2016,SP,sr_mes_03,DBC,ignorado,data/ignored/cnes/SRSP1603.dbc,Fora do recorte principal de CNES.
CNES,SRSP1604.dbc,2016,SP,sr_mes_04,DBC,ignorado,data/ignored/cnes/SRSP1604.dbc,Fora do recorte principal de CNES.
CNES,SRSP1605.dbc,2016,SP,sr_mes_05,DBC,ignorado,data/ignored/cnes/SRSP1605.dbc,Fora do recorte principal de CNES.
CNES,SRSP1606.dbc,2016,SP,sr_mes_06,DBC,ignorado,data/ignored/cnes/SRSP1606.dbc,Fora do recorte principal de CNES.
CNES,SRSP1607.dbc,2016,SP,sr_mes_07,DBC,ignorado,data/ignored/cnes/SRSP1607.dbc,Fora do recorte principal de CNES.
CNES,SRSP1608.dbc,2016,SP,sr_mes_08,DBC,ignorado,data/ignored/cnes/SRSP1608.dbc,Fora do recorte principal de CNES.
CNES,SRSP1609.dbc,2016,SP,sr_mes_09,DBC,ignorado,data/ignored/cnes/SRSP1609.dbc,Fora do recorte principal de CNES.
CNES,SRSP1610.dbc,2016,SP,sr_mes_10,DBC,ignorado,data/ignored/cnes/SRSP1610.dbc,Fora do recorte principal de CNES.
CNES,SRSP1611.dbc,2016,SP,sr_mes_11,DBC,ignorado,data/ignored/cnes/SRSP1611.dbc,Fora do recorte principal de CNES.
CNES,SRSP1612.dbc,2016,SP,sr_mes_12,DBC,ignorado,data/ignored/cnes/SRSP1612.dbc,Fora do recorte principal de CNES.
CNES,SRSP1701.dbc,2017,SP,sr_mes_01,DBC,ignorado,data/ignored/cnes/SRSP1701.dbc,Fora do recorte principal de CNES.
CNES,SRSP1702.dbc,2017,SP,sr_mes_02,DBC,ignorado,data/ignored/cnes/SRSP1702.dbc,Fora do recorte principal de CNES.
CNES,SRSP1703.dbc,2017,SP,sr_mes_03,DBC,ignorado,data/ignored/cnes/SRSP1703.dbc,Fora do recorte principal de CNES.
CNES,SRSP1704.dbc,2017,SP,sr_mes_04,DBC,ignorado,data/ignored/cnes/SRSP1704.dbc,Fora do recorte principal de CNES.
CNES,SRSP1705.dbc,2017,SP,sr_mes_05,DBC,ignorado,data/ignored/cnes/SRSP1705.dbc,Fora do recorte principal de CNES.
CNES,SRSP1706.dbc,2017,SP,sr_mes_06,DBC,ignorado,data/ignored/cnes/SRSP1706.dbc,Fora do recorte principal de CNES.
CNES,SRSP1707.dbc,2017,SP,sr_mes_07,DBC,ignorado,data/ignored/cnes/SRSP1707.dbc,Fora do recorte principal de CNES.
CNES,SRSP1708.dbc,2017,SP,sr_mes_08,DBC,ignorado,data/ignored/cnes/SRSP1708.dbc,Fora do recorte principal de CNES.
CNES,SRSP1709.dbc,2017,SP,sr_mes_09,DBC,ignorado,data/ignored/cnes/SRSP1709.dbc,Fora do recorte principal de CNES.
CNES,SRSP1710.dbc,2017,SP,sr_mes_10,DBC,ignorado,data/ignored/cnes/SRSP1710.dbc,Fora do recorte principal de CNES.
CNES,SRSP1711.dbc,2017,SP,sr_mes_11,DBC,ignorado,data/ignored/cnes/SRSP1711.dbc,Fora do recorte principal de CNES.
CNES,SRSP1712.dbc,2017,SP,sr_mes_12,DBC,ignorado,data/ignored/cnes/SRSP1712.dbc,Fora do recorte principal de CNES.
CNES,SRSP1801.dbc,2018,SP,sr_mes_01,DBC,ignorado,data/ignored/cnes/SRSP1801.dbc,Fora do recorte principal de CNES.
CNES,SRSP1802.dbc,2018,SP,sr_mes_02,DBC,ignorado,data/ignored/cnes/SRSP1802.dbc,Fora do recorte principal de CNES.
CNES,SRSP1803.dbc,2018,SP,sr_mes_03,DBC,ignorado,data/ignored/cnes/SRSP1803.dbc,Fora do recorte principal de CNES.
CNES,SRSP1804.dbc,2018,SP,sr_mes_04,DBC,ignorado,data/ignored/cnes/SRSP1804.dbc,Fora do recorte principal de CNES.
CNES,SRSP1805.dbc,2018,SP,sr_mes_05,DBC,ignorado,data/ignored/cnes/SRSP1805.dbc,Fora do recorte principal de CNES.
CNES,SRSP1806.dbc,2018,SP,sr_mes_06,DBC,ignorado,data/ignored/cnes/SRSP1806.dbc,Fora do recorte principal de CNES.
CNES,SRSP1807.dbc,2018,SP,sr_mes_07,DBC,ignorado,data/ignored/cnes/SRSP1807.dbc,Fora do recorte principal de CNES.
CNES,SRSP1808.dbc,2018,SP,sr_mes_08,DBC,ignorado,data/ignored/cnes/SRSP1808.dbc,Fora do recorte principal de CNES.
CNES,SRSP1809.dbc,2018,SP,sr_mes_09,DBC,ignorado,data/ignored/cnes/SRSP1809.dbc,Fora do recorte principal de CNES.
CNES,SRSP1810.dbc,2018,SP,sr_mes_10,DBC,ignorado,data/ignored/cnes/SRSP1810.dbc,Fora do recorte principal de CNES.
CNES,SRSP1811.dbc,2018,SP,sr_mes_11,DBC,ignorado,data/ignored/cnes/SRSP1811.dbc,Fora do recorte principal de CNES.
CNES,SRSP1812.dbc,2018,SP,sr_mes_12,DBC,ignorado,data/ignored/cnes/SRSP1812.dbc,Fora do recorte principal de CNES.
CNES,SRSP1901.dbc,2019,SP,sr_mes_01,DBC,ignorado,data/ignored/cnes/SRSP1901.dbc,Fora do recorte principal de CNES.
CNES,SRSP1902.dbc,2019,SP,sr_mes_02,DBC,ignorado,data/ignored/cnes/SRSP1902.dbc,Fora do recorte principal de CNES.
CNES,SRSP1903.dbc,2019,SP,sr_mes_03,DBC,ignorado,data/ignored/cnes/SRSP1903.dbc,Fora do recorte principal de CNES.
CNES,SRSP1904.dbc,2019,SP,sr_mes_04,DBC,ignorado,data/ignored/cnes/SRSP1904.dbc,Fora do recorte principal de CNES.
CNES,SRSP1905.dbc,2019,SP,sr_mes_05,DBC,ignorado,data/ignored/cnes/SRSP1905.dbc,Fora do recorte principal de CNES.
CNES,SRSP1906.dbc,2019,SP,sr_mes_06,DBC,ignorado,data/ignored/cnes/SRSP1906.dbc,Fora do recorte principal de CNES.
CNES,SRSP1907.dbc,2019,SP,sr_mes_07,DBC,ignorado,data/ignored/cnes/SRSP1907.dbc,Fora do recorte principal de CNES.
CNES,SRSP1908.dbc,2019,SP,sr_mes_08,DBC,ignorado,data/ignored/cnes/SRSP1908.dbc,Fora do recorte principal de CNES.
CNES,SRSP1909.dbc,2019,SP,sr_mes_09,DBC,ignorado,data/ignored/cnes/SRSP1909.dbc,Fora do recorte principal de CNES.
CNES,SRSP1910.dbc,2019,SP,sr_mes_10,DBC,ignorado,data/ignored/cnes/SRSP1910.dbc,Fora do recorte principal de CNES.
CNES,SRSP1911.dbc,2019,SP,sr_mes_11,DBC,ignorado,data/ignored/cnes/SRSP1911.dbc,Fora do recorte principal de CNES.
CNES,SRSP1912.dbc,2019,SP,sr_mes_12,DBC,ignorado,data/ignored/cnes/SRSP1912.dbc,Fora do recorte principal de CNES.
CNES,SRSP2001.dbc,2020,SP,sr_mes_01,DBC,ignorado,data/ignored/cnes/SRSP2001.dbc,Fora do recorte principal de CNES.
CNES,SRSP2002.dbc,2020,SP,sr_mes_02,DBC,ignorado,data/ignored/cnes/SRSP2002.dbc,Fora do recorte principal de CNES.
CNES,SRSP2003.dbc,2020,SP,sr_mes_03,DBC,ignorado,data/ignored/cnes/SRSP2003.dbc,Fora do recorte principal de CNES.
CNES,SRSP2004.dbc,2020,SP,sr_mes_04,DBC,ignorado,data/ignored/cnes/SRSP2004.dbc,Fora do recorte principal de CNES.
CNES,SRSP2005.dbc,2020,SP,sr_mes_05,DBC,ignorado,data/ignored/cnes/SRSP2005.dbc,Fora do recorte principal de CNES.
CNES,SRSP2006.dbc,2020,SP,sr_mes_06,DBC,ignorado,data/ignored/cnes/SRSP2006.dbc,Fora do recorte principal de CNES.
CNES,SRSP2007.dbc,2020,SP,sr_mes_07,DBC,ignorado,data/ignored/cnes/SRSP2007.dbc,Fora do recorte principal de CNES.
CNES,SRSP2008.dbc,2020,SP,sr_mes_08,DBC,ignorado,data/ignored/cnes/SRSP2008.dbc,Fora do recorte principal de CNES.
CNES,SRSP2009.dbc,2020,SP,sr_mes_09,DBC,ignorado,data/ignored/cnes/SRSP2009.dbc,Fora do recorte principal de CNES.
CNES,SRSP2010.dbc,2020,SP,sr_mes_10,DBC,ignorado,data/ignored/cnes/SRSP2010.dbc,Fora do recorte principal de CNES.
CNES,SRSP2011.dbc,2020,SP,sr_mes_11,DBC,ignorado,data/ignored/cnes/SRSP2011.dbc,Fora do recorte principal de CNES.
CNES,SRSP2012.dbc,2020,SP,sr_mes_12,DBC,ignorado,data/ignored/cnes/SRSP2012.dbc,Fora do recorte principal de CNES.
CNES,SRSP2101.dbc,2021,SP,sr_mes_01,DBC,ignorado,data/ignored/cnes/SRSP2101.dbc,Fora do recorte principal de CNES.
CNES,SRSP2102.dbc,2021,SP,sr_mes_02,DBC,ignorado,data/ignored/cnes/SRSP2102.dbc,Fora do recorte principal de CNES.
CNES,SRSP2103.dbc,2021,SP,sr_mes_03,DBC,ignorado,data/ignored/cnes/SRSP2103.dbc,Fora do recorte principal de CNES.
CNES,SRSP2104.dbc,2021,SP,sr_mes_04,DBC,ignorado,data/ignored/cnes/SRSP2104.dbc,Fora do recorte principal de CNES.
CNES,SRSP2105.dbc,2021,SP,sr_mes_05,DBC,ignorado,data/ignored/cnes/SRSP2105.dbc,Fora do recorte principal de CNES.
CNES,SRSP2106.dbc,2021,SP,sr_mes_06,DBC,ignorado,data/ignored/cnes/SRSP2106.dbc,Fora do recorte principal de CNES.
CNES,SRSP2107.dbc,2021,SP,sr_mes_07,DBC,ignorado,data/ignored/cnes/SRSP2107.dbc,Fora do recorte principal de CNES.
CNES,SRSP2108.dbc,2021,SP,sr_mes_08,DBC,ignorado,data/ignored/cnes/SRSP2108.dbc,Fora do recorte principal de CNES.
CNES,SRSP2109.dbc,2021,SP,sr_mes_09,DBC,ignorado,data/ignored/cnes/SRSP2109.dbc,Fora do recorte principal de CNES.
CNES,SRSP2110.dbc,2021,SP,sr_mes_10,DBC,ignorado,data/ignored/cnes/SRSP2110.dbc,Fora do recorte principal de CNES.
CNES,SRSP2111.dbc,2021,SP,sr_mes_11,DBC,ignorado,data/ignored/cnes/SRSP2111.dbc,Fora do recorte principal de CNES.
CNES,SRSP2112.dbc,2021,SP,sr_mes_12,DBC,ignorado,data/ignored/cnes/SRSP2112.dbc,Fora do recorte principal de CNES.
CNES,SRSP2201.dbc,2022,SP,sr_mes_01,DBC,ignorado,data/ignored/cnes/SRSP2201.dbc,Fora do recorte principal de CNES.
CNES,SRSP2202.dbc,2022,SP,sr_mes_02,DBC,ignorado,data/ignored/cnes/SRSP2202.dbc,Fora do recorte principal de CNES.
CNES,SRSP2203.dbc,2022,SP,sr_mes_03,DBC,ignorado,data/ignored/cnes/SRSP2203.dbc,Fora do recorte principal de CNES.
CNES,SRSP2204.dbc,2022,SP,sr_mes_04,DBC,ignorado,data/ignored/cnes/SRSP2204.dbc,Fora do recorte principal de CNES.
CNES,SRSP2205.dbc,2022,SP,sr_mes_05,DBC,ignorado,data/ignored/cnes/SRSP2205.dbc,Fora do recorte principal de CNES.
CNES,SRSP2206.dbc,2022,SP,sr_mes_06,DBC,ignorado,data/ignored/cnes/SRSP2206.dbc,Fora do recorte principal de CNES.
CNES,SRSP2207.dbc,2022,SP,sr_mes_07,DBC,ignorado,data/ignored/cnes/SRSP2207.dbc,Fora do recorte principal de CNES.
CNES,SRSP2208.dbc,2022,SP,sr_mes_08,DBC,ignorado,data/ignored/cnes/SRSP2208.dbc,Fora do recorte principal de CNES.
CNES,SRSP2209.dbc,2022,SP,sr_mes_09,DBC,ignorado,data/ignored/cnes/SRSP2209.dbc,Fora do recorte principal de CNES.
CNES,SRSP2210.dbc,2022,SP,sr_mes_10,DBC,ignorado,data/ignored/cnes/SRSP2210.dbc,Fora do recorte principal de CNES.
CNES,SRSP2211.dbc,2022,SP,sr_mes_11,DBC,ignorado,data/ignored/cnes/SRSP2211.dbc,Fora do recorte principal de CNES.
CNES,SRSP2212.dbc,2022,SP,sr_mes_12,DBC,ignorado,data/ignored/cnes/SRSP2212.dbc,Fora do recorte principal de CNES.
CNES,SRSP2301.dbc,2023,SP,sr_mes_01,DBC,ignorado,data/ignored/cnes/SRSP2301.dbc,Fora do recorte principal de CNES.
CNES,SRSP2302.dbc,2023,SP,sr_mes_02,DBC,ignorado,data/ignored/cnes/SRSP2302.dbc,Fora do recorte principal de CNES.
CNES,SRSP2303.dbc,2023,SP,sr_mes_03,DBC,ignorado,data/ignored/cnes/SRSP2303.dbc,Fora do recorte principal de CNES.
CNES,SRSP2304.dbc,2023,SP,sr_mes_04,DBC,ignorado,data/ignored/cnes/SRSP2304.dbc,Fora do recorte principal de CNES.
CNES,SRSP2305.dbc,2023,SP,sr_mes_05,DBC,ignorado,data/ignored/cnes/SRSP2305.dbc,Fora do recorte principal de CNES.
CNES,SRSP2306.dbc,2023,SP,sr_mes_06,DBC,ignorado,data/ignored/cnes/SRSP2306.dbc,Fora do recorte principal de CNES.
CNES,SRSP2307.dbc,2023,SP,sr_mes_07,DBC,ignorado,data/ignored/cnes/SRSP2307.dbc,Fora do recorte principal de CNES.
CNES,SRSP2308.dbc,2023,SP,sr_mes_08,DBC,ignorado,data/ignored/cnes/SRSP2308.dbc,Fora do recorte principal de CNES.
CNES,SRSP2309.dbc,2023,SP,sr_mes_09,DBC,ignorado,data/ignored/cnes/SRSP2309.dbc,Fora do recorte principal de CNES.
CNES,SRSP2310.dbc,2023,SP,sr_mes_10,DBC,ignorado,data/ignored/cnes/SRSP2310.dbc,Fora do recorte principal de CNES.
CNES,SRSP2311.dbc,2023,SP,sr_mes_11,DBC,ignorado,data/ignored/cnes/SRSP2311.dbc,Fora do recorte principal de CNES.
CNES,SRSP2312.dbc,2023,SP,sr_mes_12,DBC,ignorado,data/ignored/cnes/SRSP2312.dbc,Fora do recorte principal de CNES.
CNES,SRSP2401.dbc,2024,SP,sr_mes_01,DBC,ignorado,data/ignored/cnes/SRSP2401.dbc,Fora do recorte principal de CNES.
CNES,SRSP2402.dbc,2024,SP,sr_mes_02,DBC,ignorado,data/ignored/cnes/SRSP2402.dbc,Fora do recorte principal de CNES.
CNES,SRSP2403.dbc,2024,SP,sr_mes_03,DBC,ignorado,data/ignored/cnes/SRSP2403.dbc,Fora do recorte principal de CNES.
CNES,SRSP2404.dbc,2024,SP,sr_mes_04,DBC,ignorado,data/ignored/cnes/SRSP2404.dbc,Fora do recorte principal de CNES.
CNES,SRSP2405.dbc,2024,SP,sr_mes_05,DBC,ignorado,data/ignored/cnes/SRSP2405.dbc,Fora do recorte principal de CNES.
CNES,SRSP2406.dbc,2024,SP,sr_mes_06,DBC,ignorado,data/ignored/cnes/SRSP2406.dbc,Fora do recorte principal de CNES.
CNES,SRSP2407.dbc,2024,SP,sr_mes_07,DBC,ignorado,data/ignored/cnes/SRSP2407.dbc,Fora do recorte principal de CNES.
CNES,SRSP2408.dbc,2024,SP,sr_mes_08,DBC,ignorado,data/ignored/cnes/SRSP2408.dbc,Fora do recorte principal de CNES.
CNES,SRSP2409.dbc,2024,SP,sr_mes_09,DBC,ignorado,data/ignored/cnes/SRSP2409.dbc,Fora do recorte principal de CNES.
CNES,SRSP2410.dbc,2024,SP,sr_mes_10,DBC,ignorado,data/ignored/cnes/SRSP2410.dbc,Fora do recorte principal de CNES.
CNES,SRSP2411.dbc,2024,SP,sr_mes_11,DBC,ignorado,data/ignored/cnes/SRSP2411.dbc,Fora do recorte principal de CNES.
CNES,SRSP2412.dbc,2024,SP,sr_mes_12,DBC,ignorado,data/ignored/cnes/SRSP2412.dbc,Fora do recorte principal de CNES.
CNES,SRSP2501.dbc,2025,SP,sr_mes_01,DBC,ignorado,data/ignored/cnes/SRSP2501.dbc,Fora do recorte principal de CNES.
CNES,SRSP2502.dbc,2025,SP,sr_mes_02,DBC,ignorado,data/ignored/cnes/SRSP2502.dbc,Fora do recorte principal de CNES.
CNES,SRSP2503.dbc,2025,SP,sr_mes_03,DBC,ignorado,data/ignored/cnes/SRSP2503.dbc,Fora do recorte principal de CNES.
CNES,SRSP2504.dbc,2025,SP,sr_mes_04,DBC,ignorado,data/ignored/cnes/SRSP2504.dbc,Fora do recorte principal de CNES.
CNES,SRSP2505.dbc,2025,SP,sr_mes_05,DBC,ignorado,data/ignored/cnes/SRSP2505.dbc,Fora do recorte principal de CNES.
CNES,SRSP2506.dbc,2025,SP,sr_mes_06,DBC,ignorado,data/ignored/cnes/SRSP2506.dbc,Fora do recorte principal de CNES.
CNES,SRSP2507.dbc,2025,SP,sr_mes_07,DBC,ignorado,data/ignored/cnes/SRSP2507.dbc,Fora do recorte principal de CNES.
CNES,SRSP2508.dbc,2025,SP,sr_mes_08,DBC,ignorado,data/ignored/cnes/SRSP2508.dbc,Fora do recorte principal de CNES.
CNES,SRSP2509.dbc,2025,SP,sr_mes_09,DBC,ignorado,data/ignored/cnes/SRSP2509.dbc,Fora do recorte principal de CNES.
CNES,SRSP2510.dbc,2025,SP,sr_mes_10,DBC,ignorado,data/ignored/cnes/SRSP2510.dbc,Fora do recorte principal de CNES.
CNES,SRSP2511.dbc,2025,SP,sr_mes_11,DBC,ignorado,data/ignored/cnes/SRSP2511.dbc,Fora do recorte principal de CNES.
CNES,SRSP2512.dbc,2025,SP,sr_mes_12,DBC,ignorado,data/ignored/cnes/SRSP2512.dbc,Fora do recorte principal de CNES.
CNES,SRSP2601.dbc,2026,SP,sr_mes_01,DBC,ignorado,data/ignored/cnes/SRSP2601.dbc,Fora do recorte principal de CNES.
CNES,SRSP2602.dbc,2026,SP,sr_mes_02,DBC,ignorado,data/ignored/cnes/SRSP2602.dbc,Fora do recorte principal de CNES.
CNES,SRSP2603.dbc,2026,SP,sr_mes_03,DBC,ignorado,data/ignored/cnes/SRSP2603.dbc,Fora do recorte principal de CNES.
CNES,SRSP2604.dbc,2026,SP,sr_mes_04,DBC,ignorado,data/ignored/cnes/SRSP2604.dbc,Fora do recorte principal de CNES.
CNES,SRSP2605.dbc,2026,SP,sr_mes_05,DBC,ignorado,data/ignored/cnes/SRSP2605.dbc,Fora do recorte principal de CNES.
CNES,STRS0508.dbc,2005,RS,st_mes_08,DBC,ignorado,data/ignored/cnes/STRS0508.dbc,Fora do recorte principal de CNES.
CNES,STRS0509.dbc,2005,RS,st_mes_09,DBC,ignorado,data/ignored/cnes/STRS0509.dbc,Fora do recorte principal de CNES.
CNES,STRS0510.dbc,2005,RS,st_mes_10,DBC,ignorado,data/ignored/cnes/STRS0510.dbc,Fora do recorte principal de CNES.
CNES,STRS0511.dbc,2005,RS,st_mes_11,DBC,ignorado,data/ignored/cnes/STRS0511.dbc,Fora do recorte principal de CNES.
CNES,STRS0512.dbc,2005,RS,st_mes_12,DBC,ignorado,data/ignored/cnes/STRS0512.dbc,Fora do recorte principal de CNES.
CNES,STRS0601.dbc,2006,RS,st_mes_01,DBC,ignorado,data/ignored/cnes/STRS0601.dbc,Fora do recorte principal de CNES.
CNES,STRS0602.dbc,2006,RS,st_mes_02,DBC,ignorado,data/ignored/cnes/STRS0602.dbc,Fora do recorte principal de CNES.
CNES,STRS0603.dbc,2006,RS,st_mes_03,DBC,ignorado,data/ignored/cnes/STRS0603.dbc,Fora do recorte principal de CNES.
CNES,STRS0604.dbc,2006,RS,st_mes_04,DBC,ignorado,data/ignored/cnes/STRS0604.dbc,Fora do recorte principal de CNES.
CNES,STRS0605.dbc,2006,RS,st_mes_05,DBC,ignorado,data/ignored/cnes/STRS0605.dbc,Fora do recorte principal de CNES.
CNES,STRS0606.dbc,2006,RS,st_mes_06,DBC,ignorado,data/ignored/cnes/STRS0606.dbc,Fora do recorte principal de CNES.
CNES,STRS0607.dbc,2006,RS,st_mes_07,DBC,ignorado,data/ignored/cnes/STRS0607.dbc,Fora do recorte principal de CNES.
CNES,STRS0608.dbc,2006,RS,st_mes_08,DBC,ignorado,data/ignored/cnes/STRS0608.dbc,Fora do recorte principal de CNES.
CNES,STRS0609.dbc,2006,RS,st_mes_09,DBC,ignorado,data/ignored/cnes/STRS0609.dbc,Fora do recorte principal de CNES.
CNES,STRS0610.dbc,2006,RS,st_mes_10,DBC,ignorado,data/ignored/cnes/STRS0610.dbc,Fora do recorte principal de CNES.
CNES,STRS0611.dbc,2006,RS,st_mes_11,DBC,ignorado,data/ignored/cnes/STRS0611.dbc,Fora do recorte principal de CNES.
CNES,STRS0612.dbc,2006,RS,st_mes_12,DBC,ignorado,data/ignored/cnes/STRS0612.dbc,Fora do recorte principal de CNES.
CNES,STRS0701.dbc,2007,RS,st_mes_01,DBC,ignorado,data/ignored/cnes/STRS0701.dbc,Fora do recorte principal de CNES.
CNES,STRS0702.dbc,2007,RS,st_mes_02,DBC,ignorado,data/ignored/cnes/STRS0702.dbc,Fora do recorte principal de CNES.
CNES,STRS0703.dbc,2007,RS,st_mes_03,DBC,ignorado,data/ignored/cnes/STRS0703.dbc,Fora do recorte principal de CNES.
CNES,STRS0704.dbc,2007,RS,st_mes_04,DBC,ignorado,data/ignored/cnes/STRS0704.dbc,Fora do recorte principal de CNES.
CNES,STRS0705.dbc,2007,RS,st_mes_05,DBC,ignorado,data/ignored/cnes/STRS0705.dbc,Fora do recorte principal de CNES.
CNES,STRS0706.dbc,2007,RS,st_mes_06,DBC,ignorado,data/ignored/cnes/STRS0706.dbc,Fora do recorte principal de CNES.
CNES,STRS0707.dbc,2007,RS,st_mes_07,DBC,ignorado,data/ignored/cnes/STRS0707.dbc,Fora do recorte principal de CNES.
CNES,STRS0708.dbc,2007,RS,st_mes_08,DBC,ignorado,data/ignored/cnes/STRS0708.dbc,Fora do recorte principal de CNES.
CNES,STRS0709.dbc,2007,RS,st_mes_09,DBC,ignorado,data/ignored/cnes/STRS0709.dbc,Fora do recorte principal de CNES.
CNES,STRS0710.dbc,2007,RS,st_mes_10,DBC,ignorado,data/ignored/cnes/STRS0710.dbc,Fora do recorte principal de CNES.
CNES,STRS0711.dbc,2007,RS,st_mes_11,DBC,ignorado,data/ignored/cnes/STRS0711.dbc,Fora do recorte principal de CNES.
CNES,STRS0712.dbc,2007,RS,st_mes_12,DBC,ignorado,data/ignored/cnes/STRS0712.dbc,Fora do recorte principal de CNES.
CNES,STRS0801.dbc,2008,RS,st_mes_01,DBC,ignorado,data/ignored/cnes/STRS0801.dbc,Fora do recorte principal de CNES.
CNES,STRS0802.dbc,2008,RS,st_mes_02,DBC,ignorado,data/ignored/cnes/STRS0802.dbc,Fora do recorte principal de CNES.
CNES,STRS0803.dbc,2008,RS,st_mes_03,DBC,ignorado,data/ignored/cnes/STRS0803.dbc,Fora do recorte principal de CNES.
CNES,STRS0804.dbc,2008,RS,st_mes_04,DBC,ignorado,data/ignored/cnes/STRS0804.dbc,Fora do recorte principal de CNES.
CNES,STRS0805.dbc,2008,RS,st_mes_05,DBC,ignorado,data/ignored/cnes/STRS0805.dbc,Fora do recorte principal de CNES.
CNES,STRS0806.dbc,2008,RS,st_mes_06,DBC,ignorado,data/ignored/cnes/STRS0806.dbc,Fora do recorte principal de CNES.
CNES,STRS0807.dbc,2008,RS,st_mes_07,DBC,ignorado,data/ignored/cnes/STRS0807.dbc,Fora do recorte principal de CNES.
CNES,STRS0808.dbc,2008,RS,st_mes_08,DBC,ignorado,data/ignored/cnes/STRS0808.dbc,Fora do recorte principal de CNES.
CNES,STRS0809.dbc,2008,RS,st_mes_09,DBC,ignorado,data/ignored/cnes/STRS0809.dbc,Fora do recorte principal de CNES.
CNES,STRS0810.dbc,2008,RS,st_mes_10,DBC,ignorado,data/ignored/cnes/STRS0810.dbc,Fora do recorte principal de CNES.
CNES,STRS0811.dbc,2008,RS,st_mes_11,DBC,ignorado,data/ignored/cnes/STRS0811.dbc,Fora do recorte principal de CNES.
CNES,STRS0812.dbc,2008,RS,st_mes_12,DBC,ignorado,data/ignored/cnes/STRS0812.dbc,Fora do recorte principal de CNES.
CNES,STRS0901.dbc,2009,RS,st_mes_01,DBC,ignorado,data/ignored/cnes/STRS0901.dbc,Fora do recorte principal de CNES.
CNES,STRS0902.dbc,2009,RS,st_mes_02,DBC,ignorado,data/ignored/cnes/STRS0902.dbc,Fora do recorte principal de CNES.
CNES,STRS0903.dbc,2009,RS,st_mes_03,DBC,ignorado,data/ignored/cnes/STRS0903.dbc,Fora do recorte principal de CNES.
CNES,STRS0904.dbc,2009,RS,st_mes_04,DBC,ignorado,data/ignored/cnes/STRS0904.dbc,Fora do recorte principal de CNES.
CNES,STRS0905.dbc,2009,RS,st_mes_05,DBC,ignorado,data/ignored/cnes/STRS0905.dbc,Fora do recorte principal de CNES.
CNES,STRS0906.dbc,2009,RS,st_mes_06,DBC,ignorado,data/ignored/cnes/STRS0906.dbc,Fora do recorte principal de CNES.
CNES,STRS0907.dbc,2009,RS,st_mes_07,DBC,ignorado,data/ignored/cnes/STRS0907.dbc,Fora do recorte principal de CNES.
CNES,STRS0908.dbc,2009,RS,st_mes_08,DBC,ignorado,data/ignored/cnes/STRS0908.dbc,Fora do recorte principal de CNES.
CNES,STRS0909.dbc,2009,RS,st_mes_09,DBC,ignorado,data/ignored/cnes/STRS0909.dbc,Fora do recorte principal de CNES.
CNES,STRS0910.dbc,2009,RS,st_mes_10,DBC,ignorado,data/ignored/cnes/STRS0910.dbc,Fora do recorte principal de CNES.
CNES,STRS0911.dbc,2009,RS,st_mes_11,DBC,ignorado,data/ignored/cnes/STRS0911.dbc,Fora do recorte principal de CNES.
CNES,STRS0912.dbc,2009,RS,st_mes_12,DBC,ignorado,data/ignored/cnes/STRS0912.dbc,Fora do recorte principal de CNES.
CNES,STRS1001.dbc,2010,RS,st_mes_01,DBC,ignorado,data/ignored/cnes/STRS1001.dbc,Fora do recorte principal de CNES.
CNES,STRS1002.dbc,2010,RS,st_mes_02,DBC,ignorado,data/ignored/cnes/STRS1002.dbc,Fora do recorte principal de CNES.
CNES,STRS1003.dbc,2010,RS,st_mes_03,DBC,ignorado,data/ignored/cnes/STRS1003.dbc,Fora do recorte principal de CNES.
CNES,STRS1004.dbc,2010,RS,st_mes_04,DBC,ignorado,data/ignored/cnes/STRS1004.dbc,Fora do recorte principal de CNES.
CNES,STRS1005.dbc,2010,RS,st_mes_05,DBC,ignorado,data/ignored/cnes/STRS1005.dbc,Fora do recorte principal de CNES.
CNES,STRS1006.dbc,2010,RS,st_mes_06,DBC,ignorado,data/ignored/cnes/STRS1006.dbc,Fora do recorte principal de CNES.
CNES,STRS1007.dbc,2010,RS,st_mes_07,DBC,ignorado,data/ignored/cnes/STRS1007.dbc,Fora do recorte principal de CNES.
CNES,STRS1008.dbc,2010,RS,st_mes_08,DBC,ignorado,data/ignored/cnes/STRS1008.dbc,Fora do recorte principal de CNES.
CNES,STRS1009.dbc,2010,RS,st_mes_09,DBC,ignorado,data/ignored/cnes/STRS1009.dbc,Fora do recorte principal de CNES.
CNES,STRS1010.dbc,2010,RS,st_mes_10,DBC,ignorado,data/ignored/cnes/STRS1010.dbc,Fora do recorte principal de CNES.
CNES,STRS1011.dbc,2010,RS,st_mes_11,DBC,ignorado,data/ignored/cnes/STRS1011.dbc,Fora do recorte principal de CNES.
CNES,STRS1012.dbc,2010,RS,st_mes_12,DBC,ignorado,data/ignored/cnes/STRS1012.dbc,Fora do recorte principal de CNES.
CNES,STRS1101.dbc,2011,RS,st_mes_01,DBC,ignorado,data/ignored/cnes/STRS1101.dbc,Fora do recorte principal de CNES.
CNES,STRS1102.dbc,2011,RS,st_mes_02,DBC,ignorado,data/ignored/cnes/STRS1102.dbc,Fora do recorte principal de CNES.
CNES,STRS1103.dbc,2011,RS,st_mes_03,DBC,ignorado,data/ignored/cnes/STRS1103.dbc,Fora do recorte principal de CNES.
CNES,STRS1104.dbc,2011,RS,st_mes_04,DBC,ignorado,data/ignored/cnes/STRS1104.dbc,Fora do recorte principal de CNES.
CNES,STRS1105.dbc,2011,RS,st_mes_05,DBC,ignorado,data/ignored/cnes/STRS1105.dbc,Fora do recorte principal de CNES.
CNES,STRS1106.dbc,2011,RS,st_mes_06,DBC,ignorado,data/ignored/cnes/STRS1106.dbc,Fora do recorte principal de CNES.
CNES,STRS1107.dbc,2011,RS,st_mes_07,DBC,ignorado,data/ignored/cnes/STRS1107.dbc,Fora do recorte principal de CNES.
CNES,STRS1108.dbc,2011,RS,st_mes_08,DBC,ignorado,data/ignored/cnes/STRS1108.dbc,Fora do recorte principal de CNES.
CNES,STRS1109.dbc,2011,RS,st_mes_09,DBC,ignorado,data/ignored/cnes/STRS1109.dbc,Fora do recorte principal de CNES.
CNES,STRS1110.dbc,2011,RS,st_mes_10,DBC,ignorado,data/ignored/cnes/STRS1110.dbc,Fora do recorte principal de CNES.
CNES,STRS1111.dbc,2011,RS,st_mes_11,DBC,ignorado,data/ignored/cnes/STRS1111.dbc,Fora do recorte principal de CNES.
CNES,STRS1112.dbc,2011,RS,st_mes_12,DBC,ignorado,data/ignored/cnes/STRS1112.dbc,Fora do recorte principal de CNES.
CNES,STRS1201.dbc,2012,RS,st_mes_01,DBC,ignorado,data/ignored/cnes/STRS1201.dbc,Fora do recorte principal de CNES.
CNES,STRS1202.dbc,2012,RS,st_mes_02,DBC,ignorado,data/ignored/cnes/STRS1202.dbc,Fora do recorte principal de CNES.
CNES,STRS1203.dbc,2012,RS,st_mes_03,DBC,ignorado,data/ignored/cnes/STRS1203.dbc,Fora do recorte principal de CNES.
CNES,STRS1204.dbc,2012,RS,st_mes_04,DBC,ignorado,data/ignored/cnes/STRS1204.dbc,Fora do recorte principal de CNES.
CNES,STRS1205.dbc,2012,RS,st_mes_05,DBC,ignorado,data/ignored/cnes/STRS1205.dbc,Fora do recorte principal de CNES.
CNES,STRS1206.dbc,2012,RS,st_mes_06,DBC,ignorado,data/ignored/cnes/STRS1206.dbc,Fora do recorte principal de CNES.
CNES,STRS1207.dbc,2012,RS,st_mes_07,DBC,ignorado,data/ignored/cnes/STRS1207.dbc,Fora do recorte principal de CNES.
CNES,STRS1208.dbc,2012,RS,st_mes_08,DBC,ignorado,data/ignored/cnes/STRS1208.dbc,Fora do recorte principal de CNES.
CNES,STRS1209.dbc,2012,RS,st_mes_09,DBC,ignorado,data/ignored/cnes/STRS1209.dbc,Fora do recorte principal de CNES.
CNES,STRS1210.dbc,2012,RS,st_mes_10,DBC,ignorado,data/ignored/cnes/STRS1210.dbc,Fora do recorte principal de CNES.
CNES,STRS1211.dbc,2012,RS,st_mes_11,DBC,ignorado,data/ignored/cnes/STRS1211.dbc,Fora do recorte principal de CNES.
CNES,STRS1212.dbc,2012,RS,st_mes_12,DBC,ignorado,data/ignored/cnes/STRS1212.dbc,Fora do recorte principal de CNES.
CNES,STRS1301.dbc,2013,RS,st_mes_01,DBC,ignorado,data/ignored/cnes/STRS1301.dbc,Fora do recorte principal de CNES.
CNES,STRS1302.dbc,2013,RS,st_mes_02,DBC,ignorado,data/ignored/cnes/STRS1302.dbc,Fora do recorte principal de CNES.
CNES,STRS1303.dbc,2013,RS,st_mes_03,DBC,ignorado,data/ignored/cnes/STRS1303.dbc,Fora do recorte principal de CNES.
CNES,STRS1304.dbc,2013,RS,st_mes_04,DBC,ignorado,data/ignored/cnes/STRS1304.dbc,Fora do recorte principal de CNES.
CNES,STRS1305.dbc,2013,RS,st_mes_05,DBC,ignorado,data/ignored/cnes/STRS1305.dbc,Fora do recorte principal de CNES.
CNES,STRS1306.dbc,2013,RS,st_mes_06,DBC,ignorado,data/ignored/cnes/STRS1306.dbc,Fora do recorte principal de CNES.
CNES,STRS1307.dbc,2013,RS,st_mes_07,DBC,ignorado,data/ignored/cnes/STRS1307.dbc,Fora do recorte principal de CNES.
CNES,STRS1308.dbc,2013,RS,st_mes_08,DBC,ignorado,data/ignored/cnes/STRS1308.dbc,Fora do recorte principal de CNES.
CNES,STRS1309.dbc,2013,RS,st_mes_09,DBC,ignorado,data/ignored/cnes/STRS1309.dbc,Fora do recorte principal de CNES.
CNES,STRS1310.dbc,2013,RS,st_mes_10,DBC,ignorado,data/ignored/cnes/STRS1310.dbc,Fora do recorte principal de CNES.
CNES,STRS1311.dbc,2013,RS,st_mes_11,DBC,ignorado,data/ignored/cnes/STRS1311.dbc,Fora do recorte principal de CNES.
CNES,STRS1312.dbc,2013,RS,st_mes_12,DBC,ignorado,data/ignored/cnes/STRS1312.dbc,Fora do recorte principal de CNES.
CNES,STRS1401.dbc,2014,RS,st_mes_01,DBC,ignorado,data/ignored/cnes/STRS1401.dbc,Fora do recorte principal de CNES.
CNES,STRS1402.dbc,2014,RS,st_mes_02,DBC,ignorado,data/ignored/cnes/STRS1402.dbc,Fora do recorte principal de CNES.
CNES,STRS1403.dbc,2014,RS,st_mes_03,DBC,ignorado,data/ignored/cnes/STRS1403.dbc,Fora do recorte principal de CNES.
CNES,STRS1404.dbc,2014,RS,st_mes_04,DBC,ignorado,data/ignored/cnes/STRS1404.dbc,Fora do recorte principal de CNES.
CNES,STRS1405.dbc,2014,RS,st_mes_05,DBC,ignorado,data/ignored/cnes/STRS1405.dbc,Fora do recorte principal de CNES.
CNES,STRS1406.dbc,2014,RS,st_mes_06,DBC,ignorado,data/ignored/cnes/STRS1406.dbc,Fora do recorte principal de CNES.
CNES,STRS1407.dbc,2014,RS,st_mes_07,DBC,ignorado,data/ignored/cnes/STRS1407.dbc,Fora do recorte principal de CNES.
CNES,STRS1408.dbc,2014,RS,st_mes_08,DBC,ignorado,data/ignored/cnes/STRS1408.dbc,Fora do recorte principal de CNES.
CNES,STRS1409.dbc,2014,RS,st_mes_09,DBC,ignorado,data/ignored/cnes/STRS1409.dbc,Fora do recorte principal de CNES.
CNES,STRS1410.dbc,2014,RS,st_mes_10,DBC,ignorado,data/ignored/cnes/STRS1410.dbc,Fora do recorte principal de CNES.
CNES,STRS1411.dbc,2014,RS,st_mes_11,DBC,ignorado,data/ignored/cnes/STRS1411.dbc,Fora do recorte principal de CNES.
CNES,STRS1412.dbc,2014,RS,st_mes_12,DBC,ignorado,data/ignored/cnes/STRS1412.dbc,Fora do recorte principal de CNES.
CNES,STRS1501.dbc,2015,RS,st_mes_01,DBC,ignorado,data/ignored/cnes/STRS1501.dbc,Fora do recorte principal de CNES.
CNES,STRS1502.dbc,2015,RS,st_mes_02,DBC,ignorado,data/ignored/cnes/STRS1502.dbc,Fora do recorte principal de CNES.
CNES,STRS1503.dbc,2015,RS,st_mes_03,DBC,ignorado,data/ignored/cnes/STRS1503.dbc,Fora do recorte principal de CNES.
CNES,STRS1504.dbc,2015,RS,st_mes_04,DBC,ignorado,data/ignored/cnes/STRS1504.dbc,Fora do recorte principal de CNES.
CNES,STRS1505.dbc,2015,RS,st_mes_05,DBC,ignorado,data/ignored/cnes/STRS1505.dbc,Fora do recorte principal de CNES.
CNES,STRS1506.dbc,2015,RS,st_mes_06,DBC,ignorado,data/ignored/cnes/STRS1506.dbc,Fora do recorte principal de CNES.
CNES,STRS1507.dbc,2015,RS,st_mes_07,DBC,ignorado,data/ignored/cnes/STRS1507.dbc,Fora do recorte principal de CNES.
CNES,STRS1508.dbc,2015,RS,st_mes_08,DBC,ignorado,data/ignored/cnes/STRS1508.dbc,Fora do recorte principal de CNES.
CNES,STRS1509.dbc,2015,RS,st_mes_09,DBC,ignorado,data/ignored/cnes/STRS1509.dbc,Fora do recorte principal de CNES.
CNES,STRS1510.dbc,2015,RS,st_mes_10,DBC,ignorado,data/ignored/cnes/STRS1510.dbc,Fora do recorte principal de CNES.
CNES,STRS1511.dbc,2015,RS,st_mes_11,DBC,ignorado,data/ignored/cnes/STRS1511.dbc,Fora do recorte principal de CNES.
CNES,STRS1601.dbc,2016,RS,st_mes_01,DBC,ignorado,data/ignored/cnes/STRS1601.dbc,Fora do recorte principal de CNES.
CNES,STRS1602.dbc,2016,RS,st_mes_02,DBC,ignorado,data/ignored/cnes/STRS1602.dbc,Fora do recorte principal de CNES.
CNES,STRS1603.dbc,2016,RS,st_mes_03,DBC,ignorado,data/ignored/cnes/STRS1603.dbc,Fora do recorte principal de CNES.
CNES,STRS1604.dbc,2016,RS,st_mes_04,DBC,ignorado,data/ignored/cnes/STRS1604.dbc,Fora do recorte principal de CNES.
CNES,STRS1605.dbc,2016,RS,st_mes_05,DBC,ignorado,data/ignored/cnes/STRS1605.dbc,Fora do recorte principal de CNES.
CNES,STRS1606.dbc,2016,RS,st_mes_06,DBC,ignorado,data/ignored/cnes/STRS1606.dbc,Fora do recorte principal de CNES.
CNES,STRS1607.dbc,2016,RS,st_mes_07,DBC,ignorado,data/ignored/cnes/STRS1607.dbc,Fora do recorte principal de CNES.
CNES,STRS1608.dbc,2016,RS,st_mes_08,DBC,ignorado,data/ignored/cnes/STRS1608.dbc,Fora do recorte principal de CNES.
CNES,STRS1609.dbc,2016,RS,st_mes_09,DBC,ignorado,data/ignored/cnes/STRS1609.dbc,Fora do recorte principal de CNES.
CNES,STRS1610.dbc,2016,RS,st_mes_10,DBC,ignorado,data/ignored/cnes/STRS1610.dbc,Fora do recorte principal de CNES.
CNES,STRS1611.dbc,2016,RS,st_mes_11,DBC,ignorado,data/ignored/cnes/STRS1611.dbc,Fora do recorte principal de CNES.
CNES,STRS1701.dbc,2017,RS,st_mes_01,DBC,ignorado,data/ignored/cnes/STRS1701.dbc,Fora do recorte principal de CNES.
CNES,STRS1702.dbc,2017,RS,st_mes_02,DBC,ignorado,data/ignored/cnes/STRS1702.dbc,Fora do recorte principal de CNES.
CNES,STRS1703.dbc,2017,RS,st_mes_03,DBC,ignorado,data/ignored/cnes/STRS1703.dbc,Fora do recorte principal de CNES.
CNES,STRS1704.dbc,2017,RS,st_mes_04,DBC,ignorado,data/ignored/cnes/STRS1704.dbc,Fora do recorte principal de CNES.
CNES,STRS1705.dbc,2017,RS,st_mes_05,DBC,ignorado,data/ignored/cnes/STRS1705.dbc,Fora do recorte principal de CNES.
CNES,STRS1706.dbc,2017,RS,st_mes_06,DBC,ignorado,data/ignored/cnes/STRS1706.dbc,Fora do recorte principal de CNES.
CNES,STRS1707.dbc,2017,RS,st_mes_07,DBC,ignorado,data/ignored/cnes/STRS1707.dbc,Fora do recorte principal de CNES.
CNES,STRS1708.dbc,2017,RS,st_mes_08,DBC,ignorado,data/ignored/cnes/STRS1708.dbc,Fora do recorte principal de CNES.
CNES,STRS1709.dbc,2017,RS,st_mes_09,DBC,ignorado,data/ignored/cnes/STRS1709.dbc,Fora do recorte principal de CNES.
CNES,STRS1710.dbc,2017,RS,st_mes_10,DBC,ignorado,data/ignored/cnes/STRS1710.dbc,Fora do recorte principal de CNES.
CNES,STRS1711.dbc,2017,RS,st_mes_11,DBC,ignorado,data/ignored/cnes/STRS1711.dbc,Fora do recorte principal de CNES.
CNES,STRS1801.dbc,2018,RS,st_mes_01,DBC,ignorado,data/ignored/cnes/STRS1801.dbc,Fora do recorte principal de CNES.
CNES,STRS1802.dbc,2018,RS,st_mes_02,DBC,ignorado,data/ignored/cnes/STRS1802.dbc,Fora do recorte principal de CNES.
CNES,STRS1803.dbc,2018,RS,st_mes_03,DBC,ignorado,data/ignored/cnes/STRS1803.dbc,Fora do recorte principal de CNES.
CNES,STRS1804.dbc,2018,RS,st_mes_04,DBC,ignorado,data/ignored/cnes/STRS1804.dbc,Fora do recorte principal de CNES.
CNES,STRS1805.dbc,2018,RS,st_mes_05,DBC,ignorado,data/ignored/cnes/STRS1805.dbc,Fora do recorte principal de CNES.
CNES,STRS1806.dbc,2018,RS,st_mes_06,DBC,ignorado,data/ignored/cnes/STRS1806.dbc,Fora do recorte principal de CNES.
CNES,STRS1807.dbc,2018,RS,st_mes_07,DBC,ignorado,data/ignored/cnes/STRS1807.dbc,Fora do recorte principal de CNES.
CNES,STRS1808.dbc,2018,RS,st_mes_08,DBC,ignorado,data/ignored/cnes/STRS1808.dbc,Fora do recorte principal de CNES.
CNES,STRS1809.dbc,2018,RS,st_mes_09,DBC,ignorado,data/ignored/cnes/STRS1809.dbc,Fora do recorte principal de CNES.
CNES,STRS1810.dbc,2018,RS,st_mes_10,DBC,ignorado,data/ignored/cnes/STRS1810.dbc,Fora do recorte principal de CNES.
CNES,STRS1811.dbc,2018,RS,st_mes_11,DBC,ignorado,data/ignored/cnes/STRS1811.dbc,Fora do recorte principal de CNES.
CNES,STRS1901.dbc,2019,RS,st_mes_01,DBC,ignorado,data/ignored/cnes/STRS1901.dbc,Fora do recorte principal de CNES.
CNES,STRS1902.dbc,2019,RS,st_mes_02,DBC,ignorado,data/ignored/cnes/STRS1902.dbc,Fora do recorte principal de CNES.
CNES,STRS1903.dbc,2019,RS,st_mes_03,DBC,ignorado,data/ignored/cnes/STRS1903.dbc,Fora do recorte principal de CNES.
CNES,STRS1904.dbc,2019,RS,st_mes_04,DBC,ignorado,data/ignored/cnes/STRS1904.dbc,Fora do recorte principal de CNES.
CNES,STRS1905.dbc,2019,RS,st_mes_05,DBC,ignorado,data/ignored/cnes/STRS1905.dbc,Fora do recorte principal de CNES.
CNES,STRS1906.dbc,2019,RS,st_mes_06,DBC,ignorado,data/ignored/cnes/STRS1906.dbc,Fora do recorte principal de CNES.
CNES,STRS1907.dbc,2019,RS,st_mes_07,DBC,ignorado,data/ignored/cnes/STRS1907.dbc,Fora do recorte principal de CNES.
CNES,STRS1908.dbc,2019,RS,st_mes_08,DBC,ignorado,data/ignored/cnes/STRS1908.dbc,Fora do recorte principal de CNES.
CNES,STRS1909.dbc,2019,RS,st_mes_09,DBC,ignorado,data/ignored/cnes/STRS1909.dbc,Fora do recorte principal de CNES.
CNES,STRS1910.dbc,2019,RS,st_mes_10,DBC,ignorado,data/ignored/cnes/STRS1910.dbc,Fora do recorte principal de CNES.
CNES,STRS1911.dbc,2019,RS,st_mes_11,DBC,ignorado,data/ignored/cnes/STRS1911.dbc,Fora do recorte principal de CNES.
CNES,STRS2001.dbc,2020,RS,st_mes_01,DBC,ignorado,data/ignored/cnes/STRS2001.dbc,Fora do recorte principal de CNES.
CNES,STRS2002.dbc,2020,RS,st_mes_02,DBC,ignorado,data/ignored/cnes/STRS2002.dbc,Fora do recorte principal de CNES.
CNES,STRS2003.dbc,2020,RS,st_mes_03,DBC,ignorado,data/ignored/cnes/STRS2003.dbc,Fora do recorte principal de CNES.
CNES,STRS2004.dbc,2020,RS,st_mes_04,DBC,ignorado,data/ignored/cnes/STRS2004.dbc,Fora do recorte principal de CNES.
CNES,STRS2005.dbc,2020,RS,st_mes_05,DBC,ignorado,data/ignored/cnes/STRS2005.dbc,Fora do recorte principal de CNES.
CNES,STRS2006.dbc,2020,RS,st_mes_06,DBC,ignorado,data/ignored/cnes/STRS2006.dbc,Fora do recorte principal de CNES.
CNES,STRS2007.dbc,2020,RS,st_mes_07,DBC,ignorado,data/ignored/cnes/STRS2007.dbc,Fora do recorte principal de CNES.
CNES,STRS2008.dbc,2020,RS,st_mes_08,DBC,ignorado,data/ignored/cnes/STRS2008.dbc,Fora do recorte principal de CNES.
CNES,STRS2009.dbc,2020,RS,st_mes_09,DBC,ignorado,data/ignored/cnes/STRS2009.dbc,Fora do recorte principal de CNES.
CNES,STRS2010.dbc,2020,RS,st_mes_10,DBC,ignorado,data/ignored/cnes/STRS2010.dbc,Fora do recorte principal de CNES.
CNES,STRS2011.dbc,2020,RS,st_mes_11,DBC,ignorado,data/ignored/cnes/STRS2011.dbc,Fora do recorte principal de CNES.
CNES,STRS2101.dbc,2021,RS,st_mes_01,DBC,ignorado,data/ignored/cnes/STRS2101.dbc,Fora do recorte principal de CNES.
CNES,STRS2102.dbc,2021,RS,st_mes_02,DBC,ignorado,data/ignored/cnes/STRS2102.dbc,Fora do recorte principal de CNES.
CNES,STRS2103.dbc,2021,RS,st_mes_03,DBC,ignorado,data/ignored/cnes/STRS2103.dbc,Fora do recorte principal de CNES.
CNES,STRS2104.dbc,2021,RS,st_mes_04,DBC,ignorado,data/ignored/cnes/STRS2104.dbc,Fora do recorte principal de CNES.
CNES,STRS2105.dbc,2021,RS,st_mes_05,DBC,ignorado,data/ignored/cnes/STRS2105.dbc,Fora do recorte principal de CNES.
CNES,STRS2106.dbc,2021,RS,st_mes_06,DBC,ignorado,data/ignored/cnes/STRS2106.dbc,Fora do recorte principal de CNES.
CNES,STRS2107.dbc,2021,RS,st_mes_07,DBC,ignorado,data/ignored/cnes/STRS2107.dbc,Fora do recorte principal de CNES.
CNES,STRS2108.dbc,2021,RS,st_mes_08,DBC,ignorado,data/ignored/cnes/STRS2108.dbc,Fora do recorte principal de CNES.
CNES,STRS2109.dbc,2021,RS,st_mes_09,DBC,ignorado,data/ignored/cnes/STRS2109.dbc,Fora do recorte principal de CNES.
CNES,STRS2110.dbc,2021,RS,st_mes_10,DBC,ignorado,data/ignored/cnes/STRS2110.dbc,Fora do recorte principal de CNES.
CNES,STRS2111.dbc,2021,RS,st_mes_11,DBC,ignorado,data/ignored/cnes/STRS2111.dbc,Fora do recorte principal de CNES.
CNES,STRS2201.dbc,2022,RS,st_mes_01,DBC,ignorado,data/ignored/cnes/STRS2201.dbc,Fora do recorte principal de CNES.
CNES,STRS2202.dbc,2022,RS,st_mes_02,DBC,ignorado,data/ignored/cnes/STRS2202.dbc,Fora do recorte principal de CNES.
CNES,STRS2203.dbc,2022,RS,st_mes_03,DBC,ignorado,data/ignored/cnes/STRS2203.dbc,Fora do recorte principal de CNES.
CNES,STRS2204.dbc,2022,RS,st_mes_04,DBC,ignorado,data/ignored/cnes/STRS2204.dbc,Fora do recorte principal de CNES.
CNES,STRS2205.dbc,2022,RS,st_mes_05,DBC,ignorado,data/ignored/cnes/STRS2205.dbc,Fora do recorte principal de CNES.
CNES,STRS2206.dbc,2022,RS,st_mes_06,DBC,ignorado,data/ignored/cnes/STRS2206.dbc,Fora do recorte principal de CNES.
CNES,STRS2207.dbc,2022,RS,st_mes_07,DBC,ignorado,data/ignored/cnes/STRS2207.dbc,Fora do recorte principal de CNES.
CNES,STRS2208.dbc,2022,RS,st_mes_08,DBC,ignorado,data/ignored/cnes/STRS2208.dbc,Fora do recorte principal de CNES.
CNES,STRS2209.dbc,2022,RS,st_mes_09,DBC,ignorado,data/ignored/cnes/STRS2209.dbc,Fora do recorte principal de CNES.
CNES,STRS2210.dbc,2022,RS,st_mes_10,DBC,ignorado,data/ignored/cnes/STRS2210.dbc,Fora do recorte principal de CNES.
CNES,STRS2211.dbc,2022,RS,st_mes_11,DBC,ignorado,data/ignored/cnes/STRS2211.dbc,Fora do recorte principal de CNES.
CNES,STRS2301.dbc,2023,RS,st_mes_01,DBC,ignorado,data/ignored/cnes/STRS2301.dbc,Fora do recorte principal de CNES.
CNES,STRS2302.dbc,2023,RS,st_mes_02,DBC,ignorado,data/ignored/cnes/STRS2302.dbc,Fora do recorte principal de CNES.
CNES,STRS2303.dbc,2023,RS,st_mes_03,DBC,ignorado,data/ignored/cnes/STRS2303.dbc,Fora do recorte principal de CNES.
CNES,STRS2304.dbc,2023,RS,st_mes_04,DBC,ignorado,data/ignored/cnes/STRS2304.dbc,Fora do recorte principal de CNES.
CNES,STRS2305.dbc,2023,RS,st_mes_05,DBC,ignorado,data/ignored/cnes/STRS2305.dbc,Fora do recorte principal de CNES.
CNES,STRS2306.dbc,2023,RS,st_mes_06,DBC,ignorado,data/ignored/cnes/STRS2306.dbc,Fora do recorte principal de CNES.
CNES,STRS2307.dbc,2023,RS,st_mes_07,DBC,ignorado,data/ignored/cnes/STRS2307.dbc,Fora do recorte principal de CNES.
CNES,STRS2308.dbc,2023,RS,st_mes_08,DBC,ignorado,data/ignored/cnes/STRS2308.dbc,Fora do recorte principal de CNES.
CNES,STRS2309.dbc,2023,RS,st_mes_09,DBC,ignorado,data/ignored/cnes/STRS2309.dbc,Fora do recorte principal de CNES.
CNES,STRS2310.dbc,2023,RS,st_mes_10,DBC,ignorado,data/ignored/cnes/STRS2310.dbc,Fora do recorte principal de CNES.
CNES,STRS2311.dbc,2023,RS,st_mes_11,DBC,ignorado,data/ignored/cnes/STRS2311.dbc,Fora do recorte principal de CNES.
CNES,STRS2401.dbc,2024,RS,st_mes_01,DBC,ignorado,data/ignored/cnes/STRS2401.dbc,Fora do recorte principal de CNES.
CNES,STRS2402.dbc,2024,RS,st_mes_02,DBC,ignorado,data/ignored/cnes/STRS2402.dbc,Fora do recorte principal de CNES.
CNES,STRS2403.dbc,2024,RS,st_mes_03,DBC,ignorado,data/ignored/cnes/STRS2403.dbc,Fora do recorte principal de CNES.
CNES,STRS2404.dbc,2024,RS,st_mes_04,DBC,ignorado,data/ignored/cnes/STRS2404.dbc,Fora do recorte principal de CNES.
CNES,STRS2405.dbc,2024,RS,st_mes_05,DBC,ignorado,data/ignored/cnes/STRS2405.dbc,Fora do recorte principal de CNES.
CNES,STRS2406.dbc,2024,RS,st_mes_06,DBC,ignorado,data/ignored/cnes/STRS2406.dbc,Fora do recorte principal de CNES.
CNES,STRS2407.dbc,2024,RS,st_mes_07,DBC,ignorado,data/ignored/cnes/STRS2407.dbc,Fora do recorte principal de CNES.
CNES,STRS2408.dbc,2024,RS,st_mes_08,DBC,ignorado,data/ignored/cnes/STRS2408.dbc,Fora do recorte principal de CNES.
CNES,STRS2409.dbc,2024,RS,st_mes_09,DBC,ignorado,data/ignored/cnes/STRS2409.dbc,Fora do recorte principal de CNES.
CNES,STRS2410.dbc,2024,RS,st_mes_10,DBC,ignorado,data/ignored/cnes/STRS2410.dbc,Fora do recorte principal de CNES.
CNES,STRS2411.dbc,2024,RS,st_mes_11,DBC,ignorado,data/ignored/cnes/STRS2411.dbc,Fora do recorte principal de CNES.
CNES,STRS2501.dbc,2025,RS,st_mes_01,DBC,ignorado,data/ignored/cnes/STRS2501.dbc,Fora do recorte principal de CNES.
CNES,STRS2502.dbc,2025,RS,st_mes_02,DBC,ignorado,data/ignored/cnes/STRS2502.dbc,Fora do recorte principal de CNES.
CNES,STRS2503.dbc,2025,RS,st_mes_03,DBC,ignorado,data/ignored/cnes/STRS2503.dbc,Fora do recorte principal de CNES.
CNES,STRS2504.dbc,2025,RS,st_mes_04,DBC,ignorado,data/ignored/cnes/STRS2504.dbc,Fora do recorte principal de CNES.
CNES,STRS2505.dbc,2025,RS,st_mes_05,DBC,ignorado,data/ignored/cnes/STRS2505.dbc,Fora do recorte principal de CNES.
CNES,STRS2506.dbc,2025,RS,st_mes_06,DBC,ignorado,data/ignored/cnes/STRS2506.dbc,Fora do recorte principal de CNES.
CNES,STRS2507.dbc,2025,RS,st_mes_07,DBC,ignorado,data/ignored/cnes/STRS2507.dbc,Fora do recorte principal de CNES.
CNES,STRS2508.dbc,2025,RS,st_mes_08,DBC,ignorado,data/ignored/cnes/STRS2508.dbc,Fora do recorte principal de CNES.
CNES,STRS2509.dbc,2025,RS,st_mes_09,DBC,ignorado,data/ignored/cnes/STRS2509.dbc,Fora do recorte principal de CNES.
CNES,STRS2510.dbc,2025,RS,st_mes_10,DBC,ignorado,data/ignored/cnes/STRS2510.dbc,Fora do recorte principal de CNES.
CNES,STRS2511.dbc,2025,RS,st_mes_11,DBC,ignorado,data/ignored/cnes/STRS2511.dbc,Fora do recorte principal de CNES.
CNES,STRS2512.dbc,2025,RS,st_mes_12,DBC,ignorado,data/ignored/cnes/STRS2512.dbc,Fora do recorte principal de CNES.
CNES,STRS2601.dbc,2026,RS,st_mes_01,DBC,ignorado,data/ignored/cnes/STRS2601.dbc,Fora do recorte principal de CNES.
CNES,STRS2602.dbc,2026,RS,st_mes_02,DBC,ignorado,data/ignored/cnes/STRS2602.dbc,Fora do recorte principal de CNES.
CNES,STRS2603.dbc,2026,RS,st_mes_03,DBC,ignorado,data/ignored/cnes/STRS2603.dbc,Fora do recorte principal de CNES.
CNES,STRS2604.dbc,2026,RS,st_mes_04,DBC,ignorado,data/ignored/cnes/STRS2604.dbc,Fora do recorte principal de CNES.
CNES,STRS2605.dbc,2026,RS,st_mes_05,DBC,ignorado,data/ignored/cnes/STRS2605.dbc,Fora do recorte principal de CNES.
SINASC,DNEX2015.dbc,2015,EX,nascidos_vivos_exterior,DBC,fora_de_escopo,data/ignored/DNEX2015.dbc,Arquivo DNEX nao compoe o recorte Rio Grande do Sul.
SINASC,DNEX2016.dbc,2016,EX,nascidos_vivos_exterior,DBC,fora_de_escopo,data/ignored/DNEX2016.dbc,Arquivo DNEX nao compoe o recorte Rio Grande do Sul.
SINASC,DNEX2017.dbc,2017,EX,nascidos_vivos_exterior,DBC,fora_de_escopo,data/ignored/DNEX2017.dbc,Arquivo DNEX nao compoe o recorte Rio Grande do Sul.
SINASC,DNEX2018.dbc,2018,EX,nascidos_vivos_exterior,DBC,fora_de_escopo,data/ignored/DNEX2018.dbc,Arquivo DNEX nao compoe o recorte Rio Grande do Sul.
SINASC,DNEX2019.dbc,2019,EX,nascidos_vivos_exterior,DBC,fora_de_escopo,data/ignored/DNEX2019.dbc,Arquivo DNEX nao compoe o recorte Rio Grande do Sul.
SINASC,DNEX2020.dbc,2020,EX,nascidos_vivos_exterior,DBC,fora_de_escopo,data/ignored/DNEX2020.dbc,Arquivo DNEX nao compoe o recorte Rio Grande do Sul.
SINASC,DNEX2021.dbc,2021,EX,nascidos_vivos_exterior,DBC,fora_de_escopo,data/ignored/DNEX2021.dbc,Arquivo DNEX nao compoe o recorte Rio Grande do Sul.
SINASC,DNEX2022.dbc,2022,EX,nascidos_vivos_exterior,DBC,fora_de_escopo,data/ignored/DNEX2022.dbc,Arquivo DNEX nao compoe o recorte Rio Grande do Sul.
SINASC,DNEX2023.dbc,2023,EX,nascidos_vivos_exterior,DBC,fora_de_escopo,data/ignored/DNEX2023.dbc,Arquivo DNEX nao compoe o recorte Rio Grande do Sul.
SINASC,DNEX2024.dbc,2024,EX,nascidos_vivos_exterior,DBC,fora_de_escopo,data/ignored/DNEX2024.dbc,Arquivo DNEX nao compoe o recorte Rio Grande do Sul.
Populacao DATASUS,POPTAC22.dbf,2022,AC,populacao_residente_uf,DBF,ignorado,data/ignored/populacao_datasus/POPTAC22.dbf,UF fora do recorte principal.
Populacao DATASUS,POPTAC23.dbf,2023,AC,populacao_residente_uf,DBF,ignorado,data/ignored/populacao_datasus/POPTAC23.dbf,UF fora do recorte principal.
Populacao DATASUS,POPTAL22.dbf,2022,AL,populacao_residente_uf,DBF,ignorado,data/ignored/populacao_datasus/POPTAL22.dbf,UF fora do recorte principal.
Populacao DATASUS,POPTAL23.dbf,2023,AL,populacao_residente_uf,DBF,ignorado,data/ignored/populacao_datasus/POPTAL23.dbf,UF fora do recorte principal.
Populacao DATASUS,POPTAM22.dbf,2022,AM,populacao_residente_uf,DBF,ignorado,data/ignored/populacao_datasus/POPTAM22.dbf,UF fora do recorte principal.
Populacao DATASUS,POPTAM23.dbf,2023,AM,populacao_residente_uf,DBF,ignorado,data/ignored/populacao_datasus/POPTAM23.dbf,UF fora do recorte principal.
Populacao DATASUS,POPTAP22.dbf,2022,AP,populacao_residente_uf,DBF,ignorado,data/ignored/populacao_datasus/POPTAP22.dbf,UF fora do recorte principal.
Populacao DATASUS,POPTAP23.dbf,2023,AP,populacao_residente_uf,DBF,ignorado,data/ignored/populacao_datasus/POPTAP23.dbf,UF fora do recorte principal.
Populacao DATASUS,POPTBA22.dbf,2022,BA,populacao_residente_uf,DBF,ignorado,data/ignored/populacao_datasus/POPTBA22.dbf,UF fora do recorte principal.
Populacao DATASUS,POPTBA23.dbf,2023,BA,populacao_residente_uf,DBF,ignorado,data/ignored/populacao_datasus/POPTBA23.dbf,UF fora do recorte principal.
Populacao DATASUS,POPTCE22.dbf,2022,CE,populacao_residente_uf,DBF,ignorado,data/ignored/populacao_datasus/POPTCE22.dbf,UF fora do recorte principal.
Populacao DATASUS,POPTCE23.dbf,2023,CE,populacao_residente_uf,DBF,ignorado,data/ignored/populacao_datasus/POPTCE23.dbf,UF fora do recorte principal.
Populacao DATASUS,POPTDF22.dbf,2022,DF,populacao_residente_uf,DBF,ignorado,data/ignored/populacao_datasus/POPTDF22.dbf,UF fora do recorte principal.
Populacao DATASUS,POPTDF23.dbf,2023,DF,populacao_residente_uf,DBF,ignorado,data/ignored/populacao_datasus/POPTDF23.dbf,UF fora do recorte principal.
Populacao DATASUS,POPTES22.dbf,2022,ES,populacao_residente_uf,DBF,ignorado,data/ignored/populacao_datasus/POPTES22.dbf,UF fora do recorte principal.
Populacao DATASUS,POPTES23.dbf,2023,ES,populacao_residente_uf,DBF,ignorado,data/ignored/populacao_datasus/POPTES23.dbf,UF fora do recorte principal.
Populacao DATASUS,POPTGO22.dbf,2022,GO,populacao_residente_uf,DBF,ignorado,data/ignored/populacao_datasus/POPTGO22.dbf,UF fora do recorte principal.
Populacao DATASUS,POPTGO23.dbf,2023,GO,populacao_residente_uf,DBF,ignorado,data/ignored/populacao_datasus/POPTGO23.dbf,UF fora do recorte principal.
Populacao DATASUS,POPTMA22.dbf,2022,MA,populacao_residente_uf,DBF,ignorado,data/ignored/populacao_datasus/POPTMA22.dbf,UF fora do recorte principal.
Populacao DATASUS,POPTMA23.dbf,2023,MA,populacao_residente_uf,DBF,ignorado,data/ignored/populacao_datasus/POPTMA23.dbf,UF fora do recorte principal.
Populacao DATASUS,POPTMG22.dbf,2022,MG,populacao_residente_uf,DBF,ignorado,data/ignored/populacao_datasus/POPTMG22.dbf,UF fora do recorte principal.
Populacao DATASUS,POPTMG23.dbf,2023,MG,populacao_residente_uf,DBF,ignorado,data/ignored/populacao_datasus/POPTMG23.dbf,UF fora do recorte principal.
Populacao DATASUS,POPTMS22.dbf,2022,MS,populacao_residente_uf,DBF,ignorado,data/ignored/populacao_datasus/POPTMS22.dbf,UF fora do recorte principal.
Populacao DATASUS,POPTMS23.dbf,2023,MS,populacao_residente_uf,DBF,ignorado,data/ignored/populacao_datasus/POPTMS23.dbf,UF fora do recorte principal.
Populacao DATASUS,POPTMT22.dbf,2022,MT,populacao_residente_uf,DBF,ignorado,data/ignored/populacao_datasus/POPTMT22.dbf,UF fora do recorte principal.
Populacao DATASUS,POPTMT23.dbf,2023,MT,populacao_residente_uf,DBF,ignorado,data/ignored/populacao_datasus/POPTMT23.dbf,UF fora do recorte principal.
Populacao DATASUS,POPTPA22.dbf,2022,PA,populacao_residente_uf,DBF,ignorado,data/ignored/populacao_datasus/POPTPA22.dbf,UF fora do recorte principal.
Populacao DATASUS,POPTPA23.dbf,2023,PA,populacao_residente_uf,DBF,ignorado,data/ignored/populacao_datasus/POPTPA23.dbf,UF fora do recorte principal.
Populacao DATASUS,POPTPB22.dbf,2022,PB,populacao_residente_uf,DBF,ignorado,data/ignored/populacao_datasus/POPTPB22.dbf,UF fora do recorte principal.
Populacao DATASUS,POPTPB23.dbf,2023,PB,populacao_residente_uf,DBF,ignorado,data/ignored/populacao_datasus/POPTPB23.dbf,UF fora do recorte principal.
Populacao DATASUS,POPTPE22.dbf,2022,PE,populacao_residente_uf,DBF,ignorado,data/ignored/populacao_datasus/POPTPE22.dbf,UF fora do recorte principal.
Populacao DATASUS,POPTPE23.dbf,2023,PE,populacao_residente_uf,DBF,ignorado,data/ignored/populacao_datasus/POPTPE23.dbf,UF fora do recorte principal.
Populacao DATASUS,POPTPI22.dbf,2022,PI,populacao_residente_uf,DBF,ignorado,data/ignored/populacao_datasus/POPTPI22.dbf,UF fora do recorte principal.
Populacao DATASUS,POPTPI23.dbf,2023,PI,populacao_residente_uf,DBF,ignorado,data/ignored/populacao_datasus/POPTPI23.dbf,UF fora do recorte principal.
Populacao DATASUS,POPTPR22.dbf,2022,PR,populacao_residente_uf,DBF,ignorado,data/ignored/populacao_datasus/POPTPR22.dbf,UF fora do recorte principal.
Populacao DATASUS,POPTPR23.dbf,2023,PR,populacao_residente_uf,DBF,ignorado,data/ignored/populacao_datasus/POPTPR23.dbf,UF fora do recorte principal.
Populacao DATASUS,POPTRJ22.dbf,2022,RJ,populacao_residente_uf,DBF,ignorado,data/ignored/populacao_datasus/POPTRJ22.dbf,UF fora do recorte principal.
Populacao DATASUS,POPTRJ23.dbf,2023,RJ,populacao_residente_uf,DBF,ignorado,data/ignored/populacao_datasus/POPTRJ23.dbf,UF fora do recorte principal.
Populacao DATASUS,POPTRN22.dbf,2022,RN,populacao_residente_uf,DBF,ignorado,data/ignored/populacao_datasus/POPTRN22.dbf,UF fora do recorte principal.
Populacao DATASUS,POPTRN23.dbf,2023,RN,populacao_residente_uf,DBF,ignorado,data/ignored/populacao_datasus/POPTRN23.dbf,UF fora do recorte principal.
Populacao DATASUS,POPTRO22.dbf,2022,RO,populacao_residente_uf,DBF,ignorado,data/ignored/populacao_datasus/POPTRO22.dbf,UF fora do recorte principal.
Populacao DATASUS,POPTRO23.dbf,2023,RO,populacao_residente_uf,DBF,ignorado,data/ignored/populacao_datasus/POPTRO23.dbf,UF fora do recorte principal.
Populacao DATASUS,POPTRR22.dbf,2022,RR,populacao_residente_uf,DBF,ignorado,data/ignored/populacao_datasus/POPTRR22.dbf,UF fora do recorte principal.
Populacao DATASUS,POPTRR23.dbf,2023,RR,populacao_residente_uf,DBF,ignorado,data/ignored/populacao_datasus/POPTRR23.dbf,UF fora do recorte principal.
Populacao DATASUS,POPTSC22.dbf,2022,SC,populacao_residente_uf,DBF,ignorado,data/ignored/populacao_datasus/POPTSC22.dbf,UF fora do recorte principal.
Populacao DATASUS,POPTSC23.dbf,2023,SC,populacao_residente_uf,DBF,ignorado,data/ignored/populacao_datasus/POPTSC23.dbf,UF fora do recorte principal.
Populacao DATASUS,POPTSE22.dbf,2022,SE,populacao_residente_uf,DBF,ignorado,data/ignored/populacao_datasus/POPTSE22.dbf,UF fora do recorte principal.
Populacao DATASUS,POPTSE23.dbf,2023,SE,populacao_residente_uf,DBF,ignorado,data/ignored/populacao_datasus/POPTSE23.dbf,UF fora do recorte principal.
Populacao DATASUS,POPTSP22.dbf,2022,SP,populacao_residente_uf,DBF,ignorado,data/ignored/populacao_datasus/POPTSP22.dbf,UF fora do recorte principal.
Populacao DATASUS,POPTSP23.dbf,2023,SP,populacao_residente_uf,DBF,ignorado,data/ignored/populacao_datasus/POPTSP23.dbf,UF fora do recorte principal.
Populacao DATASUS,POPTTO22.dbf,2022,TO,populacao_residente_uf,DBF,ignorado,data/ignored/populacao_datasus/POPTTO22.dbf,UF fora do recorte principal.
Populacao DATASUS,POPTTO23.dbf,2023,TO,populacao_residente_uf,DBF,ignorado,data/ignored/populacao_datasus/POPTTO23.dbf,UF fora do recorte principal.
